area,perimeter,extent,circularity,solidity,convexity,equivalent_diameter,aspect_ratio,eccentricity,vein_density,skeleton_length,branch_points,endpoints,hu_0,hu_1,hu_2,hu_3,hu_4,hu_5,hu_6,filename,label
212653.0,2969.8460087776184,0.5367179021212571,0.30297968925776764,0.7227686764981213,0.6813356893090926,520.3443176460819,1.1546174097069193,0.6132566097419696,0.008408063841053698,1788,16,9,0.19538886186874496,0.002810590499173036,7.983705405967101e-05,1.3150878908007154e-05,2.280899979591702e-10,-5.637038684341924e-07,-3.599379100304567e-10,Acer_Campestre_01.ab.jpg,Acer_Campestre
141339.5,2185.5058277845383,0.5592000886218592,0.37185144788844904,0.7499469400276445,0.7402393524287959,424.2157948887518,1.0889649046149317,0.44729483099242484,0.009020832817372208,1275,10,6,0.1896524119632526,0.0013238333813850934,0.00030312830229432727,2.2676050458813053e-05,9.154518865550305e-11,-7.155109873758869e-07,-1.8777980574006837e-09,Acer_Campestre_02.ab.jpg,Acer_Campestre
121480.0,2070.694645047188,0.5354089170154285,0.3560266652889521,0.7219199695690532,0.7360985309257086,393.2850618755149,1.1965996639027294,0.6277921319029774,0.009639446822442877,1171,9,6,0.19622455731367655,0.0037215684331442667,1.109518390781781e-06,5.0022906811963284e-05,3.1597665716108537e-10,-2.765740152315337e-06,-1.9758353875584517e-10,Acer_Campestre_03.ab.jpg,Acer_Campestre
161516.5,2317.388078212738,0.5828732172737208,0.3779455378185925,0.757008644948798,0.7369844064688584,453.4856060860333,1.107432567170558,0.5408910904845613,0.00846972290751428,1368,11,6,0.1871982584731825,0.0018640642657857434,7.097752512646481e-05,2.1316938552597467e-05,6.05465251764909e-10,-9.194320380977334e-07,5.66522448569156e-10,Acer_Campestre_04.ab.jpg,Acer_Campestre
120022.0,2005.15553855896,0.5743229017103344,0.37512377572104944,0.729153820213122,0.756224349158917,390.917838731112,1.1310730769126713,0.5394377462109011,0.009781540050909154,1174,9,6,0.19124794905552833,0.002605661065184853,0.0003185649380796708,1.1165755242734073e-05,5.26561942671097e-10,-5.605127234383135e-07,-4.0767697898221554e-10,Acer_Campestre_05.ab.jpg,Acer_Campestre
171889.5,2422.785046696663,0.6351856710481936,0.36798442984738894,0.7695126346079364,0.7339609012221866,467.8210221064833,1.2014863716968305,0.6676035012833628,0.0083891104459063,1442,9,7,0.19016913289732734,0.003620936647967933,1.1967367173453848e-05,1.9761639619623186e-05,3.71143597186406e-11,-7.327044861151557e-07,3.016273201001664e-10,Acer_Campestre_06.ab.jpg,Acer_Campestre
157878.5,2266.4763884544373,0.5945339860644152,0.3862161741618457,0.7530161713011067,0.756309275977495,448.3493609491045,1.195074337641838,0.6301707306217813,0.00831018789760284,1312,11,6,0.1913195776866839,0.0032290634262374645,8.762705120717108e-05,1.8688564074087127e-05,4.2409669734367164e-10,-9.709740914942588e-07,-6.261808371928437e-10,Acer_Campestre_07.ab.jpg,Acer_Campestre
186744.0,2598.0815093517303,0.6093226920020056,0.34765699900388,0.7706774131612792,0.7057171997583803,487.6164943293276,1.07530587585445,0.47433978601900567,0.008605363492221407,1607,12,8,0.18538496930486176,0.0014430661225726487,0.00029824414518011774,5.924595859781546e-06,-6.699684200611076e-11,-9.018775996062671e-08,2.398619584397491e-10,Acer_Campestre_08.ab.jpg,Acer_Campestre
96970.0,1842.1017186641693,0.5511381397564515,0.35910383582565136,0.7670736578918956,0.7167274805800844,351.37734510490105,1.1250776269796356,0.4885945306283268,0.01179746313280605,1144,21,8,0.1850939659145094,0.001543987080444299,9.75326029600886e-05,1.7059365278024286e-05,-2.6620534646913263e-11,-3.316249673228059e-07,6.953463521419891e-10,Acer_Campestre_09.ab.jpg,Acer_Campestre
112362.0,1966.645873785019,0.5392271662737588,0.3650707133061014,0.7685709595285194,0.7335209357544606,378.23767888132505,1.0587914511368632,0.4000225040702062,0.010110179597994784,1136,15,7,0.1909244126812272,0.0008485807186956746,0.000814607307522201,8.88646602814786e-06,7.502059757345139e-10,-2.494404256504479e-07,-9.406399110903731e-11,Acer_Campestre_10.ab.jpg,Acer_Campestre
217930.5,2802.005391597748,0.5904567474407446,0.34881081831688954,0.756594101888941,0.7108379730174754,526.7615500431921,1.081429436786222,0.4284923545986492,0.007722645522275575,1683,15,8,0.1822998508581382,0.0012457801478997694,0.00028006172494712687,6.8125723382769705e-06,2.0103736534714303e-10,-2.2175467063370962e-07,2.1939390837737914e-10,Acer_Campestre_11.ab.jpg,Acer_Campestre
188293.5,2445.044930577278,0.6205950403396726,0.39579609384515624,0.783408882404381,0.7512427599418229,489.63530327846087,1.2051393026962431,0.563656439226469,0.00747768775869864,1408,10,6,0.18814907803882006,0.002584105768374097,5.765674689594993e-05,1.1698402466714305e-05,2.9018632172480093e-10,-5.943940087921168e-07,-8.998818248697893e-11,Acer_Campestre_12.ab.jpg,Acer_Campestre
194528.0,2495.9982483386993,0.6343524992152955,0.39237690142804454,0.7930482711353918,0.730770029786911,497.67533810531717,1.1393815130488854,0.5387272096920916,0.008271302845820287,1609,17,9,0.18335844452046415,0.002284523470905952,9.065579833279133e-05,6.8746791059458795e-06,1.4487160083277538e-10,-3.244554314407113e-07,9.201522901417908e-11,Acer_Campestre_13.ab.jpg,Acer_Campestre
226846.0,2821.679486989975,0.5876991631892337,0.35803511896465207,0.7693085088317926,0.7116827137013866,537.4284117582478,1.0406209027010684,0.30480582171336645,0.007661585392699621,1738,8,8,0.1796029115325921,0.0006019258274765988,0.00014469265065822042,1.1668053156625774e-05,4.786839472753124e-10,-2.85219658140445e-07,-2.6649134480984876e-11,Acer_Campestre_14.ab.jpg,Acer_Campestre
123861.5,1886.6042429208755,0.5656809462889766,0.4373051435602418,0.8073571205036805,0.7715707613346107,397.12134149427726,1.0801336511922628,0.5158210096763802,0.009639799291873264,1194,15,7,0.17733236636337754,0.00015885977369853072,0.00040899132522984456,2.392317692421315e-05,2.128004201742042e-09,9.93717695728347e-08,1.0350720231505743e-09,Acer_Campestre_15.ab.jpg,Acer_Campestre
125048.5,2018.677398443222,0.5664557248701442,0.38561552412007033,0.7660501843886469,0.7403665137066993,399.01966769799077,1.0678077342372236,0.3271315393363442,0.009268403859228473,1159,16,8,0.1858055780707058,0.0004367492092771204,0.00022028703530304909,1.2738250374175965e-05,4.786725375554937e-10,-2.658003611171463e-07,-4.755988124191322e-10,Acer_Campestre_16.ab.jpg,Acer_Campestre
139861.5,1732.6976058483124,0.6258121241380933,0.5854131788868968,0.9409095495917056,0.8695419089959165,421.99193426649396,1.4235268686243108,0.7565454712693193,0.006921132691935085,968,20,8,0.17602373543878946,0.003413532751251418,0.0007029488381042626,5.992069636133684e-05,1.229348296109044e-08,3.500473086002174e-06,3.255149748627544e-10,acer_capillipes_01.ab.jpg,Acer_Capillipes
139904.5,1771.7270439863205,0.6221959832042632,0.5600772328846895,0.93546564496954,0.8754900345800508,422.0567993604659,1.7275974063981583,0.8318314016065829,0.006554471085586564,917,15,7,0.1868297624391954,0.008103783247240667,0.00045734140258401273,8.315357111878557e-05,1.6165637045018498e-08,7.453165800405017e-06,-1.2760367691086574e-09,acer_capillipes_02.ab.jpg,Acer_Capillipes
139700.0,1752.9402470588684,0.5974349215012533,0.5713102886309694,0.9277645324257505,0.8650861949974958,421.7482239435067,1.406171726177215,0.7327319950450318,0.006471009305608654,904,6,5,0.17315834137321234,0.0024724339522483054,0.0005798089315430192,5.051216084280936e-05,8.585302280814526e-09,2.5019243695017136e-06,-1.009335503364603e-09,acer_capillipes_03.ab.jpg,Acer_Capillipes
139694.5,1713.7270444631577,0.6321933492603807,0.597731124705008,0.9342301493293326,0.8903063993491096,421.73992173139857,1.5983827493261455,0.7990156156446431,0.00675760319835958,944,9,5,0.17741630075660114,0.004099107711743085,0.0006201633859765354,6.310444324257384e-05,1.2452146502423202e-08,3.94572414294733e-06,8.868819872070845e-10,acer_capillipes_04.ab.jpg,Acer_Capillipes
139882.0,1752.9402469396591,0.6142179678553867,0.5720545870089242,0.928997894702709,0.8703744502279785,422.02285956645056,1.396049017446527,0.7690676347083214,0.0075134756437031675,1051,20,7,0.17606848795967667,0.0031899301434867283,0.0007589719124629411,6.644157569877761e-05,1.4860404182181681e-08,3.6884185497383184e-06,1.3337166301455173e-09,acer_capillipes_05.ab.jpg,Acer_Capillipes
139855.5,1756.6976062059402,0.6058022177917101,0.5695021857825662,0.9298933839478861,0.8711344065493535,421.98288253045115,1.4668343619228124,0.7828862079593694,0.006449513962579595,902,13,6,0.17780346257755053,0.0036709625737711064,0.0008140556290983637,8.67469520101081e-05,2.304001254535667e-08,5.223493283123859e-06,-7.429374448903353e-10,acer_capillipes_06.ab.jpg,Acer_Capillipes
139805.0,1770.59710085392,0.6144194427326429,0.5603934755359375,0.9289615670786667,0.8736792704227809,421.9066893896083,1.6004132340461898,0.8179247088010204,0.00678087335927341,948,16,7,0.1821186183491034,0.005698183039952611,0.0006847767108586206,0.00010264145863315115,2.7206089447965306e-08,7.735989395079467e-06,-5.618519255072535e-10,acer_capillipes_07.ab.jpg,Acer_Capillipes
139990.0,1792.9402475357056,0.6191152211477486,0.5472367374157726,0.9296750221581976,0.8728821515057884,422.1857456943276,1.9209762612015115,0.8473166892968518,0.007057646974733498,988,11,5,0.18858627192104016,0.009079306978091948,0.00032974378792772254,6.646232261211793e-05,9.839006431611564e-09,6.326046158782874e-06,-1.2277449977170742e-11,acer_capillipes_08.ab.jpg,Acer_Capillipes
139568.0,1703.9108097553253,0.6312780431292911,0.6040904956645845,0.9343964865001345,0.8810453120288785,421.548925724639,1.4008918960961325,0.7691586873558933,0.007494554625648468,1046,19,8,0.17379685476550277,0.003252702585024497,0.00041066311715792325,4.040737171773497e-05,5.181773576477674e-09,2.252120036695647e-06,-4.928205372685651e-10,acer_capillipes_09.ab.jpg,Acer_Capillipes
139840.5,1743.1828882694244,0.6176400439880675,0.578304969104756,0.938243483505396,0.8685926149738745,421.9602523408307,1.4496733579411227,0.7886500372616957,0.006857813008342662,959,16,7,0.1768753500086509,0.004144798751127953,0.0005526762550695272,5.757309952066831e-05,1.026382091485947e-08,3.701606797149588e-06,-3.5234708838678935e-10,acer_capillipes_10.ab.jpg,Acer_Capillipes
139709.0,1728.1362075805664,0.5974555251428436,0.587865954109643,0.9300447684129343,0.8743151611998295,421.76180902898835,1.4084102797215272,0.7507626040579636,0.006671009025856094,932,15,6,0.1722652172808467,0.00245822473987545,0.0004958161937193114,4.187910894759421e-05,6.031898652996051e-09,2.063148663152647e-06,1.8422766064189294e-10,acer_capillipes_11.ab.jpg,Acer_Capillipes
139954.0,1724.7392361164093,0.6240981047909739,0.591218878114949,0.9375707596086528,0.8733953048691876,422.13145730194634,1.373829454994462,0.7394164020304383,0.008138388327535202,1139,14,7,0.17470912766959437,0.002885618324207842,0.000667309756258849,5.002705513974081e-05,9.08578658518233e-09,2.685934742752514e-06,9.988398936041303e-10,acer_capillipes_12.ab.jpg,Acer_Capillipes
139684.0,1757.9108090400696,0.5991318669980822,0.5680189882906157,0.9245667044990944,0.8619966646869304,421.7240715998868,1.3608216315106654,0.7584142841266224,0.007917871767647562,1106,24,9,0.17503187284314053,0.0031615757543543396,0.0006295758220838068,5.489511057894326e-05,1.0197195926394468e-08,3.0608846261699497e-06,4.058811376076857e-10,acer_capillipes_13.ab.jpg,Acer_Capillipes
140218.0,1814.1118198633194,0.5708830043622122,0.5354088262847027,0.8781159878577652,0.8506641971360863,422.52941019966295,1.3826533142155113,0.7122260375129662,0.007545393601338306,1058,22,8,0.17322987495441405,0.0018945711186781988,0.0006402476268144216,6.110837147993152e-05,1.2039435038613336e-08,2.6574246408948744e-06,-1.0732974796475734e-09,acer_capillipes_14.ab.jpg,Acer_Capillipes
140045.5,1806.3544610738754,0.585689969551567,0.5393529649780651,0.9165491356090189,0.8642078257184114,422.2694266250023,1.5920112804178632,0.8132687802008857,0.007033428421427083,985,23,9,0.1822948334645931,0.006015488120649893,0.0005553934155529525,8.475091663887551e-05,1.834801889728894e-08,6.573149990628881e-06,1.2006076161812266e-09,acer_capillipes_15.ab.jpg,Acer_Capillipes
139678.0,1687.7097967863083,0.6170395108822049,0.6162292789678353,0.9383903767862061,0.8875724731089528,421.71501411441125,1.3547368640917674,0.7293127199874303,0.008734374776208606,1220,24,9,0.17249276127580065,0.0025294900294362114,0.0005042774322531886,4.3365506787227644e-05,6.412700686559354e-09,2.1799190687731516e-06,4.445633309107392e-11,acer_capillipes_16.ab.jpg,Acer_Capillipes
145851.5,2418.4276163578033,0.594128837252354,0.3133679503697653,0.7527061792451717,0.6649973015143988,430.93375066121314,1.149268250749234,0.5310595695297011,0.012896679156450933,1881,22,11,0.1725685827583175,0.0005652122818663621,2.926658284237398e-05,3.0125772073864276e-06,2.2567102022993624e-11,-6.467393353150387e-08,1.7055903616568377e-11,Acer_Circinatum_01.ab.jpg,Acer_Circinatum
128174.5,2288.1433445215225,0.556723711069119,0.30764158473781206,0.7487418692434932,0.657652808320984,403.97628894114206,1.0586568341416493,0.3595950397735466,0.014542674244763642,1864,30,13,0.17214626896979346,0.0002309008944875964,3.352725583342795e-05,4.861397821967902e-06,4.016122286976314e-11,-7.283319532092037e-08,4.7318429257328756e-11,Acer_Circinatum_02.ab.jpg,Acer_Circinatum
146049.5,2513.4469500780106,0.5557269946099216,0.2905162917425022,0.7141086446278403,0.6606974902792958,431.22615747284874,1.0808026974588694,0.32607730015703146,0.012126025765154102,1771,23,11,0.17712798958454262,9.752895173923315e-06,0.00016317129414279057,7.691492828058348e-06,2.722382009477938e-10,-1.2323400953420943e-08,-1.1524280658091497e-11,Acer_Circinatum_03.ab.jpg,Acer_Circinatum
133319.0,2276.3859857320786,0.5588629828023891,0.32330327572510537,0.7507102012734312,0.6767878122075653,412.00366850860337,1.1250933574861746,0.47397024514569236,0.013043902219390755,1739,37,14,0.17250170604755505,0.0003242518238376439,8.998120972867206e-05,1.475154138752363e-06,-2.430191164758149e-12,-5.370781549187316e-09,1.682077956995208e-11,Acer_Circinatum_04.ab.jpg,Acer_Circinatum
148418.0,2416.3271100521088,0.6001633669747988,0.3194368289700083,0.7620343438608889,0.6682758164470124,434.70871483155634,1.0580109993723,0.465700301679463,0.012949911735686036,1922,35,14,0.17186276699795605,0.0003196685700767355,6.523589859368494e-05,2.12673373214373e-06,1.5993646835734293e-11,-3.751976165010712e-08,1.9280067431959332e-11,Acer_Circinatum_05.ab.jpg,Acer_Circinatum
130051.5,2213.942335009575,0.583342304273832,0.3334207467406535,0.7641659933851536,0.6780687788015377,406.92347272199106,1.1480226754787697,0.44031403072884184,0.013702264102961503,1782,35,13,0.17053058139831445,0.00034350067259908315,3.43566822090844e-05,1.2870092587399037e-06,5.992555906326883e-12,-2.1800388330236717e-08,-6.109877681947593e-12,Acer_Circinatum_06.ab.jpg,Acer_Circinatum
148810.5,2285.1139072179794,0.58694957638252,0.35811930505067024,0.7836771772718916,0.6953208072516026,435.2831414973614,1.126216577548077,0.4426265646982166,0.013077034214567674,1946,42,15,0.17009978294692019,0.00035591040868631566,1.4427508337732728e-05,2.930133842070597e-06,8.22003193999772e-12,-5.3358271623240236e-08,-1.718682194418723e-11,Acer_Circinatum_07.ab.jpg,Acer_Circinatum
140388.5,2342.36874127388,0.5635964736181377,0.3215369369389744,0.752638336764877,0.6711800404748306,422.78622237018607,1.022353654649841,0.4913444092102388,0.012785947566839264,1795,28,12,0.17189651462704553,0.0004954905275968123,1.1495950818045482e-05,3.035317754624409e-06,1.7818194355383627e-11,-6.723035940870362e-08,1.998620688610532e-12,Acer_Circinatum_08.ab.jpg,Acer_Circinatum
139971.5,2269.599188566208,0.5807464110838073,0.3414688922818944,0.7744163722781361,0.6825092676484033,422.15784836468197,1.0939773149585517,0.4353664875804659,0.013231264935981743,1852,39,14,0.16996647771023998,0.00034998317501258206,6.756363944456413e-05,1.5851154932524021e-06,4.893962380092622e-12,-2.9653235326736785e-08,1.5656884200748122e-11,Acer_Circinatum_09.ab.jpg,Acer_Circinatum
129238.5,2199.1727826595306,0.5899658086076939,0.3358018379571866,0.7769701779177933,0.6740320481431673,405.64956415883813,1.090810911373569,0.4399480057278656,0.013548594265535823,1751,24,11,0.16915769051408047,0.0002574654841768922,1.3869754481058608e-05,2.0099009166372834e-06,5.501431846461423e-12,-3.223817544814753e-08,-9.074598288727324e-12,Acer_Circinatum_10.ab.jpg,Acer_Circinatum
216879.5,2943.9566185474396,0.5650405127255164,0.3144601051151319,0.758372963141624,0.6621604551786573,525.4898246801642,1.1997260924789888,0.552414880101996,0.01099227912268798,2384,29,12,0.17158275765210274,0.0008963869206125021,9.61562829256502e-06,2.0749885339585116e-06,5.0268631261185425e-12,-6.158463320141036e-08,-7.786969811442462e-12,Acer_Circinatum_11.ab.jpg,Acer_Circinatum
168783.5,2453.966719150543,0.6119645692964911,0.35221067563934455,0.790466177100511,0.6872901855737579,463.5750496940138,1.1814036556304086,0.5513856762610104,0.012927803961803565,2182,40,15,0.17063887199247638,0.0010330593861194123,3.067049037867383e-05,2.7424556964742823e-07,-1.8736828988135813e-13,-5.814495158005555e-09,-7.729865868145568e-13,Acer_Circinatum_12.ab.jpg,Acer_Circinatum
130727.5,2204.4864896535873,0.5624139562873756,0.3380352082383111,0.7670833785598232,0.6814938098250977,407.97968403385727,1.115275959968938,0.4850022402146691,0.013593161346972955,1777,26,11,0.17188213388644874,0.0006599040412786154,3.178369310737661e-05,3.0214772345323598e-06,2.8086167442922917e-11,-7.757164505252374e-08,9.374970550379215e-12,Acer_Circinatum_13.ab.jpg,Acer_Circinatum
164266.5,2394.0255937576294,0.5915846754422787,0.36016482005655814,0.7826257852234005,0.6968679409873013,457.32986309144366,1.1845715599221467,0.444766614244503,0.012851068233554308,2111,48,16,0.16850288268564712,0.00029126723918366593,1.4835099505791894e-05,7.53597502628744e-07,1.2299304509148115e-12,-8.083677287018942e-09,2.199163950658436e-12,Acer_Circinatum_14.ab.jpg,Acer_Circinatum
159426.0,2522.6113806962967,0.5596486793863836,0.314824347837559,0.754793625539704,0.6631307546231116,450.5413273595976,1.0267153985981397,0.4635380632488845,0.01255127770870152,2001,36,14,0.17184945847553795,0.0005260185434058953,5.0397785236810164e-05,1.8832095186985928e-06,1.4792156910900556e-11,-3.102450525798744e-08,1.0852966024990364e-11,Acer_Circinatum_15.ab.jpg,Acer_Circinatum
100315.5,1885.6925526857376,0.5830940478924489,0.35451623989524284,0.7823274349334982,0.6899540275554504,357.38727110780013,1.0588585463774134,0.3909438613817114,0.014843169799135298,1489,36,13,0.16972785899397821,0.0001893628077892843,2.3171261025133246e-05,3.1821337752202686e-06,2.6654704305803898e-11,-4.376284428171595e-08,6.012980594637048e-12,Acer_Circinatum_16.ab.jpg,Acer_Circinatum
53757.0,1204.513841509819,0.5171727083764607,0.4656089268609131,0.7931919790950204,0.8237977946436765,261.62098196881715,1.2700892439879956,0.7774368872243369,0.010733485871407752,577,6,4,0.2006263897340902,0.008130023616216927,0.00036574942114833784,5.8660862209045585e-05,-4.357561136918362e-09,-3.876424401661694e-06,-7.405470870788059e-09,Acer_Mono_01.ab.jpg,Acer_Mono
71662.0,1514.7636231184006,0.43114557826144073,0.3924723398977856,0.7202138671900764,0.8140403374411767,302.0643842872099,1.3966599172289607,0.7647192298385503,0.010968156065823336,786,7,4,0.2040744256791337,0.009124384513247638,0.0005338001770289904,7.423162337216072e-05,-8.477729425848922e-09,-4.521024718938981e-06,1.2102655854309071e-08,Acer_Mono_02.ab.jpg,Acer_Mono
69942.0,1513.6509259939194,0.46257936507630565,0.383615767207814,0.7201532109356354,0.7923698266506951,298.417359142974,1.0520024508991017,0.7708127510342234,0.010766063309445455,753,6,4,0.2132745667519006,0.010232182723198606,0.0015027969369540296,0.0001515035830066703,-5.318378122463845e-08,-1.3302892949890342e-05,-4.896407551132857e-08,Acer_Mono_03.ab.jpg,Acer_Mono
74377.5,1449.040753364563,0.46865548442088,0.44513346008180443,0.7554236324041173,0.8198024666475986,307.7342591239064,1.3087775776841957,0.6861469255097755,0.01019125407535624,758,8,4,0.19590226848915795,0.00649694511841352,6.284431958164049e-05,4.424103819879178e-05,-9.665718277436132e-10,3.200152966924863e-07,2.123094712498128e-09,Acer_Mono_04.ab.jpg,Acer_Mono
67065.5,1256.2712022066116,0.529931650266446,0.5340011863709292,0.8137239437888117,0.8823317756193405,292.2164380856013,1.2545911308564623,0.7169783990358937,0.01003496581685017,673,7,4,0.19473214450015341,0.006658193365719357,0.00013602915469073832,7.353687592924249e-06,2.2715199820795462e-10,-5.751997749818694e-07,-4.995772358708402e-11,Acer_Mono_05.ab.jpg,Acer_Mono
77291.5,1391.751430630684,0.49852618678729016,0.5014391596490224,0.8172292564212712,0.844020354405718,313.7046290252948,1.349670474857298,0.7436364753184346,0.009444764301256351,730,4,4,0.19494083893486636,0.006945473842734077,1.1335109784777597e-05,1.2390396975995716e-05,1.4011893353359056e-10,-1.0319447322051366e-06,-4.391246698567803e-11,Acer_Mono_06.ab.jpg,Acer_Mono
61611.0,1197.2001321315765,0.5134249999957214,0.5401751605053452,0.846927343571898,0.8618839384776068,280.08134816634634,1.2719341726415627,0.6895661572020879,0.01058252584748531,652,11,4,0.18445397163246344,0.003191392563146852,0.00014981987462498264,4.783543442512612e-06,6.818808357306019e-11,-2.264795817863868e-07,1.0839479568218934e-10,Acer_Mono_07.ab.jpg,Acer_Mono
66397.5,1320.0113159418106,0.4935442868574499,0.4788574881629656,0.8097404220710167,0.8446578782404375,290.75749804872265,1.4445784234307857,0.7948808178212154,0.010708234496619479,711,8,4,0.20703009362991684,0.011627999176174596,1.5168300377513997e-05,1.716098101069653e-05,-2.3429900041379214e-10,-1.0953811789546694e-07,1.4752286799150873e-10,Acer_Mono_08.ab.jpg,Acer_Mono
70876.0,1358.111820936203,0.504706971441254,0.4828786510550176,0.818415385405352,0.8364765022237765,300.4032722402494,1.4384891654527345,0.7610603618110813,0.009678875782921174,686,5,4,0.2037963426396374,0.009677895013744643,3.9570453171270836e-05,8.260752908023435e-06,5.984492974917848e-11,-6.193671812165279e-07,1.36839346224962e-10,Acer_Mono_09.ab.jpg,Acer_Mono
57971.0,1140.0285604000092,0.55385600182908,0.560517521397893,0.8688699040637161,0.860097640634842,271.6817433097817,1.3481872015455054,0.7717017730164198,0.009211502302716678,534,7,4,0.1916008010396031,0.007683094036409535,9.963899302349471e-06,6.84829590268241e-06,-5.646512671747453e-11,-2.846612971923366e-07,3.4478543161025745e-12,Acer_Mono_10.ab.jpg,Acer_Mono
86674.5,1534.177834868431,0.4970324112275379,0.46275359476036504,0.7965454495253642,0.8281045404115687,332.2008442496013,1.460667323281918,0.7527483843650199,0.008964574355675953,777,6,4,0.20970302205173855,0.010265593383490151,2.2455645287075267e-05,2.1121521652661256e-05,2.927073856350529e-10,-2.112939073838436e-06,-3.548454792275317e-10,Acer_Mono_11.ab.jpg,Acer_Mono
76687.0,1245.6854147911072,0.6121199543377518,0.6210332509212938,0.8921553800052102,0.8883604874643235,312.47547258481814,1.4257738902471533,0.7708482426608088,0.008554253002353017,656,5,4,0.18284219255646186,0.006158127892825102,4.2610747987421906e-05,6.479191868320608e-06,-4.910057323523037e-11,-3.0304496772370983e-07,-9.580755117156654e-11,Acer_Mono_12.ab.jpg,Acer_Mono
72215.0,1355.08238363266,0.4814718510782098,0.4942035728529147,0.7855091696131409,0.8494831328614284,303.22762691260465,1.2581841612102567,0.6716566640173859,0.01017794087086924,735,6,4,0.1946266787647832,0.0058969686869839106,2.309457966295386e-05,1.9398971177009844e-05,1.89873894467515e-10,-1.3381397883819209e-06,3.6406520412511103e-10,Acer_Mono_13.ab.jpg,Acer_Mono
70182.0,1380.2783435583115,0.4947411459473357,0.462916068790189,0.7867540314582028,0.8240633215832314,298.92891751820065,1.0950602543178285,0.6243960436977781,0.010444273460282634,733,7,4,0.1867428489404916,0.0031858418673040368,0.0009007501777405662,6.397979612680075e-05,-1.1289378229927395e-08,-2.777231763340069e-06,-1.0414059700495118e-08,Acer_Mono_14.ab.jpg,Acer_Mono
88608.5,1577.0895247459412,0.4893983077032001,0.4476850115884234,0.7871797946884926,0.8082826800206021,335.8866567752665,1.3764341272324878,0.6821554571410559,0.00894948001592455,793,8,4,0.2060599378564469,0.006481963810816164,0.000146915799862539,4.774587781936921e-05,-2.0644008474776987e-09,-3.0151782117000225e-06,-3.4248019755547965e-09,Acer_Mono_15.ab.jpg,Acer_Mono
64582.5,1336.2367119789124,0.47958607783519164,0.4545251488705168,0.7743519339970942,0.8379667964087332,286.75598145088213,1.207994744296414,0.7421337711370317,0.010869817674898466,702,4,4,0.19588168995045285,0.006400697484402175,0.0003274411786571072,4.643018865026851e-05,-4.654023211087779e-09,-2.648152870287889e-06,3.3338355746171485e-09,Acer_Mono_16.ab.jpg,Acer_Mono
139976.0,1761.1900289058685,0.652197817555273,0.5670887174268958,0.8845496396366117,0.8208092835661245,422.16463437129494,1.104337801362627,0.49084706862238353,0.007422701034410022,1039,14,6,0.16810226101891512,0.0009299958678459892,6.208667615481348e-05,1.3938575563791073e-06,1.0128299515827641e-11,-4.241233961173331e-08,-8.09634440015146e-12,acer_opalus_01.ab.jpg,Acer_Opalus
139826.5,1727.0651412010193,0.631947049436047,0.5890903572867149,0.888729637133413,0.8398891437910447,421.93912973545275,1.0040765102988687,0.30632251942936983,0.008775160645451504,1227,17,8,0.16422256915185024,3.084262134686467e-05,4.520933687745269e-05,3.2249988117341595e-06,3.850283531676978e-11,1.16249240993881e-08,5.826000370994693e-12,acer_opalus_02.ab.jpg,Acer_Opalus
139935.0,1752.7047480344772,0.6599088902690854,0.5724251278898461,0.8952688653536658,0.820767168491536,422.1028022798652,1.1659165724896081,0.5374976926402876,0.00921856576260965,1290,15,8,0.16800008355168483,0.0009981224474583067,9.570611472894812e-05,7.932117097113795e-07,-5.1926399589106036e-12,-4.073911561089372e-09,4.560831973136864e-12,acer_opalus_03.ab.jpg,Acer_Opalus
139717.5,1721.574805855751,0.6574415223221792,0.5923915749227645,0.8830081716949294,0.8384733913777311,421.7746389857208,1.1350603335532363,0.3936919332301201,0.007822928409055251,1093,17,7,0.16731140993109492,0.0004798588038830342,2.6793822952871684e-05,3.667134382919359e-06,3.074588881466268e-11,-7.724299361836396e-08,-1.9391546463095106e-11,acer_opalus_04.ab.jpg,Acer_Opalus
139361.0,1656.4204790592194,0.7030267870619834,0.638278088194092,0.9135431006167581,0.8555026660314509,421.2362000040322,1.0178297483612124,0.2915389956462264,0.006780950194051557,945,13,7,0.16421682382499805,3.237670444633961e-05,6.274867926789076e-05,1.8130953729061442e-06,1.6141160908808003e-11,-5.5702248444455725e-09,1.0651692980938494e-11,acer_opalus_05.ab.jpg,Acer_Opalus
139994.5,1782.1778374910355,0.6481226851821846,0.5538839242667384,0.8572500175996837,0.8255617206258404,422.1925312525397,1.0692621489413594,0.3698650036909201,0.007164567179373728,1003,12,5,0.16779020248133297,0.00037243030928049605,1.3455956721229607e-05,5.7584114976000545e-06,5.0661739585977846e-11,-9.225932306238481e-08,-1.6536648718137637e-12,acer_opalus_06.ab.jpg,Acer_Opalus
140413.5,1847.7169392108917,0.6358270390668377,0.516830158840201,0.841393919051537,0.806551071631317,422.82386500133924,1.0473134216585018,0.28028091710638564,0.006808462149246273,956,8,5,0.17149785418543947,0.00034221805909756976,0.0001165340761825675,1.0018727223866498e-05,3.1481418343914855e-10,-1.7080196993642212e-07,1.344694792861368e-10,acer_opalus_07.ab.jpg,Acer_Opalus
140004.5,1779.9179517030716,0.6595275108316396,0.5553309678819496,0.8681615100510142,0.821403622185381,422.20760988034556,1.1150461044164497,0.5027241226959783,0.008021170748025804,1123,11,6,0.16990445569772583,0.0011023664746078231,2.977127973958877e-05,3.6954435784658738e-06,3.8105960210011166e-11,-1.189337974121697e-07,-7.097613751428955e-12,acer_opalus_08.ab.jpg,Acer_Opalus
139893.0,1756.2194674015045,0.6573919172901438,0.5699651131583217,0.8809715732276977,0.8244710832347734,422.03945269564093,1.121597631858188,0.4719763475928911,0.008706654371493164,1218,7,7,0.16691959042249582,0.0007226003613309648,5.054192410403883e-05,1.187949535125556e-06,7.862003150585534e-12,-3.173080564212904e-08,4.7875434968912065e-12,acer_opalus_09.ab.jpg,Acer_Opalus
139321.0,1681.592047572136,0.6545501526866124,0.6191347173437072,0.8995648131350269,0.847934887313207,421.1757431429873,1.0629633012766413,0.4027261624190374,0.007055648466440409,983,12,6,0.16567739910868245,0.0004092753396648567,4.835952214104831e-05,1.7846233455469088e-06,1.0155032623766636e-11,-2.972760049791392e-08,-1.3105027581697627e-11,acer_opalus_10.ab.jpg,Acer_Opalus
139558.5,1701.089520573616,0.6552965206336324,0.6060546931382836,0.8917134167323187,0.8434658937550363,421.53457865745986,1.0403281101813495,0.4936257242010557,0.008885162852790155,1240,19,9,0.16557717541270617,0.0005610345539806623,4.350193891125815e-06,2.651864115809174e-06,8.1168065637591e-12,-4.7000201395133834e-08,3.904342498756865e-12,acer_opalus_11.ab.jpg,Acer_Opalus
139714.0,1729.8763228654861,0.6931461315174106,0.5867048546473397,0.8939350314420283,0.8253263332124057,421.769356109626,1.0041637090436906,0.4535151139207601,0.008674864365713708,1212,21,9,0.16702513177438919,0.000591239473841854,2.1040252223241437e-05,2.5200452496283766e-06,1.734039074817952e-11,-6.120528641641483e-08,-6.003025206563286e-12,acer_opalus_12.ab.jpg,Acer_Opalus
140304.5,1816.1433463096619,0.6433831790242561,0.5345412397153967,0.8629741823328896,0.8035462923464749,422.659718573103,1.0778104509435444,0.39365905427522097,0.008075293379698617,1133,18,8,0.17039349431000034,0.0005222603511106166,7.512288542068765e-05,8.719492319837239e-06,1.5658544091228292e-10,-1.979768788396308e-07,1.590059546881744e-10,acer_opalus_13.ab.jpg,Acer_Opalus
140197.0,1787.6753076314926,0.6518638031131493,0.5512788127292326,0.8675449561214121,0.8160627333039229,422.4977685778182,1.1462912564759777,0.45256555585901337,0.008217008923099517,1152,12,6,0.16883551815853098,0.0007936287115893628,8.472561095254914e-05,2.6302094786683155e-06,3.680097145570799e-11,-7.407480032927528e-08,1.368715741780654e-11,acer_opalus_14.ab.jpg,Acer_Opalus
139842.0,1729.5331732034683,0.703373973922102,0.587475416448431,0.8889665847624956,0.8321714842953688,421.96251541440813,1.0459770179453207,0.4893471536822975,0.008080548047023923,1130,20,9,0.16771309248081134,0.0007677790011346982,5.5691316560952235e-05,1.4473126394434765e-06,1.1274330246321482e-11,-3.9624369885699114e-08,-6.459811822094591e-12,acer_opalus_15.ab.jpg,Acer_Opalus
139704.0,1701.4499154090881,0.680082951189843,0.6064295647401112,0.902407751306242,0.8395846101654909,421.7542618132995,1.082162802173504,0.32104024357118954,0.008825803126547372,1233,27,10,0.1656839057800647,0.00016952348652251806,0.00014224154809078173,2.4363152606693536e-06,2.0043833957529254e-11,-3.053793644272128e-08,4.0684270158762395e-11,acer_opalus_16.ab.jpg,Acer_Opalus
82929.5,2570.7017817497253,0.3960149945064896,0.15769412505020572,0.5546066468896925,0.558145105361509,324.94479350362684,1.0757771558170364,0.4829113690930535,0.019112619755103883,1585,18,9,0.20496982243649747,0.0005428879236399002,0.00026962725021988934,9.473408801380346e-05,1.4599653204695837e-08,-1.4332577785943495e-06,-4.010737960802546e-09,Acer_Palmatum_01.ab.jpg,Acer_Palmatum
92493.5,2715.4713327884674,0.3955925751661794,0.15762700836838775,0.5318301128965973,0.5679131630993238,343.17106788154763,1.1832161517251798,0.4401211792662167,0.017839091395418716,1650,22,9,0.20802802233889012,0.00045887564280001485,0.00021256976870062737,9.572536387198512e-05,1.3651030174387107e-08,-2.0382639628719924e-06,-3.286993135733896e-10,Acer_Palmatum_02.ab.jpg,Acer_Palmatum
72102.0,2377.9494765996933,0.406302300810856,0.16023298725462656,0.5214127652151298,0.5788928984749017,302.9902930037441,1.1259146064518397,0.3938373274782463,0.020096529915673678,1449,12,8,0.2120663882195572,0.0008419231532140683,6.472664432380136e-05,0.0001424970356318851,1.3460567710309748e-08,-4.073446785052407e-06,2.4692257885194983e-09,Acer_Palmatum_03.ab.jpg,Acer_Palmatum
78307.5,2496.1921161413193,0.4052176477872722,0.15792729936185568,0.539593999569058,0.5656568489696863,315.75972771927195,1.1064575053037864,0.5258612339785905,0.018478434377058667,1447,12,8,0.2115962732461012,0.0008867869478738673,0.0002906512739949125,8.235638977426204e-05,8.623623636166916e-09,-1.9776367282643583e-06,-9.380167438061388e-09,Acer_Palmatum_04.ab.jpg,Acer_Palmatum
73970.0,2477.4053180217743,0.4045989837142777,0.15145072326576217,0.5311056144079102,0.5551789752527114,306.89009290633675,1.1108356667579398,0.36923798266340774,0.019886440448561766,1471,15,8,0.2091069916492395,0.0004774223828487715,0.00017069805530185343,0.00012793403036706817,1.6953486591632002e-08,-2.7846246191396017e-06,8.366949892638164e-09,Acer_Palmatum_05.ab.jpg,Acer_Palmatum
64178.0,2213.5230691432953,0.4098447548044917,0.16459928255181858,0.5438260515833659,0.5674546803013327,285.85655056691155,1.0840383907671114,0.4167847322996902,0.020895010751022236,1341,18,8,0.20946245545611403,0.0006022561827410303,4.803426573924531e-05,0.00017325298231257418,1.572302985106269e-08,-4.055246839693152e-06,-1.6083651070019126e-09,Acer_Palmatum_06.ab.jpg,Acer_Palmatum
69022.0,2392.0916100740433,0.4025991448929801,0.15157995985880798,0.5143219075967636,0.5661028410266978,296.4482077137765,1.1677864732475711,0.48535943827576655,0.020587638723586862,1421,15,8,0.21615772907478586,0.0009373987673720112,7.592700150644149e-05,0.0001726412006094766,1.3590902407509772e-08,-5.281983223138186e-06,-1.435182705526262e-08,Acer_Palmatum_07.ab.jpg,Acer_Palmatum
80385.0,2499.003296971321,0.44726665739075105,0.16175258201428777,0.5696135258813678,0.5535952386388874,319.92086647096977,1.151772210105222,0.46697449751859815,0.01908316228128279,1534,15,8,0.20406449439990737,0.0008251761669924388,3.678609854727219e-05,0.00010410958533394927,4.733430603706008e-09,-2.9889881702560307e-06,-4.37091929463208e-09,Acer_Palmatum_08.ab.jpg,Acer_Palmatum
72462.5,2412.4763877391815,0.4168704156455235,0.1564577335279491,0.5396594290014882,0.5588818003237175,303.74680329243256,1.0979105831818299,0.34020569715058946,0.019706744867763235,1428,18,8,0.21051390348727023,0.0005339665705886203,3.6250321018591335e-05,0.00015391023369817986,1.1398096505109154e-08,-3.400425799081468e-06,-1.4992510681139275e-09,Acer_Palmatum_09.ab.jpg,Acer_Palmatum
77361.0,2551.571838736534,0.40403718598002797,0.14931943517237303,0.5258932455913782,0.5538732502512619,313.8456378862974,1.1420393336334957,0.37494630082651853,0.019738627990592953,1527,18,8,0.2135296620401821,0.000928323363595195,3.503103628246926e-05,0.00015025055441863748,1.0388149312031166e-08,-4.345060301472917e-06,-3.302960976264418e-09,Acer_Palmatum_10.ab.jpg,Acer_Palmatum
80229.5,2599.10380256176,0.40460484842779243,0.14924393815363737,0.5330846076887912,0.5523960673161856,319.6112827394079,1.1198978707294485,0.3858158868326618,0.019606254556994544,1573,20,9,0.21353078725086277,9.587582829702245e-05,0.0006287224705062425,0.0001517680831116885,2.9347782620038463e-08,-9.769895860539239e-07,-3.65591191412512e-08,Acer_Palmatum_11.ab.jpg,Acer_Palmatum
71516.0,2349.1210486888885,0.42437441030836287,0.16285544635211013,0.5683067057062845,0.5538701906030742,301.75652317933395,1.0396204566932004,0.3018586183959158,0.019548073158180714,1398,19,9,0.20611738793879292,0.00033422117297277857,0.00029887621844119363,0.00011199919414628284,2.0124361352234563e-08,-2.0116665236506085e-06,3.860127506391308e-09,Acer_Palmatum_12.ab.jpg,Acer_Palmatum
82457.0,2576.601275920868,0.3956366113907011,0.15607845557325561,0.5383329742540146,0.5617514999513084,324.01776670458565,1.076309491332933,0.5334119722070854,0.018809803897561036,1551,21,9,0.21073014769721146,0.001424255524718604,0.0001804934989963976,0.00010097905097720843,1.3600175832578294e-08,-3.6670394976358323e-06,-9.392331543581876e-10,Acer_Palmatum_13.ab.jpg,Acer_Palmatum
68748.5,2259.48143863678,0.4288285085148248,0.16922149786569915,0.5723103946274715,0.5643451261878862,295.8602860155877,1.0156403687566617,0.41785464838990505,0.020276806039109557,1394,16,8,0.20494562704338937,0.0006498127928359999,0.00014701633311657526,0.00010741233947378492,1.0069000198380634e-08,-2.567568223591322e-06,8.98925669466138e-09,Acer_Palmatum_14.ab.jpg,Acer_Palmatum
67457.0,2200.83677482605,0.4493538502501375,0.1750093365704474,0.5800332764345195,0.5713789401589453,293.06811489686123,1.1557655807780174,0.4512834796895909,0.020101694412439013,1356,15,8,0.20219994056762286,0.0006327398570433646,0.00013529498424169866,6.0584777927155454e-05,5.397650830502052e-09,-1.4472206646649593e-06,-9.756568539718266e-10,Acer_Palmatum_15.ab.jpg,Acer_Palmatum
76168.0,2469.4053188562393,0.41996383044186425,0.15696313264278186,0.5535686382773034,0.5528817754083394,311.4162963677204,1.0458174025511613,0.42659146644062224,0.01950950530380856,1486,16,9,0.205399505715352,0.000561120350269541,0.00011458201580646612,9.59062804754835e-05,9.985328533611581e-09,-2.2464759279003588e-06,1.171084166708711e-09,Acer_Palmatum_16.ab.jpg,Acer_Palmatum
145439.0,2921.076457619667,0.3275136802748947,0.21419281312000907,0.4814896353529128,0.7309206758481663,430.3239316453796,1.2486372976705449,0.5728110082350423,0.011489352924514818,1671,8,6,0.24751780638023485,0.00511604432839729,0.004024834856279227,1.2858366637782181e-05,-4.3886123158312973e-10,-4.291201678285666e-07,2.892072708527254e-09,acer_pictum_01.ab.jpg,Acer_Pictum
145592.5,2987.0104415416718,0.3317077449538827,0.205057371433671,0.48965483609342375,0.7156639294275121,430.5509591405577,1.1483309970260402,0.7006916008085446,0.011607740783271063,1690,13,6,0.2577205035203742,0.007636927528886223,0.0036141879159489188,2.9305928553364846e-05,9.53388470596634e-09,-2.540383880769619e-06,-2.65786612928155e-10,acer_pictum_02.ab.jpg,Acer_Pictum
145320.0,2794.9343210458755,0.3492429704389588,0.23377175634795713,0.5238805082328626,0.7274962125213965,430.147847420993,1.1308992072526618,0.6218961674731625,0.010631709331058135,1545,7,6,0.24003344758825418,0.007041784218123181,0.0023102817708541058,1.2749547212761118e-05,6.268434774941144e-10,1.0634691269077522e-06,2.0964286702034914e-09,acer_pictum_03.ab.jpg,Acer_Pictum
144614.0,2669.797236442566,0.3329051565369869,0.2549550651608703,0.5348991612937133,0.7557908306098126,429.10169368382924,1.0670798847142329,0.590052961892801,0.0108564869237359,1570,10,6,0.23090628280029163,0.004354238294364992,0.0033460203544904573,2.8985196359860396e-06,-2.342803653259128e-10,3.0162085806263286e-08,1.6307633845463854e-10,acer_pictum_04.ab.jpg,Acer_Pictum
146500.5,3102.4561817646027,0.36473304868394124,0.1912659483787199,0.4789437120447265,0.6998339050869783,431.89145618253866,1.373647860571276,0.6744078820819951,0.011617707789313907,1702,8,6,0.2568552431411979,0.010549475657978353,0.0017252958291814455,4.098686241546454e-06,-2.257546990444143e-10,3.026287006188796e-07,-2.604412804815271e-10,acer_pictum_05.ab.jpg,Acer_Pictum
145670.5,2965.319097518921,0.32689839188102954,0.20817980901344513,0.48148613339740737,0.7170671299040439,430.66627578827615,1.106788376987478,0.5567123150930864,0.011272014580774611,1642,12,6,0.24529603688906765,0.004772495371162031,0.002669510280964381,2.4830537569610806e-05,1.684055480435567e-09,-1.4077419108999067e-06,-6.167055717883597e-09,acer_pictum_06.ab.jpg,Acer_Pictum
145559.0,2872.6744356155396,0.33294676840796333,0.22165427313390018,0.4908818971707631,0.72831196159938,430.5014226365641,1.0971071207403504,0.5867089126927795,0.011156987887996227,1624,8,6,0.23928117071382243,0.005018099141130632,0.0019807446465144856,2.916198751078391e-06,1.5391181897243846e-10,-1.729055330893214e-07,-1.594790983188111e-10,acer_pictum_07.ab.jpg,Acer_Pictum
145140.0,2840.8510580062866,0.3373215082544592,0.22599563606341586,0.4975080038648306,0.7364634048004493,429.8813644749694,1.144399929675277,0.6246724548656355,0.011196086537059417,1625,14,6,0.24533758944949113,0.005635230487801062,0.0029857981431428214,1.749133633271981e-05,2.818477470833875e-09,-1.21738973729254e-06,-2.8345091716069367e-09,acer_pictum_08.ab.jpg,Acer_Pictum
145469.0,2870.5911729335785,0.3440593942310016,0.2218388612611641,0.5054877084694862,0.728056439543363,430.36831125569574,1.35580735221517,0.6113643600261923,0.011108896053378321,1616,16,7,0.24948099049749486,0.008826720780366235,0.0034319567699989924,1.8766884258517564e-05,4.147275365872263e-09,4.6430961757602914e-07,-2.3418025047157028e-09,acer_pictum_09.ab.jpg,Acer_Pictum
144299.5,2711.613471508026,0.34758400578020576,0.24661479340526252,0.5355841803528054,0.7444415401834372,428.6348442270082,1.1068135060853481,0.6068538004687875,0.011046469322408973,1594,8,6,0.23244363280509467,0.005610564322128018,0.002628110559440659,6.995621067538503e-06,5.213212814253572e-10,-4.705139005178696e-07,-7.924489754157052e-10,acer_pictum_10.ab.jpg,Acer_Pictum
145718.0,2933.904881954193,0.36112432839578223,0.21273111006331843,0.4975390735017284,0.7260155994941162,430.7364855450702,1.3297942439598622,0.695734405295175,0.011199714517004078,1632,10,6,0.25136046532457457,0.007488409957614022,0.004037544173619253,5.332885628811681e-06,2.242150202413618e-10,4.606210384857159e-07,-7.497224765424e-10,acer_pictum_11.ab.jpg,Acer_Pictum
145693.5,2919.662240743637,0.33386382697810224,0.21477553719826714,0.4909902471557321,0.7284296883531789,430.7002735207774,1.102830852292714,0.665238346760807,0.011524192911752931,1679,9,6,0.25029581179987337,0.008015919442953576,0.0030125605493632255,5.13322206162474e-06,3.990431968817081e-10,-4.097169116573157e-07,-4.982410987051835e-10,acer_pictum_12.ab.jpg,Acer_Pictum
146595.5,3074.3973038196564,0.344489641493372,0.19489940888586674,0.48794820799850896,0.6965897175126645,432.0314660765157,1.2326245491410333,0.5651161355588653,0.011808002291940694,1731,13,7,0.24344902955887043,0.005256440048744413,0.002331572803400461,1.2356167160283293e-05,-7.132599258165071e-10,8.585263209171167e-07,1.972236503470031e-09,acer_pictum_13.ab.jpg,Acer_Pictum
145868.0,2889.100841522217,0.319998244997543,0.21960614626687536,0.4850875194734861,0.7363557566223758,430.958125473263,1.2048829815889446,0.665544592029974,0.011085364850336706,1617,9,6,0.2455759658956579,0.007924790765689407,0.0018854213428106175,8.370685710002437e-06,1.0334902517856896e-09,4.669487578738899e-07,-1.9425741611576322e-10,acer_pictum_14.ab.jpg,Acer_Pictum
145275.5,2893.093698501587,0.31680252437955375,0.2181108368979356,0.48951888992058035,0.732061673619265,430.08198227916165,1.099325525070149,0.6164504856955666,0.011578001796506789,1682,17,7,0.2484405259813217,0.0069246634884541315,0.0030881352580754366,6.4734730541107705e-06,8.224389725295441e-10,-5.166218307582862e-07,-4.016620359771826e-10,acer_pictum_15.ab.jpg,Acer_Pictum
144524.5,2782.5596494674683,0.36722541531269287,0.23456454793244685,0.5367490037453279,0.7306687540447715,428.9688899944575,1.387141027744269,0.6711550552343349,0.011423668651256888,1651,10,6,0.2337634679248501,0.0062931973521269885,0.0020905757005595747,2.641307433600338e-05,1.0142303412241944e-09,-1.1800501055660032e-06,-6.123281196928417e-09,acer_pictum_16.ab.jpg,Acer_Pictum
356943.0,4617.898958206177,0.5000672466684878,0.21033903698953252,0.6723774504712623,0.5833570756237902,674.1468258594734,1.2500549614585093,0.6419250978874614,0.010340586592228057,3691,35,16,0.19145388157665388,0.0035795161293844108,9.426599412259894e-05,1.0906997907250052e-05,4.482460616040825e-11,-6.013336814279028e-07,3.4684755448579947e-10,Acer_Platanoids_01.ab.jpg,Acer_Platanoids
184694.5,2932.774938106537,0.537197762722725,0.269840016079133,0.7226824172012041,0.6397034329587777,484.93333675371144,1.3779017214086462,0.7278359192885948,0.013389678631397308,2473,42,17,0.18876685176037988,0.005697639290980091,7.645952124368601e-05,1.2967134211547008e-05,-4.0806300072052685e-10,-8.848221162635124e-07,1.3976133618957743e-11,Acer_Platanoids_02.ab.jpg,Acer_Platanoids
208861.0,3090.7333114147186,0.5245655013046902,0.27475408058794315,0.7196061238211378,0.6663910502055481,515.6840937559843,1.3184627742157056,0.5832073612002783,0.011251502195186025,2350,33,13,0.1950868148621135,0.004375880202750294,0.0005899423770184241,1.0000721150299305e-06,-2.1140762224523742e-11,2.814567597916157e-09,-1.1964037358912195e-11,Acer_Platanoids_03.ab.jpg,Acer_Platanoids
238903.0,3394.1546630859375,0.4963960313739621,0.2605962795497333,0.6842211533071919,0.6509701069311308,551.5258352569393,1.2957912903546265,0.6438394078573406,0.010263579779197986,2452,29,12,0.1966738507287679,0.00463489384387235,3.9881869249051204e-05,2.7216171846926522e-05,-2.026087238658511e-10,-1.3472875490109992e-06,8.734705284060508e-10,Acer_Platanoids_04.ab.jpg,Acer_Platanoids
375417.5,4645.621822595596,0.5212741879935888,0.21859321173440308,0.6740662669248478,0.6017708677035697,691.3728420943456,1.3209501754346291,0.653345195184626,0.009597314989286334,3603,36,16,0.19025848351335647,0.004366160656622408,1.681339202961589e-05,9.823027164094972e-06,-3.3776897931883904e-11,-3.2257436652016496e-07,-1.2163701515831916e-10,Acer_Platanoids_05.ab.jpg,Acer_Platanoids
248342.0,3403.468369245529,0.5228032503883567,0.2694117921361637,0.7068655119049355,0.6449791469558009,562.3156186863564,1.3435282954844694,0.6565473088002786,0.011125786214127591,2763,37,16,0.18720110387638794,0.004248807963340486,1.2214894897518505e-05,1.5130259379211544e-05,-3.121587738628999e-11,-9.827451912055741e-07,-2.0330811206546663e-10,Acer_Platanoids_06.ab.jpg,Acer_Platanoids
291044.5,3795.818657040596,0.5183893203182559,0.25383900016666194,0.7050453909540154,0.6414606502166054,608.7440896449616,1.3856947461021953,0.7156625163203473,0.009747650273378306,2837,28,13,0.19443294070063322,0.006086095897440826,0.00012332745567536325,1.594295907365529e-05,-3.9982459812746233e-10,3.445437104026908e-07,5.830146893723632e-10,Acer_Platanoids_07.ab.jpg,Acer_Platanoids
214547.5,3156.4662857055664,0.5176117926621127,0.27060200639574145,0.6688098132713962,0.677666567829446,522.6570206397952,1.3928097449272105,0.7137231210100223,0.010310071196307065,2212,26,11,0.19863639502461122,0.007054844617696547,3.9708784403386044e-07,1.648677849093368e-05,-3.1997945643519615e-12,-1.3775773867966072e-06,4.2062393674235376e-11,Acer_Platanoids_08.ab.jpg,Acer_Platanoids
353992.0,3982.737483739853,0.5451482251473856,0.28043999353364607,0.6992945657249038,0.6751062686230177,671.354312505617,1.4498065966762408,0.7327608722982212,0.008296797667720466,2937,30,13,0.1957230649972971,0.006407020157956496,4.264233727803178e-06,1.487588252333395e-05,-1.1009528328201834e-10,-8.936947551087174e-07,-4.377797249650891e-11,Acer_Platanoids_09.ab.jpg,Acer_Platanoids
358461.0,4382.7862585783005,0.4890861212676839,0.23450450669216488,0.6589241548159381,0.6403928029719693,675.5788040231215,1.3667825469405728,0.6727302198744011,0.008525334694684986,3056,23,12,0.19677471832662052,0.00469671240362349,0.00012938662241748878,7.000624599079151e-06,2.077227903595602e-10,-4.6102484339765547e-07,-3.525244225537555e-11,Acer_Platanoids_10.ab.jpg,Acer_Platanoids
346595.0,4554.38423538208,0.5389408245003313,0.20997752975082376,0.6910250186152962,0.5840040605323983,664.302988106695,1.3164604077711282,0.7171686316632282,0.01045312252049091,3623,47,18,0.19303386757041277,0.005244752517454895,4.5204830472545085e-05,1.5158620725597695e-05,-3.6634710019655185e-10,5.7671830857386476e-08,1.5247131849113843e-10,Acer_Platanoids_11.ab.jpg,Acer_Platanoids
182754.5,2754.5007741451263,0.526124193918338,0.30268586881522613,0.7013589334207,0.7045714360354458,482.37978437979996,1.3901168480629718,0.6709122109241479,0.010609861863808497,1939,20,10,0.19094150221350387,0.0046321645782746446,0.00017289026856620143,3.7217678654152413e-06,-1.9829690077275355e-11,-1.3741892345563737e-07,-9.230205991087099e-11,Acer_Platanoids_12.ab.jpg,Acer_Platanoids
333326.5,4246.377096295357,0.49451742022702594,0.2322964584661792,0.6414473272735047,0.6398744817383687,651.4633382686743,1.3140400549889133,0.646436508819717,0.009087186287291629,3029,33,13,0.19567781365465586,0.00459054053044107,8.04454558983631e-05,3.752102371035628e-05,-1.6234966955083512e-09,-1.1693836838621804e-06,1.2702906479781536e-09,Acer_Platanoids_13.ab.jpg,Acer_Platanoids
331671.5,4219.122265219688,0.49608942641855164,0.23413902045056018,0.6424100679350515,0.641935766769628,649.844034874237,1.3234599373400924,0.6782717103071623,0.009180770732459133,3045,29,13,0.19551419577773874,0.004686938339517877,7.529446255571257e-05,3.620454497360785e-05,-1.4913445289378811e-09,-1.1826106472419038e-06,1.1614862464730887e-09,Acer_Platanoids_14.ab.jpg,Acer_Platanoids
482514.0,5279.334585428238,0.5193985700532415,0.21755116283532888,0.6904553223965181,0.5932088047138953,783.8085899556997,1.2952664699392933,0.6818235686396047,0.00860700414908457,4153,33,17,0.1942291703686814,0.00510577726491112,3.4220563550494743e-05,2.0671945600645704e-05,-4.0547361456562225e-10,-1.3904461497808427e-06,3.7133047879175813e-10,Acer_Platanoids_15.ab.jpg,Acer_Platanoids
264779.0,3838.0268065929413,0.5819689606577518,0.2258797998211074,0.6970298854187393,0.6043152875783456,580.6264663408238,1.449044282583086,0.7372899232319534,0.011194241235100993,2964,31,15,0.19530868028143766,0.0064402804517781,7.925731324999536e-06,7.281598132980679e-06,-4.744183584938351e-11,-4.0224213997201357e-07,2.8447467397610522e-11,Acer_Platanoids_16.ab.jpg,Acer_Platanoids
207658.0,2609.547456741333,0.5208612377771736,0.38320232235796237,0.7473852421818296,0.7442022814792577,514.1968274703904,1.059301160135509,0.4207231276016609,0.008335821398605708,1731,18,9,0.1802345962024179,0.0006730989611049659,7.73616211110564e-06,4.054294593031224e-05,-4.101140014739028e-10,-9.974371689186611e-07,5.89370265363365e-10,Acer_Rubrum_01.ab.jpg,Acer_Rubrum
247338.5,2881.1870636940002,0.5618622391017013,0.37441968568063483,0.768257246908989,0.7245441926049868,561.17836659611,1.1408775498381105,0.37378979803374895,0.011506498179573716,2846,54,19,0.17265712891385726,0.00038351743340188957,8.197235985016913e-05,1.2575291455977043e-05,-2.016831588452437e-10,-1.0689120824171313e-07,3.4976659258829573e-10,Acer_Rubrum_02.ab.jpg,Acer_Rubrum
263452.0,2966.826672911644,0.5628486398360865,0.37612050819502213,0.770150711018757,0.7223215265043257,579.1696681798591,1.083863714751948,0.3596478833776661,0.009398296463836303,2476,44,16,0.17349273918158883,0.00010971921811727753,5.665885213640011e-07,2.415024841413209e-05,8.82991467698225e-11,8.638857851026297e-10,-1.3557514344915094e-11,Acer_Rubrum_03.ab.jpg,Acer_Rubrum
162783.0,2322.954527616501,0.47597368420913455,0.3790857811624268,0.7515651547575554,0.7469478070697523,455.26009358456184,1.1045754208208798,0.40534123591540067,0.01197913787058858,1950,31,12,0.17671657319738562,0.0004216150238110837,9.899191306436523e-05,2.0531270645151906e-05,1.889403073303546e-10,-2.402771002827947e-07,-9.061114306768448e-10,Acer_Rubrum_04.ab.jpg,Acer_Rubrum
273105.0,2926.8855471611023,0.5231896551714115,0.40061576446058345,0.7667149071501195,0.7515477675444762,589.684734298673,1.0983425751510232,0.24774527619166808,0.008908661503784592,2433,29,12,0.17444255679353166,0.00024490092018871395,4.620910053497946e-05,2.4041803573414565e-05,6.792490008678328e-10,-3.600666327937844e-07,-4.2515785927031367e-10,Acer_Rubrum_05.ab.jpg,Acer_Rubrum
264078.0,2966.3413910865784,0.5925920939237025,0.37713759103144756,0.7864180453433043,0.7117875825127894,579.8573552991911,1.0051470205001067,0.3060772746990503,0.01006899476665959,2659,48,17,0.171147482158433,0.00010360901069739927,4.975693955766894e-06,1.5454887897929735e-05,4.397822591783533e-11,-1.5193287534610045e-07,1.2819308070665227e-10,Acer_Rubrum_06.ab.jpg,Acer_Rubrum
260226.0,3021.052070260048,0.5000086464790573,0.3582977893558218,0.739263707821892,0.7236027428119212,575.6127463566564,1.0005847750689294,0.32389231989464423,0.008611745175314489,2241,28,12,0.17671742158119336,0.00016707815355298717,5.128677767980106e-05,3.438348837443057e-05,-6.821457009510532e-10,-3.1602627218190523e-07,1.272569522082803e-09,Acer_Rubrum_07.ab.jpg,Acer_Rubrum
191534.0,2527.2631838321686,0.49781675278234633,0.3768380961800193,0.7418277870703127,0.7431781510932863,493.83060148324614,1.0849503164706242,0.26929279411023543,0.010144413002338256,1943,24,11,0.17519770506658577,0.00018626370095239296,1.7700545985355028e-06,3.0353467448798137e-05,-1.5921329182717087e-10,-3.792497967588487e-07,-1.5540867580064456e-10,Acer_Rubrum_08.ab.jpg,Acer_Rubrum
223448.0,2585.60632956028,0.5396486516498987,0.42001183819894644,0.7797313401038148,0.7644818627997153,533.3880667881338,1.0907237591931815,0.25149137525012677,0.009796462711638518,2189,29,13,0.17409381528864282,0.000367360989566508,2.6197990076280658e-05,2.1040821545986834e-05,4.770533817582121e-11,-3.7935077453304564e-07,4.916923950040261e-10,Acer_Rubrum_09.ab.jpg,Acer_Rubrum
259812.5,2926.0154930353165,0.5606657315482074,0.38134377653166757,0.7712441873731278,0.7297688255499443,575.1552392324219,1.084050631010136,0.4997086111457163,0.010084195333134148,2620,43,17,0.17552743987237462,0.0009684072338152303,1.9343473478863983e-05,1.8414213358655037e-05,-2.458043696632282e-10,-3.953645402487168e-07,-2.4568255889911075e-10,Acer_Rubrum_10.ab.jpg,Acer_Rubrum
237672.5,2787.8144795894623,0.5232000123264001,0.38429174862856874,0.7565935027909765,0.7404028309220176,550.1036499570495,1.0809225496485544,0.3247232695459791,0.009172285392676173,2180,37,15,0.17676581873277952,0.0005032292341046685,7.091481416747476e-05,2.3909392472183893e-05,3.7857706161452455e-10,-4.799125126091776e-07,9.088149127476746e-10,Acer_Rubrum_11.ab.jpg,Acer_Rubrum
235568.5,2729.1038006544113,0.5323942866170985,0.3974540914881073,0.7726584678233843,0.7457644075212734,547.6633360870026,1.001531832855341,0.34329690700329163,0.008655656422617388,2039,27,11,0.17465744044275766,0.0002416899450193287,3.503907579802089e-05,2.7305225362407108e-05,-7.488043333207889e-10,-1.915960357593865e-07,-3.9066758997872716e-10,Acer_Rubrum_12.ab.jpg,Acer_Rubrum
271484.0,2945.253081560135,0.527309031013955,0.3932863426818682,0.7661367359501117,0.7444734911377957,587.9321088041381,1.0090809914702619,0.431019429345048,0.007897334649526685,2144,28,13,0.17750317493152848,0.00018218920400526914,0.00013936564137076123,3.50357048827349e-05,1.756783676847737e-09,-1.4724269077999898e-07,1.705086089500591e-09,Acer_Rubrum_13.ab.jpg,Acer_Rubrum
288350.5,3049.637854218483,0.5317176839377988,0.3896135329010102,0.7823153890793945,0.7378475960076657,605.9201757196706,1.0328017375127756,0.3923951641650914,0.007959063708896087,2295,30,12,0.17545313577171878,0.00010291933556731242,5.665654558127729e-06,2.271327164390191e-05,-2.299839593645582e-10,-9.869288483995268e-08,-1.1616934160891644e-10,Acer_Rubrum_14.ab.jpg,Acer_Rubrum
145234.5,2229.0550323724747,0.5000206571007068,0.3673145030857351,0.7368849651775847,0.7374571019745302,430.0212886123651,1.0930890573669838,0.39309770243750053,0.011987509854669603,1741,31,12,0.1808045099938598,0.0008953175245957495,4.171085887413798e-05,4.402187556111808e-05,-1.885986160810682e-09,-1.2397968500277327e-06,-3.8159393585515666e-11,Acer_Rubrum_15.ab.jpg,Acer_Rubrum
163257.0,2337.356549143791,0.5737495782705881,0.37551885062103485,0.7743555811649966,0.7215555040047164,455.92243677497214,1.1707431216078326,0.3466743519461621,0.012079114524877468,1972,32,14,0.17304871376673517,0.00014259278873632179,1.1934290336129095e-05,1.9867726137126774e-05,1.7147715502494503e-10,-1.1049696537544457e-07,2.533536957749149e-10,Acer_Rubrum_16.ab.jpg,Acer_Rubrum
380716.0,2966.3758801221848,0.5725052631570339,0.5436991205697205,0.870583096943779,0.825461812517503,696.2346346695144,1.090391576339074,0.5100644738740235,0.0063091648367646505,2402,37,13,0.16643993972732687,0.000331637956693653,7.028617533057452e-05,6.471084406364186e-06,1.3016811380288892e-10,5.620928386151558e-08,-4.584915327616652e-11,Acer_Rufinerve_01.ab.jpg,Acer_Rufinerve
280203.5,2644.4519991874695,0.5256332093980137,0.5035145711825131,0.8247986965846495,0.8235587212847907,597.2990681168012,1.0953333077017233,0.36165167979261303,0.008194044685351204,2296,38,14,0.16760083385007613,0.00023932908848938158,4.002630715976501e-05,5.699106053600799e-06,8.600434486608268e-11,-8.799925248653465e-08,-3.5153239531035815e-12,Acer_Rufinerve_02.ab.jpg,Acer_Rufinerve
276531.5,2591.8834586143494,0.5525955042023396,0.517277434538848,0.8545829322272265,0.8198945200095058,593.3724304051644,1.104255693231327,0.5082988199368098,0.00727946002532341,2013,32,12,0.1681138530772204,0.00025450988134394296,0.00023636591421738134,1.4979676137666828e-05,8.867090653277305e-10,1.7956435046870029e-07,-9.079523310210895e-11,Acer_Rufinerve_03.ab.jpg,Acer_Rufinerve
193098.5,2147.633678674698,0.5663891895363363,0.5261000614187133,0.8462254807402395,0.8307571564471498,495.84336864482,1.0824314821399639,0.49008842125831764,0.008643257197706646,1669,39,14,0.16885529360963142,0.00023013692539257199,0.00028186547584491595,2.1173339445308445e-05,1.6196718100238427e-09,3.1496523908330273e-07,-2.2846025992423633e-10,Acer_Rufinerve_04.ab.jpg,Acer_Rufinerve
237847.5,2416.2854791879654,0.5428758915822132,0.511931634087405,0.8521792873619168,0.8183083464867277,550.3061353613974,1.0989405174995157,0.5060226504783153,0.0077276406100222714,1838,20,10,0.16901783832146436,0.00028428567707860575,0.00033637060426711346,2.086344635531459e-05,1.74775255665475e-09,3.478973567917962e-07,-1.0704724201518425e-11,Acer_Rufinerve_05.ab.jpg,Acer_Rufinerve
282219.0,2570.469245195389,0.5510884337790345,0.5367490551380875,0.8535859842243806,0.8354306898910828,599.4434010610283,1.03207372523723,0.48096728615657625,0.006881180926844467,1942,34,12,0.1664007167904793,0.0001228923776537249,0.000152194375553666,1.1387874648110738e-05,4.360968853361608e-10,1.1212138161136122e-07,1.8596625215608964e-10,Acer_Rufinerve_06.ab.jpg,Acer_Rufinerve
331462.0,2747.4641931056976,0.5808865537813989,0.5517972456560702,0.8688160205476427,0.8354652528740957,649.6387657590998,1.0968098977312555,0.5347463534473883,0.007195394947212062,2385,32,13,0.16606419273465062,0.0004696212555837156,9.026773947552715e-05,7.616441561409886e-06,1.8568682733478025e-10,8.049331044897268e-08,-7.35085188472469e-11,Acer_Rufinerve_07.ab.jpg,Acer_Rufinerve
351081.0,2872.292617201805,0.581564195836594,0.5347611232705726,0.8642770365808515,0.8265205316065918,668.5882235017049,1.0651332817820798,0.49643477032887184,0.008006699308683732,2811,51,16,0.16596612281631465,0.00014054983091314532,0.00020741797368036005,9.026524997276858e-06,3.757703999170055e-10,9.996153877007194e-08,-1.0651376165531637e-10,Acer_Rufinerve_08.ab.jpg,Acer_Rufinerve
317340.5,2836.937281727791,0.5283539869559534,0.49549114372970976,0.8272638994771221,0.8159789481540904,635.649647011645,1.0007531819308573,0.19418118574735724,0.007969357834855717,2529,55,20,0.16753012374070075,6.994946294009262e-05,0.0001258858009127162,8.32118977878241e-06,1.3933273216130495e-10,-6.837152172004996e-08,-2.3047549426715417e-10,Acer_Rufinerve_09.ab.jpg,Acer_Rufinerve
332936.5,2803.221551656723,0.5779585665272509,0.5324225325104884,0.8615510618096759,0.8234383285332499,651.0821128595982,1.087782909545705,0.3032812468049537,0.006589845210703573,2194,45,14,0.16533778520787318,4.40737446479099e-06,7.975475121141082e-05,4.929366027674998e-06,9.282343841515857e-11,-6.0413815827635456e-09,-3.060374316089937e-11,Acer_Rufinerve_10.ab.jpg,Acer_Rufinerve
272561.0,2541.4398089647293,0.5954415767683487,0.5302905906438217,0.8694838017099653,0.8123651235549303,589.0971427129491,1.003617039533469,0.4594749282946701,0.0072754355905383546,1983,39,14,0.1655770193962841,7.93527675231466e-05,0.00012339601268740205,7.146853829955193e-06,2.1183668817778685e-10,6.06509824285721e-08,1.3043702450867813e-11,Acer_Rufinerve_11.ab.jpg,Acer_Rufinerve
338468.5,2777.706832408905,0.5801256341687575,0.5512585096442169,0.8669809605022887,0.8349391869206306,656.4689473594265,1.0051915046014466,0.3478631890047296,0.00581442586235997,1968,34,12,0.1654965432820541,5.43562498450131e-06,0.00017116768468618178,6.1263638162805944e-06,1.732667150953754e-10,1.0642195056476836e-08,9.66249617606518e-11,Acer_Rufinerve_12.ab.jpg,Acer_Rufinerve
255113.0,2479.155538082123,0.5400599941984295,0.5215967837764423,0.85503231763333,0.8255850253476323,569.9297851279766,1.1491238912148523,0.5318144207364845,0.007165452172146596,1828,16,8,0.16780517381293128,0.0004027951246601557,0.00019415361183147816,1.4106630538385634e-05,7.312439436080854e-10,2.454771174482288e-07,-1.0151821481615261e-10,Acer_Rufinerve_13.ab.jpg,Acer_Rufinerve
313894.0,2764.3514951467514,0.5779321087089572,0.516186153285761,0.8628024435976092,0.8091338500511308,632.1884637156069,1.002888591305484,0.332463517365372,0.006957762811627626,2184,28,12,0.16607120272044287,4.476777188465554e-05,0.00012577953203885673,6.346646070719126e-06,1.4588951239858337e-10,-1.4612702310847932e-08,-1.0426326387444836e-10,Acer_Rufinerve_14.ab.jpg,Acer_Rufinerve
259828.0,2478.46924495697,0.5593810011785793,0.5315311805592986,0.8768404747492539,0.8279844774470575,575.1723953993688,1.1466203168234952,0.6020883055794892,0.007539603122036349,1959,26,11,0.16908261076639008,0.0008568189346876576,0.0003545880043552399,2.1518702775960517e-05,1.8790709063878982e-09,6.212107257101351e-07,4.8225614556822845e-11,Acer_Rufinerve_15.ab.jpg,Acer_Rufinerve
258479.5,2460.1433436870575,0.580419776704615,0.5366796695658541,0.853084549526218,0.829509682229192,573.677889501916,1.0456942481995077,0.46556185831855956,0.006731675045770625,1740,31,11,0.16663513384670275,8.398887736328577e-05,0.0001779663702951609,1.0398434232500754e-05,3.9253716635140654e-10,9.156104455114477e-08,-2.1450438728411407e-10,Acer_Rufinerve_16.ab.jpg,Acer_Rufinerve
160447.5,3839.853146314621,0.4095012403897545,0.13674567144984504,0.567992948208757,0.5108000209629325,451.98241321305306,1.127926052848391,0.29323766453708316,0.018429704420334193,2957,76,27,0.19808522103713705,0.00022850187717683224,5.7930307286556595e-05,0.00014248335008092608,-2.8833173011385697e-09,-2.118337294729276e-06,1.2619715548579007e-08,Acer_Saccharinum_01.ab.jpg,Acer_Saccharinum
127100.0,3175.998248577118,0.45939703686937944,0.15834155515391807,0.6295803705626368,0.5246766697230029,402.2794378735249,1.163202152302674,0.23439340242418824,0.018835562549025686,2394,61,23,0.1881127022198291,0.0003126304830589152,8.686991003301428e-06,4.751933353676066e-05,5.118520902255984e-10,-7.356869616705676e-07,-8.186243508202978e-10,Acer_Saccharinum_02.ab.jpg,Acer_Saccharinum
137888.5,3672.5739275217056,0.37921878265739517,0.12846854864466606,0.555111152261471,0.5063112243120425,419.0048817904327,1.0923514674779586,0.3050693054344712,0.018558472968967257,2559,65,24,0.21752466889551575,0.0002763482485296776,0.0009943100902112887,0.0002940616477321698,1.5066851323667264e-08,-3.616492545436575e-06,1.5829238478999787e-07,Acer_Saccharinum_03.ab.jpg,Acer_Saccharinum
90087.5,2857.0693135261536,0.3794020535179392,0.1386860713491189,0.5652017065025082,0.5180846129535376,338.67826544720725,1.0359963142071889,0.5573955156474306,0.022744553905672326,2049,51,22,0.20322161116700432,7.3866310640205e-05,3.476725999082139e-05,0.0002919193719264626,1.7134297827624565e-08,1.8334782709745744e-06,2.390193563093505e-08,Acer_Saccharinum_04.ab.jpg,Acer_Saccharinum
124336.5,3043.765711903572,0.4872119905937021,0.16864988962999536,0.6478406873502452,0.5381271722541524,397.88207882985074,1.1156497082719887,0.5436516587087883,0.018562529908606382,2308,54,22,0.19299623543974315,0.0022957740362529867,0.00010617136954672819,3.417666881794224e-05,5.889292272548675e-11,-1.6084677575522923e-06,-2.057882307832031e-09,Acer_Saccharinum_05.ab.jpg,Acer_Saccharinum
117504.5,3420.927179813385,0.39217319039732407,0.1261759849744252,0.5780198536038624,0.4945248338672175,386.7962979196323,1.0222105274931113,0.4226732718488888,0.0213779046758092,2512,90,30,0.2082782798874884,0.001732635126572763,0.0003654568634655366,0.00013954975806406743,-2.3760369060440517e-08,-4.157429469462728e-06,-2.0703004373917617e-08,Acer_Saccharinum_06.ab.jpg,Acer_Saccharinum
128795.5,3325.8977406024933,0.4552300264365864,0.14631631986133878,0.6138000219192701,0.5142507910160077,404.9537304235357,1.0365104396743183,0.580865177997174,0.01906122496500995,2455,50,20,0.1937038425705902,0.0021394876360442644,3.707405182395992e-05,5.653862286165371e-05,-2.3727577993726725e-09,-4.497835659656619e-08,-1.0346485280535119e-09,Acer_Saccharinum_07.ab.jpg,Acer_Saccharinum
97975.0,2495.3809354305267,0.43580470966916734,0.1977203773401268,0.63626327239253,0.5890588840545566,353.1934942710972,1.1577022438551245,0.6505766278232767,0.01885174789467873,1847,54,18,0.19263479878820133,0.001960024752979259,5.001685767663388e-05,0.00011375031828877643,8.02758705391056e-09,3.848617028744818e-06,3.028893108441834e-09,Acer_Saccharinum_08.ab.jpg,Acer_Saccharinum
278460.5,6010.984297156334,0.42725047947767203,0.0968461310922869,0.5712689920019791,0.4438046228158027,595.4384269147615,1.223545604108848,0.5421733990337233,0.0164763045386456,4588,99,35,0.20369423434454015,0.0011037847618417661,0.0003022634147426494,1.0390417948133575e-05,-5.655341336776473e-10,1.9245127897959023e-07,-1.3869913622447998e-10,Acer_Saccharinum_09.ab.jpg,Acer_Saccharinum
126714.5,3545.72111928463,0.4070494699633567,0.1266563679798819,0.6005369617321137,0.475053651196457,401.6689087934785,1.0149558060700674,0.3806720133916243,0.018356226003982526,2326,48,19,0.19951998089780998,0.0002567855927341096,0.00045619658375400354,0.0001243023144147774,2.9331275445477462e-08,1.7817702629437897e-06,-3.981066782270842e-09,Acer_Saccharinum_10.ab.jpg,Acer_Saccharinum
227124.0,4942.962882041931,0.459277084069644,0.11681488713430828,0.5971722111557725,0.4792694290167878,537.7576204559347,1.1680360949679829,0.4534386782998695,0.016409538401857972,3727,83,31,0.2003422078310001,0.0010739860307410016,0.00023655143652097604,7.673346947494218e-06,-1.1414345182801516e-10,-1.0014152345731992e-07,3.063449831934525e-10,Acer_Saccharinum_11.ab.jpg,Acer_Saccharinum
135945.5,3742.6916766166687,0.4266161425957867,0.12195696208513103,0.615671498150589,0.46513890096513033,416.0422893514481,1.0393807041254852,0.4825503850019865,0.02142770448436007,2913,96,32,0.19114957244332503,0.0003500424245833558,8.345745292242366e-05,4.0079826768576656e-05,2.2830278417604228e-09,-6.150878741090233e-07,-4.0137636629784277e-10,Acer_Saccharinum_12.ab.jpg,Acer_Saccharinum
130044.0,3380.3657754659653,0.3698214082573944,0.14301210245503224,0.5607604788974834,0.5323971430351497,406.9117390240044,1.0537254705284191,0.49150914225966646,0.018393774414672007,2392,61,23,0.22553921757285592,0.0003432961718639046,0.0014418009119223276,0.0002846345371833083,-4.472204844704809e-08,-5.0794325213221755e-06,-1.7677141776508364e-07,Acer_Saccharinum_13.ab.jpg,Acer_Saccharinum
133960.5,3997.2846056222916,0.39841805187386525,0.10535532274185093,0.5604221139140275,0.45868401773421386,412.99371185587654,1.0287391920686073,0.35456134196346845,0.020588158449538572,2758,43,21,0.1953192463839907,0.00036921672237116387,0.00010428353749266933,9.024642174919475e-05,-7.726131282983556e-09,-1.5918486914895176e-06,-4.117737296276202e-09,Acer_Saccharinum_14.ab.jpg,Acer_Saccharinum
152835.5,4325.367864489555,0.40213095689041284,0.1026568673930627,0.5406173562221441,0.4601482766189321,441.1305956736293,1.068886924529743,0.5266194380036207,0.020911372030575935,3196,81,34,0.20761588737195497,0.0011617691471609462,0.00012053089115474165,6.383582212626545e-05,3.4762657971648677e-09,-2.175779843114028e-06,-4.389702510022943e-09,Acer_Saccharinum_15.ab.jpg,Acer_Saccharinum
119939.5,2782.1088559627533,0.4471933781978442,0.19472596317654386,0.6672276059999153,0.5671765397207302,390.78346225980835,1.0010961302142702,0.5022330184357823,0.019076284293172173,2288,58,22,0.18780733856934764,0.0003768723893297668,0.00022257589301959287,9.822208685626981e-05,2.167736806865333e-09,1.1293123129631158e-06,-1.4360188305947362e-08,Acer_Saccharinum_16.ab.jpg,Acer_Saccharinum
288350.0,2286.777901172638,0.7256680373851145,0.6929180052187376,0.9733251196159582,0.8842270215810974,605.9196503864058,1.4315590355143466,0.6974676633747446,0.0050112710247788754,1445,28,9,0.16850015126394446,0.0024539243968621956,0.00010474866812627094,3.612046272771017e-06,6.986361034642943e-11,1.7629760519767253e-07,-7.4467541156802e-12,Alnus_Cordata_01.ab.jpg,Alnus_Cordata
238967.0,2068.1849759817123,0.7178126220278219,0.7020516067144428,0.9731749431857222,0.8836346118035764,551.5997047558379,1.062673726207331,0.6686762511448701,0.005339649407636453,1276,37,11,0.16727000001709957,0.0021211603356867804,0.0001224843116804889,4.0494733744570235e-06,8.77570283992117e-11,1.7796983993268987e-07,-2.078890245496226e-11,Alnus_Cordata_02.ab.jpg,Alnus_Cordata
194470.5,1855.4915432929993,0.7391111837426396,0.7098157574729419,0.9741742057599001,0.8813590372014594,497.601779422481,1.3013783025348227,0.6099367290854965,0.004998187385721751,972,13,6,0.16535999602363657,0.0012631357630310171,0.00016132320595060705,1.0400194938362835e-06,1.2893968088495965e-11,3.618811904620092e-08,-3.901596870010761e-12,Alnus_Cordata_03.ab.jpg,Alnus_Cordata
237216.0,2087.2144109010696,0.7169787369067507,0.684257731421147,0.9714243593168898,0.8777920815894675,549.5751011862677,1.0176089299959037,0.7042110174786703,0.004519088088474137,1072,14,6,0.16894659642342366,0.002473729912475879,0.00018557072237194373,5.4578606960530704e-06,1.7369540584499305e-10,2.7137198166804235e-07,-9.687465959859941e-14,Alnus_Cordata_04.ab.jpg,Alnus_Cordata
243848.5,2089.741325378418,0.7112064188321058,0.701689358389527,0.9710398572760899,0.88094774386178,557.2051266134872,1.065288696266976,0.648066552685594,0.004666832069893123,1138,12,5,0.16544034960951337,0.00151695408451806,0.00010077844415700309,2.777105807678968e-06,4.586529804797746e-11,1.0711460913572525e-07,-7.405337930054214e-12,Alnus_Cordata_05.ab.jpg,Alnus_Cordata
166555.0,1705.6753089427948,0.6825465125781389,0.7194072552015451,0.9671734181863376,0.8988682416848556,460.5045193842999,1.0832490933603225,0.6720706077276285,0.0052595238809686915,876,10,5,0.16661591511654897,0.0018325090815862607,0.000135226990424511,4.377251226595492e-06,1.056966112571534e-10,1.8568876224980775e-07,1.3025205690722259e-11,Alnus_Cordata_06.ab.jpg,Alnus_Cordata
202278.0,1915.6753113269806,0.6811532711012743,0.6926513907210589,0.9585908177533523,0.8836977891784882,507.4922153392496,1.0693748640174723,0.6726110493838859,0.005393567268781609,1091,14,6,0.1661047134824548,0.0018939611969022887,6.048728409059878e-05,1.598487452654243e-06,1.407581949315115e-11,5.919775435844836e-08,-6.994658174151968e-12,Alnus_Cordata_07.ab.jpg,Alnus_Cordata
196906.0,1896.729131579399,0.6781140119753624,0.687793686382093,0.9625125259637662,0.8836663796948336,500.7080045252142,1.067362697829123,0.6646501726329553,0.005205529541988535,1025,9,5,0.1668993650177214,0.0018598163359729155,0.00012304995173786725,5.805745624998018e-06,1.5517531782262642e-10,2.5035458302627106e-07,7.50968522733441e-13,Alnus_Cordata_08.ab.jpg,Alnus_Cordata
234780.0,2031.155537366867,0.7157577679115782,0.7151293459447655,0.9776369401646982,0.8931359605275264,546.7459924982729,1.0811845104451687,0.6629062758116104,0.004702274469696302,1104,18,7,0.16714246999143945,0.0017738796154828853,0.00021792105690718626,4.968832154213177e-06,1.276414823923939e-10,1.392449632343769e-07,-1.0218386950328182e-10,Alnus_Cordata_09.ab.jpg,Alnus_Cordata
266580.0,2185.2387981414795,0.717546485210011,0.7015192977701286,0.9731203697077203,0.8778186652606451,582.5978010905119,1.0171015198010063,0.6305571159762541,0.0047677995348309405,1271,16,6,0.1657374519738804,0.0015267729831079425,0.00013612255960234436,2.485390361061665e-06,4.251369658908772e-11,8.891895342767659e-08,1.6805651611518686e-11,Alnus_Cordata_10.ab.jpg,Alnus_Cordata
178592.0,1813.5331749916077,0.6831376779137619,0.6823714623209836,0.9639631129902603,0.8888583559535126,476.85469146621824,1.151344278822965,0.7326758958512724,0.0054089768858324614,966,8,4,0.1704256484936778,0.0031679344508480783,0.0001110570750447298,7.120019103260509e-06,1.9471866737960545e-10,3.680758072490675e-07,-4.658714777146001e-11,Alnus_Cordata_11.ab.jpg,Alnus_Cordata
214944.5,1945.824586033821,0.6811180191120962,0.713392974100445,0.967782530387358,0.8900913954718317,523.140361015404,1.1156269306050646,0.6257356148435393,0.004666320840939562,1003,16,6,0.16437571455371042,0.0012535756787466971,6.434824933896607e-05,1.5636941008880346e-06,1.2524179944636915e-11,3.1241109109607546e-08,-9.443369009289537e-12,Alnus_Cordata_12.ab.jpg,Alnus_Cordata
200408.5,1872.9473873376846,0.7485414518968649,0.7179180057545018,0.9769733634880127,0.8860871914989012,505.1415913395539,1.3589163902288075,0.6490801294090139,0.004690419817499306,940,19,7,0.1660747525318856,0.0017271756456040696,0.0001083797117632072,1.8280677616348084e-06,2.572963490395839e-11,7.588235584359716e-08,-2.963594719204133e-13,Alnus_Cordata_13.ab.jpg,Alnus_Cordata
240041.0,2067.4986810684204,0.69880931586405,0.7056751252806207,0.9715309116625659,0.8866389451802785,552.8378546714879,1.010299978990674,0.6689645150103902,0.0047325248603166436,1136,14,6,0.16621940232487908,0.0017449308945988724,0.0001133059223566464,3.8712832109221025e-06,8.018311992203477e-11,1.566674419847254e-07,-1.2020055996179336e-11,Alnus_Cordata_14.ab.jpg,Alnus_Cordata
250820.0,2168.5281213521957,0.694545978155406,0.6702578524304468,0.9645606080671117,0.8794189203425385,565.114096984382,1.1018528858830499,0.7155688589437202,0.004895941312475497,1228,16,6,0.16962407387510742,0.002634577010792641,0.00019162659536492636,9.39452056086856e-06,3.953466153536839e-10,4.759298838495378e-07,5.084156142179849e-11,Alnus_Cordata_15.ab.jpg,Alnus_Cordata
207810.0,1972.1849749088287,0.6940116820768117,0.6713995019794571,0.9622949491162996,0.8788860970342951,514.3849820819171,1.095102813275462,0.6937087550366948,0.004123959385957731,857,16,6,0.16844876854096585,0.0022766396506380005,0.00015673314483439133,7.233602535409328e-06,2.4347181347809434e-10,3.4439026548994364e-07,-6.686096834667502e-12,Alnus_Cordata_16.ab.jpg,Alnus_Cordata
141153.5,1803.3351279497147,0.6488950898471059,0.5454420675354028,0.9398766837728646,0.8189757346884092,423.93657317784556,1.320534802641165,0.7382840957774583,0.011696486449066465,1651,44,16,0.17358244348297863,0.0037068165458162936,0.0002803001003199499,2.2050283434534185e-05,1.6350355452086924e-09,1.1232876397715105e-06,5.760262051605362e-10,alnus_maximowiczii_01.ab.jpg,Alnus_Maximowiczii
140792.0,1753.8620388507843,0.660291614098307,0.5751710066792065,0.9486852079514264,0.8359381835789185,423.39336553889575,1.2732090571885655,0.7484945511428381,0.01032018864700892,1453,28,12,0.1737749557352148,0.003950989982045713,0.00023016117652133216,1.90423055010351e-05,1.20800256255469e-09,1.0505820826472214e-06,3.605191784618424e-10,alnus_maximowiczii_02.ab.jpg,Alnus_Maximowiczii
140162.5,1695.6193982362747,0.6657665488644466,0.6126112197617489,0.9569659749158882,0.8455070647553489,422.4457807683043,1.190165801797241,0.7158645459932028,0.007698207437740492,1079,27,9,0.16955121595525366,0.0024267694445436827,0.00028428159275247167,1.3223388123263873e-05,7.434129798614066e-10,5.545375048924113e-07,3.235078619685984e-10,alnus_maximowiczii_03.ab.jpg,Alnus_Maximowiczii
141768.0,1860.2051839828491,0.645550253175451,0.5148329990681331,0.9268184254852393,0.7920696353888415,424.8583573121924,1.3171824541064738,0.7341863771271241,0.014876417809273767,2109,49,21,0.17274085879769793,0.003421705914755767,0.0002852540082960903,1.8194113033896735e-05,1.1378456718770508e-09,7.739413429439507e-07,-6.506244832400814e-10,alnus_maximowiczii_04.ab.jpg,Alnus_Maximowiczii
142440.0,1873.2934988737106,0.6462384422012838,0.5100704652079541,0.9284862232765024,0.7892259590379275,425.864110664513,1.2926395955628776,0.7458554335745033,0.014953664700821724,2130,49,20,0.17305094820802086,0.0035778275713001335,0.0002591100557559717,1.857543464614248e-05,1.1830339467972018e-09,8.788280756025945e-07,-5.110470207990316e-10,alnus_maximowiczii_05.ab.jpg,Alnus_Maximowiczii
141179.5,1799.7026584148407,0.6338309239443574,0.5477469741835831,0.9325519104505728,0.8351168733821779,423.97561522561404,1.466105368904302,0.7695185341665939,0.012055574640708774,1702,47,17,0.17727800551576506,0.00478106134332035,0.0003471032178355165,3.9514554905838694e-05,4.583905885395309e-09,2.6453996311483986e-06,6.351306012029018e-10,alnus_maximowiczii_06.ab.jpg,Alnus_Maximowiczii
141683.0,1775.0924869775772,0.6671987944683798,0.5650483828699348,0.9468383699264435,0.8298137909793091,424.73097181240746,1.5947858512407527,0.7635194330825985,0.011928036532174445,1690,47,16,0.17551471529595808,0.004710644808622194,0.00019444263046983145,1.8611614505502092e-05,1.0852662967149372e-09,1.1811846993341681e-06,-2.7523218917617477e-10,alnus_maximowiczii_07.ab.jpg,Alnus_Maximowiczii
141305.0,1741.033611536026,0.6664072816418298,0.5858050111806031,0.9437824768508049,0.8371854214062211,424.16401764977917,1.2286239998322512,0.7413165764543278,0.007784579455732036,1100,30,11,0.17217958192924465,0.003578443891885265,0.00015616890477781247,1.145466798971243e-05,4.468575713378249e-10,5.359178036840759e-07,-1.8717366116974814e-10,alnus_maximowiczii_08.ab.jpg,Alnus_Maximowiczii
141502.5,1786.021419286728,0.6533075708438215,0.5574432370570321,0.9374192608037322,0.8230463799522765,424.460338169407,1.384971045157664,0.7560807769298982,0.012459143831293021,1763,39,16,0.17442124899418804,0.004025019144460777,0.0003004597571516543,2.4368213925892505e-05,1.9723134103032373e-09,1.3536030395089789e-06,6.765043778044995e-10,alnus_maximowiczii_09.ab.jpg,Alnus_Maximowiczii
141557.5,1829.678273677826,0.6671198725650961,0.5313654172309478,0.9440911561523131,0.8210584307735433,424.5428209896474,1.7442528287081362,0.8122381655990039,0.012086961128784508,1711,48,19,0.18330731393445743,0.007352192380493716,0.0002622150720435514,3.736612830092347e-05,3.6629214540083022e-09,3.038705808900069e-06,5.130213224519633e-10,alnus_maximowiczii_10.ab.jpg,Alnus_Maximowiczii
141658.5,1804.2224307060242,0.6728341407776535,0.5468552013387217,0.9491833760426877,0.8179584925609875,424.6942477216592,1.5391380930111287,0.7698364338101972,0.011492427210428653,1628,52,19,0.17694162940899905,0.004898120284256352,0.00032754047919759374,3.0635931282814334e-05,3.0105225450124356e-09,2.014845224995355e-06,5.956041779334459e-10,alnus_maximowiczii_11.ab.jpg,Alnus_Maximowiczii
141737.5,1823.5361396074295,0.6570590825827732,0.5356312203276475,0.9413895936495171,0.820155672475689,424.8126527916749,1.5868641588895807,0.784507014390667,0.012015168886060391,1703,51,20,0.1781907910698226,0.005215281156904989,0.0003621274947662603,3.9050073306002565e-05,4.510837583788156e-09,2.613089823992586e-06,-1.1028290670684378e-09,alnus_maximowiczii_12.ab.jpg,Alnus_Maximowiczii
141606.0,1851.6610281467438,0.6476437012886116,0.5190014212415232,0.9392747461151141,0.8161967664693842,424.6155425461572,1.404022205291168,0.7868883002048619,0.01487931302335438,2107,67,25,0.18099417569699028,0.006099853083254622,0.0003886861597608744,5.006685215564929e-05,6.928805425608794e-09,3.7482951266059323e-06,-8.789595188227487e-10,alnus_maximowiczii_13.ab.jpg,Alnus_Maximowiczii
140984.5,1789.9625440835953,0.6593360083774841,0.5529595283083554,0.9494832828730786,0.836914365050759,423.6827121735256,1.789368149751488,0.814610611125409,0.010348655348564212,1459,35,14,0.18321069342195173,0.007408497589312762,0.0002443420962500401,3.543285691538895e-05,3.296889105621787e-09,3.0495369801811207e-06,-1.4262828615710482e-11,alnus_maximowiczii_14.ab.jpg,Alnus_Maximowiczii
141047.0,1796.6904656887054,0.6416097674114368,0.5490693369731369,0.9309756475818806,0.8270451632555309,423.776613401755,1.4168653683864527,0.7623253485451397,0.011584790885225599,1634,39,15,0.1755503944282377,0.004350760903891052,0.0003095132551354452,2.700437909217116e-05,2.441078218270238e-09,1.7079538266385106e-06,-3.69122263532738e-10,alnus_maximowiczii_15.ab.jpg,Alnus_Maximowiczii
140049.0,1708.2051852941513,0.6657397107866017,0.6031284354921539,0.9443818822973871,0.8442901739072421,422.274703244955,1.0566656771248475,0.7123320168968842,0.007718727016917516,1081,29,11,0.16948016203801766,0.0026112235944357716,0.00017943113923835739,9.620141441628264e-06,3.9789959753703847e-10,4.7428843673386335e-07,3.7767654949151436e-11,alnus_maximowiczii_16.ab.jpg,Alnus_Maximowiczii
215660.5,2006.6042405366898,0.6713752482685763,0.6730650200800804,0.9648332818797123,0.8737779197402067,524.0109510662517,1.186822077165359,0.7108770839040308,0.004993960414610028,1077,8,4,0.16961753353088221,0.002969455898405724,6.004229706744233e-05,4.020593718443579e-06,5.6772967564919654e-11,1.7911583797884323e-07,-2.6061369466000593e-11,Alnus_Rubra_01.ab.jpg,Alnus_Rubra
203384.5,2117.408284306526,0.623964964487049,0.5700572853185095,0.9419437754680346,0.8263136911310008,508.87836285913033,1.323428421501568,0.7188950565827411,0.011136541870146758,2265,33,15,0.1725527683851294,0.0036507040306428106,0.00013575856176406147,1.1199168146922891e-05,4.048712856060078e-10,6.114161237750956e-07,-1.6360853171371126e-10,Alnus_Rubra_02.ab.jpg,Alnus_Rubra
229966.5,2042.8052520751953,0.6950778298301493,0.692501164395967,0.9645456852272379,0.8652663500023092,541.1122265892158,1.1461806821873335,0.6029798661036989,0.004865926124001252,1119,9,5,0.16399624320019535,0.001390574397894562,1.14370224780646e-05,2.200640777620723e-07,3.0460660928773115e-13,6.394401684390591e-09,-1.7059504981021819e-13,Alnus_Rubra_03.ab.jpg,Alnus_Rubra
219031.0,2027.675309419632,0.6716929172472716,0.6694507373239412,0.959431431164145,0.8568755938798017,528.0898888663628,1.0206525206441568,0.5808744898894733,0.006300478014498859,1380,15,8,0.1632841024084067,0.0010668025335926028,1.6711438190369135e-05,1.2073115043545984e-07,9.629051359435457e-14,1.2930479342137326e-09,1.4190337301101126e-13,Alnus_Rubra_04.ab.jpg,Alnus_Rubra
240361.5,2143.373793363571,0.6856735739451211,0.6574745354464003,0.9601632219316586,0.8487608218801854,553.2068029515372,1.0359413484876983,0.6303692166476804,0.006103306893965534,1467,22,11,0.16506164048924682,0.0016724634824981188,1.6092790667844895e-05,3.4080934472175936e-07,5.651158376721284e-13,6.816241217055208e-09,5.636335970563272e-13,Alnus_Rubra_05.ab.jpg,Alnus_Rubra
187937.0,1885.7341846227646,0.6703321396446393,0.6641423980571982,0.9585296937748203,0.8706759684825979,489.17156532130144,1.0659583094904335,0.7165885524810076,0.005906234536009906,1110,8,5,0.17070696176410768,0.0034847845731173425,3.163809687464344e-05,1.9850189454527443e-06,1.530274661339625e-11,1.1131128640387917e-07,-3.6449353431168005e-12,Alnus_Rubra_06.ab.jpg,Alnus_Rubra
173526.5,1823.4082826375961,0.6711785410355412,0.6558549864721438,0.9547826756740656,0.8695704208497369,470.0434042293182,1.0331911194140986,0.6986531273410691,0.005831962265095925,1012,17,7,0.1693605316264239,0.002965472060244595,4.542034930070407e-05,2.323580996968352e-06,2.3869355226621638e-11,1.2650066696987714e-07,2.362489514937203e-13,Alnus_Rubra_07.ab.jpg,Alnus_Rubra
269318.5,2241.398178219795,0.7029447000861252,0.6736557510747819,0.9618294575270151,0.8603942328572474,585.5825854042766,1.079644891750793,0.6674407130460055,0.005870372811352096,1581,23,9,0.16639175127999095,0.002182240806691284,1.6667530083308704e-06,5.394558498169186e-08,9.639407137834367e-15,7.735248722142362e-10,1.2990104422546776e-14,Alnus_Rubra_08.ab.jpg,Alnus_Rubra
246672.5,2197.314916729927,0.6597497111416795,0.6420162068882046,0.9596060780492982,0.8549147770709744,560.4223243221886,1.0105261843303128,0.6937043827986258,0.005306631262077018,1309,14,7,0.16959537310928266,0.002956503242629181,7.178384636793879e-05,4.206788508053388e-06,7.190323476372057e-11,2.1764202490706447e-07,1.319379917335072e-11,Alnus_Rubra_09.ab.jpg,Alnus_Rubra
214872.5,2156.4864913225174,0.6316064079934403,0.5806269860474377,0.9448475254449141,0.8503134393556964,523.0527354637449,1.1784719274094964,0.7674361082027962,0.007907014624915207,1699,33,12,0.17716216673416368,0.0053008964082329815,0.00014047297778336314,1.6412392321810938e-05,7.874368065109242e-10,1.1847971323018057e-06,3.1102758453229024e-11,Alnus_Rubra_10.ab.jpg,Alnus_Rubra
321296.0,2642.4936327934265,0.6409396575615245,0.5782122438419671,0.9436684871570974,0.8331308355482719,639.5989155441314,1.1538006570257464,0.7428919571853477,0.005994472386814668,1926,25,11,0.17307622594288702,0.0038800630183450854,0.0001434156752888334,1.2533168779803224e-05,5.311776549597742e-10,7.788990089513346e-07,1.3955978572211056e-11,Alnus_Rubra_11.ab.jpg,Alnus_Rubra
210006.5,1974.0600856542587,0.671967042634439,0.6772076667447192,0.9642747271372292,0.8738760211770332,517.0962970776574,1.0896744392325748,0.6875837665019041,0.005576017885134146,1171,14,6,0.1681211782825596,0.0026538049546135137,2.8677592100923928e-05,1.2611524646792237e-06,6.955529874901417e-12,5.222628549590156e-08,-3.023925474675215e-12,Alnus_Rubra_12.ab.jpg,Alnus_Rubra
301188.5,2391.824583888054,0.684056025690137,0.6615910155574485,0.9645084485745112,0.8632748554142744,619.2617448377274,1.0053463467423651,0.6922388726841374,0.005142958645482337,1549,32,12,0.16873299100013767,0.0027292199314425504,7.552343496578525e-05,4.00851124482247e-06,6.905995203803617e-11,2.0052952989311153e-07,9.754121508906074e-12,Alnus_Rubra_13.ab.jpg,Alnus_Rubra
230344.5,2201.1727837324142,0.6476172402141036,0.5974195663016902,0.9534679161832496,0.8495955223703006,541.55676185627,1.2507151575380637,0.7693787820146945,0.007896867517965929,1819,24,11,0.1761409143745873,0.005076775425267717,9.704939841464294e-05,1.1712225214682148e-05,3.9101307541759337e-10,8.19145200069259e-07,5.506452210999918e-11,Alnus_Rubra_14.ab.jpg,Alnus_Rubra
204422.5,1903.6336796283722,0.6984934839483824,0.708878491765735,0.9688224226379551,0.8819123689990023,510.1752746200308,1.0814612978001685,0.6615637963417486,0.004950531374946737,1012,13,6,0.16643379611364603,0.002119436780408809,4.322386098396433e-05,1.5519958574711771e-06,1.2098346587596954e-11,6.408738427045627e-08,-3.900365054430615e-12,Alnus_Rubra_15.ab.jpg,Alnus_Rubra
229802.0,2125.7240800857544,0.6416541017461281,0.6390721378268573,0.9559230941981384,0.8790309543336301,540.918657340667,1.1317487750865451,0.7565615843120816,0.006305428151163587,1449,12,7,0.17482845639211314,0.004819293401346453,9.966181883413672e-07,4.477152435292962e-08,-7.080333289087471e-15,-2.9828005539327974e-09,6.269723177640532e-15,Alnus_Rubra_16.ab.jpg,Alnus_Rubra
227202.5,2495.7758170366287,0.5944597069581515,0.4583653979341828,0.9290692848210924,0.8283166654356021,537.8505439828901,1.9338051519662565,0.8794441806159792,0.012504263817464577,2841,53,22,0.210641337707925,0.017444176920613858,0.0005938520580019711,0.0001642748853038347,5.122148472111974e-08,2.1552067273935825e-05,3.0002284868112963e-09,Alnus_Sieboldiana_01.ab.jpg,Alnus_Sieboldiana
142854.0,1908.999122619629,0.6291298565147176,0.4925959216260922,0.9396620337115139,0.8409292066693452,426.48254586043373,2.0202981560255933,0.8746921507881376,0.013489296764434392,1927,46,19,0.21104318384746681,0.017455692591346838,0.0008028533312856938,0.00021191165117748917,8.739340121703752e-08,2.7988590819610792e-05,1.5883721700953929e-09,Alnus_Sieboldiana_02.ab.jpg,Alnus_Sieboldiana
258886.0,2605.959582090378,0.6041736678974735,0.4790524638503646,0.9235159715513035,0.8146571054818065,574.1288120085137,1.6232917268586187,0.831108042636445,0.011904853873859905,3082,52,21,0.1902753718303416,0.009537742432652112,0.00044102005602545416,7.65322565490707e-05,1.4054730854417322e-08,7.472180873824235e-06,-3.9726016481904694e-10,Alnus_Sieboldiana_03.ab.jpg,Alnus_Sieboldiana
238224.5,2531.9768242836,0.5949662837147978,0.4669569415259271,0.9383221044260918,0.8085900737602034,550.7420938377253,1.6921637358110213,0.8409532388760239,0.013260600819759258,3159,64,24,0.19497336443211366,0.01096131243016905,0.0005766914035758124,0.00012089089412867445,3.170005885463472e-08,1.2335936000270539e-05,3.740201323608747e-09,Alnus_Sieboldiana_04.ab.jpg,Alnus_Sieboldiana
245483.0,2680.7291313409805,0.5891969086007364,0.4292649393129619,0.9268178497434488,0.797365848707898,559.0694618383496,1.7394706554611061,0.870218765594648,0.014522390552443459,3565,69,27,0.20548964689022212,0.014852774687763365,0.0008700626388025038,0.00022281304310272076,9.808593308379815e-08,2.7086155729455947e-05,1.876329389539109e-09,Alnus_Sieboldiana_05.ab.jpg,Alnus_Sieboldiana
243865.0,2509.876320838928,0.5957109495598197,0.48646846808928074,0.9360324414955791,0.8261352384743582,557.2239779270454,1.7041842968789958,0.8397100178262882,0.010997888175789892,2682,40,16,0.19456934511952592,0.010734770544439134,0.0006387001877605486,0.00012740678555720218,3.619285406292462e-08,1.306923001496535e-05,3.3153962684713054e-09,Alnus_Sieboldiana_06.ab.jpg,Alnus_Sieboldiana
140727.0,1955.4844051599503,0.604372809727357,0.46246469073994734,0.9218932197777799,0.8248204342007232,423.2956194102949,1.7856121172342205,0.8654352398808461,0.013934781527255361,1961,37,15,0.20352581776725465,0.014016685944636169,0.0008292244096414753,0.00019481785214344886,7.830086467068115e-08,2.305559585078005e-05,-5.966342486287913e-10,Alnus_Sieboldiana_07.ab.jpg,Alnus_Sieboldiana
273866.5,2662.545369029045,0.6050680370539478,0.48546144254469203,0.9378331315748797,0.8228260032899537,590.5062724291863,1.7661415118507515,0.8449013134648018,0.009581310602028428,2624,44,16,0.19790105740707992,0.012328793551098095,0.0005123132718412928,0.00011122532231816789,2.6536943126126048e-08,1.2348029772226222e-05,8.495149604718917e-10,Alnus_Sieboldiana_08.ab.jpg,Alnus_Sieboldiana
196143.0,2362.9057587385178,0.5908651369579049,0.44145849266497267,0.9242545972838043,0.8156768042155463,499.7369548302277,1.9689905696239798,0.8762726925542551,0.01547850292890657,3036,55,25,0.20794249548856517,0.01615259237082857,0.0006786344026460418,0.0001820201689687865,6.397265123627775e-08,2.3126415257254552e-05,2.3200856812395845e-10,Alnus_Sieboldiana_09.ab.jpg,Alnus_Sieboldiana
202174.5,2433.5748051404953,0.5889904327947975,0.4289896761581079,0.9237554343686589,0.8051044143135437,507.36236393435723,1.9650303315345041,0.8798783179859639,0.015793287481775428,3193,86,29,0.2115657398004332,0.017426975305196008,0.0008797724963873678,0.00024951812001476734,1.167725258621413e-07,3.273082670661845e-05,-5.593383342033647e-09,Alnus_Sieboldiana_10.ab.jpg,Alnus_Sieboldiana
235863.0,2549.900706768036,0.6206071800684627,0.45585124317267334,0.9252813253294786,0.8278275028431312,548.005564515425,2.1634879540943937,0.8871778967171103,0.012655651797812053,2985,58,22,0.21565521179940944,0.019657778006913106,0.0006381303320167563,0.00019978399959684844,7.13288007722981e-08,2.7951670418152034e-05,-8.498968428102474e-10,Alnus_Sieboldiana_11.ab.jpg,Alnus_Sieboldiana
122383.5,1800.93310713768,0.6041660495808567,0.47417381707422573,0.9132619937696295,0.8293545793793873,394.7448692802679,2.068470215509302,0.8595359526302321,0.013310617852788077,1629,28,13,0.2024558706918842,0.013632252181843753,0.0008262789980267845,0.0001797871846716236,6.922497893103139e-08,2.097464241459632e-05,-3.1127946568659177e-09,Alnus_Sieboldiana_12.ab.jpg,Alnus_Sieboldiana
129780.0,1859.6021556854248,0.614343195263364,0.4716040781275396,0.9265962687619923,0.8172468750178972,406.4984970645395,1.9148061045049407,0.8589906291266701,0.015040838341693322,1952,41,16,0.20106956065045128,0.01344097221404609,0.000669927030424924,0.00014859527200413564,4.6877740746045856e-08,1.7200000322730708e-05,7.431432446716034e-10,Alnus_Sieboldiana_13.ab.jpg,Alnus_Sieboldiana
171911.5,2223.4082839488983,0.5899542893204828,0.4369948863254906,0.9146126058016577,0.8147661311606371,467.8509591683434,2.072520940769518,0.8790117108803069,0.015153145659160944,2605,63,24,0.21232962493838914,0.017893218078535212,0.0008062779241444521,0.00023878194029086452,1.0477145252592774e-07,3.19407504716715e-05,-2.8748157157887323e-10,Alnus_Sieboldiana_14.ab.jpg,Alnus_Sieboldiana
237207.5,2523.574807167053,0.5958116169529776,0.46806472673316213,0.9241514594238489,0.8116687426090202,549.5652548221786,1.6744470118307193,0.8398352724040101,0.011732344044721468,2783,49,22,0.19545430654841384,0.011130090180847298,0.0005849878675211105,0.00013057384842862026,3.599084384356118e-08,1.3595252122930287e-05,-2.640539357692753e-09,Alnus_Sieboldiana_15.ab.jpg,Alnus_Sieboldiana
176373.0,2144.1362093687057,0.6031248290180174,0.4821001026059342,0.9370676555858788,0.8436124839330029,473.8829794617811,1.7146627816262654,0.8716843076299735,0.010937048187585757,1929,37,14,0.2087965417854604,0.016440180734124725,0.0007399339075834559,0.0002050290237233271,7.981925342227366e-08,2.6269650069737673e-05,-2.4935542838929514e-09,Alnus_Sieboldiana_16.ab.jpg,Alnus_Sieboldiana
82488.5,1202.9331060647964,0.6829818591231528,0.7163418360087441,0.9660488947332333,0.885373247741444,324.0796509901331,1.1242009942735767,0.6037726498558609,0.007576813737580672,625,11,5,0.16369450544741576,0.0012187576348194923,8.62029946756313e-06,1.075517066641923e-07,5.569949568798396e-14,1.5817351165509304e-09,8.730405202272111e-14,Alnus_Viridis_01.ab.jpg,Alnus_Viridis
117606.0,1478.4650709629059,0.7312805461893815,0.6761097607030488,0.9630876192971041,0.8463876414756387,386.9633185434035,1.036556966300777,0.43635289502788416,0.00871554172398759,1025,33,13,0.16086551907702912,0.0003005153684093533,4.203946804125636e-05,9.851389539857757e-08,-2.0047167414753483e-13,-1.7063912770948402e-09,-2.0099399608718117e-15,Alnus_Viridis_02.ab.jpg,Alnus_Viridis
83621.0,1225.553383231163,0.7274680725134194,0.6996176453460228,0.9626325301787488,0.8648316318020337,326.2967421999476,1.1285186587941731,0.49972811573855025,0.009124502218233166,763,25,10,0.16136361323958934,0.0005703186788710769,6.846030378913587e-06,5.253063497649911e-08,1.5484666397238987e-14,5.531929330843166e-10,-2.7433597952307513e-14,Alnus_Viridis_03.ab.jpg,Alnus_Viridis
90577.0,1306.7249556779861,0.711736417778192,0.6665909693826941,0.9632059721071153,0.8452983764710051,339.5971411002702,1.1109947608775457,0.5258456853835163,0.008743941618636697,792,29,12,0.16174217014040124,0.0006152209969746515,3.1209097035907845e-05,1.831571932797566e-07,3.4370821508276497e-13,3.2119342688740594e-09,-2.7133468062970874e-13,Alnus_Viridis_04.ab.jpg,Alnus_Viridis
117042.0,1496.0041744709015,0.690207872618663,0.6571824961095943,0.9580060979274551,0.8538749142959657,386.0343285187121,1.1490599465624676,0.6296933752114536,0.008313255070758247,973,33,12,0.16433579224388178,0.0014308210740756576,4.900536523232933e-06,1.177747701761434e-07,5.2200604541112827e-14,2.373246400665639e-09,-7.266923309678127e-14,Alnus_Viridis_05.ab.jpg,Alnus_Viridis
107297.5,1468.6244512796402,0.6754004972733113,0.6251409639459253,0.9472343731294578,0.831000278641033,369.6152324393857,1.0730365038954077,0.5025398172000548,0.008248095249113465,885,44,15,0.16147820197958654,0.0005293198098435964,1.1704895445327274e-06,3.750863920046079e-08,6.637409307574426e-15,5.703806794047217e-10,-4.208622397324825e-15,Alnus_Viridis_06.ab.jpg,Alnus_Viridis
92840.5,1336.707710981369,0.690777529756765,0.6529417337093266,0.9460825524836971,0.8463623189335242,343.8141881205383,1.0232558242114607,0.44740995839125686,0.010932728712028343,1015,22,11,0.1605651724778751,0.0002320102187201372,2.821443993394398e-07,8.70350701179253e-08,-8.3153125147186545e-16,1.2120476026040769e-09,-1.3613458848892809e-14,Alnus_Viridis_07.ab.jpg,Alnus_Viridis
118392.0,1515.4356327056885,0.6992658393783008,0.6478242961264492,0.9544201344585523,0.8458299747351239,388.2542674334506,1.0784114738726107,0.5600366597427697,0.008581660922962855,1016,46,15,0.1627896576420117,0.0009148071022320178,1.5188825044773739e-05,9.721614188136216e-08,-1.8459764965921868e-14,-1.5024546585556107e-09,-1.166813687818274e-13,Alnus_Viridis_08.ab.jpg,Alnus_Viridis
103625.0,1459.6366436481476,0.655257233909252,0.6112021767971549,0.945936694119483,0.8276346551374562,363.2347007420701,1.0942481141001172,0.5533664867030172,0.00856936067542997,888,48,16,0.16295049059634534,0.000895194935683715,4.285469277177603e-08,7.364218618878029e-09,4.691392441627143e-17,1.819236560862445e-10,1.2212347374702843e-16,Alnus_Viridis_09.ab.jpg,Alnus_Viridis
78416.0,1194.2640608549118,0.715925171862615,0.6908978206377316,0.9601038267640439,0.8744303359861761,315.9784045468179,1.1537495844021997,0.6035866039679492,0.008046827178024296,631,31,11,0.16329243457809176,0.0011129549477035337,4.733746743635172e-06,6.03089220287761e-08,2.2718617062391835e-14,-7.363172952106415e-10,-2.2852322950072665e-14,Alnus_Viridis_10.ab.jpg,Alnus_Viridis
129015.0,1574.347320318222,0.6931967160228395,0.6541072641404543,0.9435542261126169,0.8521248002423498,405.2986551470496,1.1297241430018343,0.5482938902488803,0.007952563655327267,1026,33,13,0.1618621651088408,0.0005868569702114402,3.1257322784160854e-06,1.2080517457063781e-09,-1.4027468980840348e-17,2.6443379294617946e-11,-7.289684956330542e-17,Alnus_Viridis_11.ab.jpg,Alnus_Viridis
85762.5,1276.825461268425,0.6926105390616386,0.6610650966116609,0.955714787171823,0.8457989943342173,330.4484928931427,1.0921270082348336,0.4845540893933067,0.008850021862599039,759,39,13,0.16106412522371796,0.0004092295950312774,3.68235150599131e-06,7.348366459885177e-09,-1.2069757482332493e-15,-1.4630109445587247e-10,6.609963572945112e-17,Alnus_Viridis_12.ab.jpg,Alnus_Viridis
73508.5,1186.8254615068436,0.6739694502450401,0.655803477132392,0.9502869922570225,0.8508225081719951,305.93124893375096,1.1330935787311116,0.5528317629965791,0.00825754844666593,607,20,7,0.1627395447372047,0.000757532740675852,6.482109281438341e-05,3.8613717969052606e-07,-1.6366030264473523e-12,-9.004379205591955e-09,1.0264145720114729e-12,Alnus_Viridis_13.ab.jpg,Alnus_Viridis
109120.0,1437.293497800827,0.6920345002492895,0.6637786807095243,0.9638724494217484,0.8519594629755713,372.74106175936794,1.0184805528312653,0.5725076289912513,0.008495234604027721,927,25,9,0.16315575170695285,0.0006242027560002225,0.0001819445384104129,2.098276208704674e-06,4.012365032515437e-11,5.061327877890421e-08,-8.422296399473602e-12,Alnus_Viridis_14.ab.jpg,Alnus_Viridis
76904.5,1164.3645651340485,0.7066090264185876,0.7128262044696311,0.9616187760902092,0.8844099859261975,312.91828097457864,1.1115881370409368,0.5480645340856459,0.008530060009381375,656,10,5,0.161689094730824,0.0005565199574214227,5.260139976829892e-06,4.776606041899663e-08,-1.9213521374899653e-15,-4.743760501345701e-10,-2.386574107897077e-14,Alnus_Viridis_15.ab.jpg,Alnus_Viridis
119881.0,1481.1513624191284,0.7233294114054163,0.6866909696842254,0.9636930002535125,0.8529151412808067,390.6881491194685,1.1097080469163219,0.45538435244414965,0.0075157864882048385,901,25,10,0.16063608896491782,0.00033639285389580294,1.7372251090141892e-05,3.582409925597399e-08,-9.544441979391703e-15,-3.775256913064756e-10,2.660075962210031e-14,Alnus_Viridis_16.ab.jpg,Alnus_Viridis
144952.0,3255.6955198049545,0.6819088479889639,0.171848803312727,0.9684934939050328,0.9726997690626258,429.6028613597113,12.699849103112047,0.9964598541559486,0.01071389149504171,1553,0,2,0.9776561585329894,0.9299282632757442,0.010517590430253373,0.009896474296405321,0.00010096669743027256,0.00952578526553615,-1.8486883072879766e-07,arundinaria_simonii_01.ab.jpg,Arundinaria_Simonii
143587.0,2875.092488884926,0.6752967624175776,0.21828371960185056,0.9485798091375229,0.9668012255071006,427.57531092181625,9.058822670047881,0.9931741288199893,0.009429823034053014,1354,0,2,0.6840664807880383,0.44148846803014563,0.011773704008480976,0.0107087466639126,0.00012024423938924737,0.007111737718135856,-1.2748553098254284e-07,arundinaria_simonii_02.ab.jpg,Arundinaria_Simonii
143423.0,2808.7493423223495,0.6585319938259507,0.2284560686382379,0.9613445941352547,0.9665098871133198,427.3310604490987,8.782084390184913,0.9927098269009139,0.00918262761196473,1317,0,2,0.6779343865215527,0.43343053313271546,0.008684122814522542,0.007862878119988688,6.497330270192484e-05,0.005173851461160539,-8.259903793440658e-08,arundinaria_simonii_03.ab.jpg,Arundinaria_Simonii
144428.0,3066.3229364156723,0.6766298746290659,0.1930302966682762,0.9583872487477794,0.970174129102488,428.8256533452845,10.625416420419631,0.9952433727364587,0.01005345223910839,1452,0,2,0.8363196140367539,0.6733038119089639,0.01401455209401572,0.013097365575938566,0.00017744571572759298,0.010746538191243847,5.059090835771434e-08,arundinaria_simonii_04.ab.jpg,Arundinaria_Simonii
143295.0,2753.6610308885574,0.6747993896894081,0.23747611947229447,0.9068500259413289,0.9525880663037949,427.1403288883235,7.956829823235327,0.9926390270717705,0.008960535957228372,1284,0,2,0.6284327818396654,0.3681320381411714,0.012052556818631764,0.010612534716089653,0.0001200226081504513,0.006414635919857101,5.88452223760694e-07,arundinaria_simonii_05.ab.jpg,Arundinaria_Simonii
144822.0,3108.46507191658,0.691654129948699,0.18834427391635003,0.9599920454670136,0.9700038039623923,429.4101737821727,10.971624845336207,0.9954084621181587,0.01020563174096335,1478,0,2,0.8417403540622181,0.6825768536818836,0.01061450004366298,0.009961962172549353,0.00010243939790089543,0.008229538470075487,-6.478353394515502e-08,arundinaria_simonii_06.ab.jpg,Arundinaria_Simonii
142802.5,2668.991983652115,0.6838283180383673,0.2519133224703666,0.9699247098870822,0.9660691793416072,426.4056637605123,7.916051474083784,0.9919602732338757,0.00874634547708376,1249,0,2,0.6233797015942576,0.36224491664083797,0.00828204930082906,0.007227019394622767,5.5911549942142586e-05,0.0043366165477711814,2.988658494389387e-07,arundinaria_simonii_07.ab.jpg,Arundinaria_Simonii
144962.0,3302.3229365348816,0.6985985812288024,0.16704172041830667,0.9611558110405338,0.9720191372757699,429.6176799014429,12.58267051236779,0.996645715958737,0.010830424524973232,1570,0,2,0.9712374184457495,0.9173092418327692,0.018307407078153152,0.01739916884398321,0.00031053182179881803,0.01665992939846754,1.6584482950783358e-07,arundinaria_simonii_08.ab.jpg,Arundinaria_Simonii
142290.0,2533.5188937187195,0.6693480101577319,0.27857102912807313,0.9799654267523883,0.9619620167080517,425.6398181800738,6.954950225662693,0.9891799012059964,0.008208588094678412,1168,0,2,0.5663119637778015,0.2938259470927136,0.010314812565414822,0.008660902006143799,8.18584210322414e-05,0.004676598717239441,-6.083850936576271e-07,arundinaria_simonii_09.ab.jpg,Arundinaria_Simonii
143114.0,2749.2346239089966,0.661752941989403,0.23794050268596167,0.9624538490960648,0.9657075801101468,426.8704770831875,8.005412169495536,0.9922424849585746,0.00898584345340787,1286,0,2,0.6329003128537065,0.37351802202627377,0.017185632389391803,0.01524455598526007,0.000246748368278736,0.009311578050168943,4.2322240334707565e-07,arundinaria_simonii_10.ab.jpg,Arundinaria_Simonii
146074.5,3471.276254057884,0.5349244712971347,0.15233718200520152,0.9664847161508106,0.968087430223318,431.26306342813143,14.34651997859187,0.9974654538496303,0.01124768525641883,1643,0,2,1.1213353243994466,1.2316989521605852,0.009819356583702251,0.009310639403978157,8.902452470377784e-05,0.010299167267697218,-2.015050826930467e-07,arundinaria_simonii_11.ab.jpg,Arundinaria_Simonii
144825.0,3109.862040400505,0.5606852497074692,0.18817899925361398,0.9770091679924374,0.9657229693169137,429.4146213932054,11.39718448340445,0.995822509247111,0.010115656827135399,1465,0,2,0.8812567692676418,0.7509223576705132,0.00600024123877942,0.0056352987202642705,3.2768738089196006e-05,0.004882730673883664,-1.60591155150627e-08,arundinaria_simonii_12.ab.jpg,Arundinaria_Simonii
143115.0,2767.862040042877,0.6450980392127784,0.23475029127235025,0.9656426484513846,0.9650136776963569,426.87196844577744,8.817059225004302,0.9926004860564976,0.009048667155720584,1295,0,2,0.6694243516154705,0.42195323664506934,0.006180578637339657,0.005428238177018481,3.144057984987816e-05,0.0035021138821762403,-2.3724509660730074e-07,arundinaria_simonii_13.ab.jpg,Arundinaria_Simonii
144104.5,2963.1341185569763,0.6105088120631651,0.2062456458109553,0.964396735468652,0.9665934747634191,428.3451271746747,9.914143868518902,0.9944812934144949,0.009708232567270917,1399,0,2,0.7871974622867581,0.5933362858349778,0.014323471037463589,0.013120447130245995,0.00017986501573220102,0.010101396146569004,2.411846667627502e-07,arundinaria_simonii_14.ab.jpg,Arundinaria_Simonii
142506.0,2630.891477584839,0.6625874694843074,0.25872425546035976,0.9732454148345501,0.9633920261940686,425.96276194290635,7.339328415650299,0.9903373440494161,0.00854700854694857,1218,0,2,0.5938152441785535,0.3253982004930523,0.015375145119398203,0.013287309328893888,0.00018991683716823804,0.007572012943616278,-5.331084104041311e-07,arundinaria_simonii_15.ab.jpg,Arundinaria_Simonii
143330.5,2852.021420240402,0.6878917460924358,0.22143329061756276,0.9613335077117596,0.9670201542043343,427.19323562840185,9.202909965214342,0.9933457942431136,0.00936297577968846,1342,0,2,0.6960963937627993,0.45851038893662227,0.007251410078952581,0.006612329116629604,4.578707734839728e-05,0.004477341227206399,5.02492047825273e-09,arundinaria_simonii_16.ab.jpg,Arundinaria_Simonii
274658.5,2490.864128112793,0.6292290950730144,0.5562920217846888,0.9430464281022124,0.863026161084075,591.3595044451748,1.7752948701531888,0.830722842942439,0.004798686368691307,1318,11,5,0.18462035433303617,0.0077821504364299935,0.000284028279630938,4.545677406599158e-05,5.1193795138868334e-09,3.810448544826111e-06,6.857174081609426e-10,Betula_Austrosinensis_01.ab.jpg,Betula_Austrosinensis
287728.0,2525.0722799301147,0.6318137900732722,0.5670800414408016,0.9450281641536957,0.8723612095886937,605.265782716617,1.6217659587612834,0.8298661455985165,0.00485875549128045,1398,20,8,0.18604265084111848,0.007844938519103051,0.0003771378850160154,8.139383308884387e-05,1.418562389510516e-08,7.094583396070276e-06,1.4602570736313428e-09,Betula_Austrosinensis_02.ab.jpg,Betula_Austrosinensis
301490.5,2532.4032315015793,0.6553713888210435,0.5907691086802568,0.9563097018504896,0.8664257248868759,619.5721321702393,1.3671197587697104,0.8075389999226442,0.004879092376028833,1471,15,7,0.18046873748187917,0.006010927163152584,0.0003356677002840237,4.829856064133441e-05,6.144721234600881e-09,3.6838410647444874e-06,2.4815688272962867e-10,Betula_Austrosinensis_03.ab.jpg,Betula_Austrosinensis
321019.0,2683.557559132576,0.6480793961294223,0.5601686141005936,0.9488858640603441,0.8760021062462597,639.3231463128308,1.8625828096598782,0.8598220940721252,0.004703771427844758,1510,12,7,0.19302711426773,0.010159100391844837,0.0006907694125019006,0.00013821104134438019,4.242006002457235e-08,1.3652207402311697e-05,4.926637513466027e-09,Betula_Austrosinensis_04.ab.jpg,Betula_Austrosinensis
212543.5,2094.864127278328,0.6885984947865503,0.6086196530402572,0.9606029996273143,0.8798498233628164,520.2103316701986,1.8577178878403557,0.8260403723172289,0.0060505261275642375,1286,20,9,0.1861477035936007,0.008546398744180233,0.0002460367195117292,3.7159983110246403e-05,3.526539929897255e-09,3.366647785343722e-06,-4.340191891502074e-10,Betula_Austrosinensis_05.ab.jpg,Betula_Austrosinensis
286955.5,2594.864126086235,0.6346326521571244,0.5355440187522316,0.9581167915106432,0.8603093579723773,604.4527195565017,2.0039261461129185,0.8576728864289798,0.005077442321178449,1457,17,8,0.19553141841299407,0.011169611151028401,0.0007186260964344255,0.00014736350612671944,4.7898299488573014e-08,1.550205731819137e-05,2.3370007882131626e-09,Betula_Austrosinensis_06.ab.jpg,Betula_Austrosinensis
269439.5,2535.4915441274643,0.6270934963119389,0.5266799611952834,0.9487339744120622,0.8628953154149089,585.7141165395195,2.014840827465196,0.8557451546685535,0.005997635832882715,1616,20,8,0.19456421085368783,0.010593692202142527,0.0007680918668752487,0.00016459039975805334,5.8420745680457836e-08,1.6874906762431696e-05,-3.4276908950806627e-09,Betula_Austrosinensis_07.ab.jpg,Betula_Austrosinensis
295953.5,2622.4621052742004,0.6399907878732101,0.540772877914444,0.9615810746675799,0.8588265494015911,613.8564161127405,1.8047674447556081,0.848085273415586,0.005112289599531304,1513,34,11,0.19262338352384883,0.00971327420707453,0.0008321769859481766,0.00015689433404545558,5.652354700426224e-08,1.5337731910449713e-05,-4.361941895399312e-09,Betula_Austrosinensis_08.ab.jpg,Betula_Austrosinensis
244633.5,2383.8103045225143,0.65330721530374,0.540981492016189,0.9611260843562943,0.8592712674581796,558.1012866558985,2.0729731611712303,0.8613320326158954,0.005440792041950752,1331,9,7,0.1974840796516809,0.012375437058073115,0.0005094073362119034,0.00011199549489723834,2.669915982710633e-08,1.2285694380335476e-05,1.6580516137937005e-09,Betula_Austrosinensis_09.ab.jpg,Betula_Austrosinensis
245243.0,2361.047892332077,0.6348593691333441,0.5528367319738069,0.9478777946729955,0.8569411675891336,558.7961038424351,1.535298030593317,0.8236671104561163,0.005843184107167817,1433,21,8,0.1852032688976848,0.007996742019251822,0.0003006202700828468,4.601664349236011e-05,5.411536341196317e-09,4.114811179025099e-06,9.067485876073837e-11,Betula_Austrosinensis_10.ab.jpg,Betula_Austrosinensis
230206.5,2271.0062631368637,0.6177635551245347,0.5609068994874229,0.9516538756437986,0.8654302163305765,541.3945135066251,1.661580915783492,0.829699198509777,0.005104113046307971,1175,11,5,0.18534433513112664,0.00740637597096647,0.0005278641505384204,8.266913790972097e-05,1.7118044079917372e-08,7.001711417488991e-06,2.2810740608852257e-09,Betula_Austrosinensis_11.ab.jpg,Betula_Austrosinensis
216462.5,2129.5260338783264,0.6553511958805469,0.5998278503345492,0.9635651409387437,0.8588852667175692,524.9843949606837,1.5895229842945067,0.7896019281889409,0.006980423860913644,1511,10,8,0.18112322530002686,0.006184376267912157,0.00041297918251698086,4.802819014475248e-05,6.686715184869904e-09,3.5571493296280875e-06,1.0200736087391626e-09,Betula_Austrosinensis_12.ab.jpg,Betula_Austrosinensis
353004.0,2804.2438497543335,0.6399637418407542,0.5641023883086921,0.9528326205138683,0.8664340662915077,670.4167750360155,1.6547395797448288,0.8167509891139572,0.0049942776852245465,1763,39,13,0.18539142376144763,0.007169476718862017,0.0006007812097432171,0.0001025336504270705,2.499729248347949e-08,8.303862317831681e-06,-4.769531461565768e-09,Betula_Austrosinensis_13.ab.jpg,Betula_Austrosinensis
262791.0,2432.361601948738,0.6216521183719592,0.5581668936871759,0.946082605052981,0.8537061409737549,578.4426446939214,1.479459254042399,0.8066791919700195,0.005285569140475566,1389,20,8,0.1839167604988451,0.006843080182861811,0.00045889170678388674,7.114053124939086e-05,1.2788671557480057e-08,5.881354666966122e-06,-1.2920768388513682e-09,Betula_Austrosinensis_14.ab.jpg,Betula_Austrosinensis
241048.5,2337.6925545930862,0.6312384448978666,0.5542931480248299,0.9513488873196053,0.8659205806716569,553.9968252608438,1.8074779196641728,0.838721072185644,0.0053931055368301685,1300,15,6,0.18919593509146365,0.009291363174511152,0.0003656455258142848,7.138310029838153e-05,1.1503189080079338e-08,6.7718049363811015e-06,8.21621070201728e-10,Betula_Austrosinensis_15.ab.jpg,Betula_Austrosinensis
275991.0,2451.675309896469,0.6550471127129446,0.5770040709175144,0.9549167707503783,0.8754911766561134,592.792252978227,1.9823416554651507,0.8426642004586934,0.0049820465159915285,1375,18,7,0.19202822852593782,0.010596400087505557,0.00023110408476987877,5.283830057807153e-05,5.821887269865234e-09,5.268266679090201e-06,-4.447014002317429e-10,Betula_Austrosinensis_16.ab.jpg,Betula_Austrosinensis
45383.5,966.3990551233292,0.6275026270584108,0.610653508363465,0.9117821374215355,0.8474664671432459,240.38316679519858,1.019623246925888,0.5107280559315418,0.01249352738302481,567,21,8,0.16493553321060686,0.00022217684337659502,0.0003861697535629441,3.0487906243724156e-06,1.0453388027214243e-10,4.5045549812774214e-08,4.035983947212558e-12,Betula_Pendula_01.ab.jpg,Betula_Pendula
38452.0,979.6122596263885,0.5341000638867948,0.5035242305719827,0.8523391002504275,0.8457893158617501,221.2659191429093,1.015474126052421,0.699690688361292,0.0128211796522204,493,8,4,0.17395749514527462,0.001970474813288715,0.00041904580963186025,2.6227704411786132e-05,2.7400614525844342e-09,1.0922591978047313e-06,-2.2895619016089871e-10,Betula_Pendula_02.ab.jpg,Betula_Pendula
37599.5,915.3696185350418,0.5793451463701179,0.5638959116115484,0.8687801101963151,0.8497882486268589,218.7993835966403,1.0719130642170485,0.5769596776895971,0.015425737043965326,580,12,7,0.16728808573695272,0.0007020448049593542,0.0002809087875114865,1.0630594716248756e-05,5.483033530295582e-10,2.7258371735631204e-07,1.9192612651975726e-10,Betula_Pendula_03.ab.jpg,Betula_Pendula
39098.5,950.3401812314987,0.5709643973163504,0.544016129377998,0.8494134260080509,0.8498860075868742,223.11825640190847,1.0111465839322766,0.5558466391816491,0.015652774402709752,612,15,7,0.16784784958903326,0.0005159838721688962,0.00022453425237404056,5.988553497756881e-06,1.5691691223667128e-10,1.0138869481158066e-07,-1.5362107972403284e-10,Betula_Pendula_04.ab.jpg,Betula_Pendula
45926.5,1021.3107435703278,0.5616889867233941,0.5532958499767279,0.8721573914776881,0.856925563621164,241.81694719617866,1.1544253092721002,0.6449394211033748,0.013194996352580863,606,9,5,0.16965703534384158,0.001118392645881087,0.00037796339430290363,1.3344507403828387e-05,9.474451461671982e-10,4.270159691513532e-07,-2.2699969821330182e-11,Betula_Pendula_05.ab.jpg,Betula_Pendula
35187.0,901.0437173843384,0.5878215836854691,0.5446285193351587,0.8766396352410618,0.8393389035384872,211.66360069836327,1.1396351588980498,0.645031970177651,0.017222269587710736,606,15,8,0.16929788477825541,0.0013498767744029284,0.0003547808387018703,2.2033876736725778e-05,1.9464130842619693e-09,8.0795159796293e-07,8.161301694726979e-11,Betula_Pendula_06.ab.jpg,Betula_Pendula
32531.5,835.7716393470764,0.599636879735316,0.5852463217600896,0.8950134121770407,0.8566198153241602,203.52000454390705,1.0495927165216798,0.6422726214480093,0.013802007284822341,449,15,6,0.16810554653135457,0.0011283428903439458,0.0003000011714944005,9.752364558061982e-06,5.270555948963409e-10,3.219166203290749e-07,-2.1763519386271458e-11,Betula_Pendula_07.ab.jpg,Betula_Pendula
42122.5,914.8254623413086,0.6208179808309386,0.6324810461438086,0.9106090903980845,0.8689933745902624,231.58590786813193,1.0134512676512866,0.5184263423174542,0.012439907412607516,524,14,6,0.16507346186910068,0.000592155173652592,0.0002087299472477148,2.1227902746527294e-06,4.1669228288154167e-11,4.585871423123511e-08,-1.613518551666232e-11,Betula_Pendula_08.ab.jpg,Betula_Pendula
38702.0,908.6416965723038,0.5890715372817493,0.5890578502987671,0.8925840934306765,0.8674657244919559,221.98404640951173,1.1354193615239028,0.5459205606787194,0.010826313885307573,419,12,5,0.1689456065692629,0.0008390143565189831,0.0004600061535045923,1.6911672815039665e-05,1.4890281334088185e-09,4.897187289700815e-07,-8.809678818422245e-11,Betula_Pendula_09.ab.jpg,Betula_Pendula
47645.0,1028.9259674549103,0.5984951261104601,0.5655342861172996,0.8861877836305672,0.8370322084161418,246.29961045220276,1.0662806636349311,0.5400297680551633,0.016832826109416877,802,21,9,0.1654250165011044,0.000466429104131934,0.0002579776221751227,6.356844695763026e-06,2.5094425526314336e-10,1.3254362326700359e-07,-5.740587794022131e-11,Betula_Pendula_10.ab.jpg,Betula_Pendula
32919.5,848.457930803299,0.6058283337515951,0.5746487512415716,0.886983348577707,0.8435519091549968,204.73008863601166,1.0006067943174084,0.5762987325922412,0.01725421102941253,568,14,8,0.1660850514124172,0.0004839739877177101,0.0002371847030995521,4.808881286914606e-06,1.6238694759633536e-10,1.0494961556345521e-07,2.661044349166109e-12,Betula_Pendula_11.ab.jpg,Betula_Pendula
40696.5,931.91377556324,0.6010412051306891,0.5888646192531912,0.9032025389297527,0.8637476861537011,227.63214433008918,1.1549590428231409,0.6739044948163515,0.012015775312078047,489,7,4,0.16950439166619868,0.0008453599533272771,0.0006306769389896915,2.4499917781747506e-05,3.038878950397004e-09,7.12256040731616e-07,1.9983805938009683e-10,Betula_Pendula_12.ab.jpg,Betula_Pendula
48761.5,1027.8548991680145,0.6057329192471338,0.579993732371499,0.8918427068881236,0.8454956905374517,249.16875819533163,1.0797668536748737,0.5619187182027935,0.012817489207411227,625,14,7,0.16622138766425978,0.0003782890796105475,0.00041623141433550295,7.348945297929943e-06,4.023585372414885e-10,1.350649595977054e-07,5.751132656707919e-11,Betula_Pendula_13.ab.jpg,Betula_Pendula
47570.5,999.2274817228317,0.6181358663086601,0.5987132098017254,0.9155832282598793,0.8587075480021784,246.10697219466184,1.1048960619679284,0.6545511419006557,0.010931144301385708,520,8,4,0.1680358291606771,0.0008344771578481859,0.0005048655637898946,1.4311497806876337e-05,1.2162634433463285e-09,3.9867176338899813e-07,2.4466619124815778e-11,Betula_Pendula_14.ab.jpg,Betula_Pendula
36376.5,930.2569204568863,0.5508002362014022,0.5282323023840572,0.8737105044884961,0.8491956518749436,215.21151990323068,1.1798624537014712,0.6714075716832528,0.013635176555918376,496,11,6,0.173518789060585,0.0017873062634664483,0.0005932327834916597,3.479646593499652e-05,4.989198107654379e-09,1.4375955330522033e-06,-3.187513510665067e-10,Betula_Pendula_15.ab.jpg,Betula_Pendula
39808.5,930.3990553617477,0.6004298642443374,0.5778926301661685,0.8887313724197414,0.8491026493330948,225.13497377482187,1.0675029131114593,0.606283194691868,0.014368790584564382,572,10,6,0.16747487484407525,0.0008548096786724557,0.0003207714324366111,6.694911595152926e-06,3.057169079085356e-10,1.9441347581102715e-07,5.285553013934058e-11,Betula_Pendula_16.ab.jpg,Betula_Pendula
140107.5,1840.2610963582993,0.6238645471519109,0.519891069849294,0.9597061442498821,0.9345236686075079,422.3628884194039,2.7192519388737484,0.9234045463998375,0.005460093142726405,765,0,2,0.24026396504870395,0.03148779660768161,0.00013048952412934652,3.0155744155505898e-05,1.7020140643361588e-09,3.3342048704952164e-06,8.255438716011567e-10,callicarpa_bodinieri_01.ab.jpg,Callicarpa_Bodinieri
141143.5,1997.6925547122955,0.6242359778129539,0.44444031282352375,0.9425495754428814,0.9296982590464703,423.92155604820033,3.3026819923371646,0.9478386539144349,0.0068936932979067845,973,7,4,0.27441860590943556,0.048412535279863916,0.0007584435165136381,0.0002037058044214573,7.200453451279913e-08,2.6474775751116713e-05,-3.502085603415001e-08,callicarpa_bodinieri_02.ab.jpg,Callicarpa_Bodinieri
139975.0,1776.84688270092,0.6340538679635351,0.5571348569511113,0.9597715335708522,0.9254477723300168,422.1631263792521,2.436678170397599,0.9060188997213752,0.006093945347339925,853,7,4,0.22313510400222397,0.023096074292054437,0.00040383809127429466,5.21862820094358e-05,5.02055438737623e-09,2.4464208357058595e-06,-5.673564698644933e-09,callicarpa_bodinieri_03.ab.jpg,Callicarpa_Bodinieri
140597.5,1953.7169381380081,0.5638198471300665,0.46287548384839783,0.9408385389244348,0.9248364140508418,423.1008117351018,2.7524793928287297,0.928321028647509,0.006109639218292575,859,4,3,0.24605766642491259,0.03303173094160178,0.0005078781325907817,0.00019619857745870829,6.158013875830103e-08,3.265178404441439e-05,-6.603642715689602e-09,callicarpa_bodinieri_04.ab.jpg,Callicarpa_Bodinieri
140180.0,1839.8763184547424,0.6198376341966614,0.5203776800760382,0.9676996251460543,0.934988066180583,422.4721521958283,2.7517482517482517,0.9262314024473026,0.0060564987872303,849,6,4,0.24438711724114823,0.03315755148412978,0.0002953211665455344,0.00014901762243257335,3.1251600051641454e-08,2.6772620987999355e-05,-7.690989834048216e-10,callicarpa_bodinieri_05.ab.jpg,Callicarpa_Bodinieri
140378.0,1892.5626114606857,0.6210206862353301,0.49250245805361453,0.9640717123473119,0.9324561268224233,422.7704114656472,2.9946806554051495,0.9361154568240906,0.00575588767466586,808,0,2,0.2529611932610743,0.03760666331149128,0.00022748032580720702,0.00012486943408216857,2.1044946159309464e-08,2.421487426326522e-05,1.3024410387719966e-10,callicarpa_bodinieri_06.ab.jpg,Callicarpa_Bodinieri
140157.5,1796.2610952854156,0.633953004497664,0.5458675514871878,0.9661270476905103,0.9343426446347153,422.43824577234784,2.7541954024188184,0.9209438501356348,0.00532971835252962,747,0,2,0.2367834735048023,0.030050975616034144,9.136838918358931e-05,3.6621370403236675e-05,2.1085905097598683e-09,6.056455196281603e-06,2.0321741744662862e-10,callicarpa_bodinieri_07.ab.jpg,Callicarpa_Bodinieri
140712.0,2015.5920494794846,0.591933231248246,0.4352469402050564,0.9545491547434771,0.9351372025065168,423.27305940583346,3.3418396103911765,0.9497298191820523,0.006197054977498741,872,0,2,0.2839399036510668,0.053802632998686234,0.0004981708279658092,0.0003057139548515089,1.1927870680280074e-07,7.064581972047075e-05,-2.548674115360326e-09,callicarpa_bodinieri_08.ab.jpg,Callicarpa_Bodinieri
140279.5,1947.4915442466736,0.6046113199063659,0.4647858649919201,0.9572027580682749,0.937461443593237,422.62206132155035,3.1006619480498703,0.9444423788446288,0.005980916669891317,839,0,2,0.27266656797141614,0.04764509083374569,0.0004367821979780596,0.0002640160673781404,8.963648142591913e-08,5.7526522285789566e-05,-1.8572241307823982e-09,callicarpa_bodinieri_09.ab.jpg,Callicarpa_Bodinieri
140890.0,1991.307778954506,0.6104022702137625,0.4464915586522167,0.9576796541439565,0.9296344202920863,423.5406939807993,3.3067680589658353,0.9474528601553222,0.006075661863822303,856,0,2,0.27583914346767247,0.04977993582973766,0.0002888828851311688,0.00015997480285302127,3.436181946299511e-08,3.452793822471212e-05,1.403823222288999e-09,callicarpa_bodinieri_10.ab.jpg,Callicarpa_Bodinieri
140414.0,1899.248902797699,0.6389773740801328,0.48916627448180017,0.9549114550681774,0.921561767843997,422.82461781978014,2.934065934065934,0.934211561097616,0.006331277507895713,889,7,4,0.2550937620660665,0.03870630164045043,0.000314590844926616,9.147391212892684e-05,1.4706900833421408e-08,1.2519477584004284e-05,-4.949417265718227e-09,callicarpa_bodinieri_11.ab.jpg,Callicarpa_Bodinieri
141072.5,2056.2367100715637,0.5727483475949918,0.41928179890617545,0.9404269077126011,0.9173609540164342,423.81491912703035,3.1942475038647364,0.9466992612222899,0.007166527849104775,1011,7,4,0.27246894842142994,0.04718966273094539,0.000528618228072642,0.00032857501753261827,1.369342679982207e-07,7.081757919662097e-05,9.626935084308796e-10,callicarpa_bodinieri_12.ab.jpg,Callicarpa_Bodinieri
141288.5,1995.4326680898666,0.6453887264724767,0.44590518516410904,0.9453992512407592,0.9210275438770511,424.13925238807366,3.250544156340907,0.9473990405954413,0.005945282170835239,840,1,3,0.27613178799979243,0.048950419245023254,0.0008895673420271183,7.181145975096876e-05,-1.8040696571342184e-08,-1.5884030834638075e-05,-1.990214335893597e-09,callicarpa_bodinieri_13.ab.jpg,Callicarpa_Bodinieri
140716.5,1948.2955852746964,0.6668965223046848,0.465849030122807,0.9667350240558488,0.9167603691900162,423.2798275334244,3.2938998659523913,0.9502364990624645,0.009529799277202532,1341,14,8,0.2836724084226848,0.05473758372082647,5.0487198889474795e-05,2.071935965614742e-05,6.587425273095614e-10,3.994742482828017e-06,1.2298119578974513e-10,callicarpa_bodinieri_14.ab.jpg,Callicarpa_Bodinieri
140802.0,1966.3372156620026,0.630906826061141,0.45761756923493013,0.9586943422111706,0.9146038669988616,423.4084014020038,3.1612393408060266,0.9437066425915446,0.007258419624669689,1022,11,5,0.26680750030760936,0.04503296620726127,0.00016282511706663065,5.090945164249389e-05,4.437398406116686e-09,7.990534536912342e-06,1.3392424080703804e-09,callicarpa_bodinieri_15.ab.jpg,Callicarpa_Bodinieri
140333.0,1866.101715683937,0.5877477341618177,0.5064062408861534,0.9509556449225898,0.9361020529297284,422.7026437477291,2.72354198157608,0.918992356558289,0.006149658312683761,863,3,3,0.2414517753442077,0.03148515369011729,0.0002391385788375191,8.187205704521719e-05,1.1282589727700577e-08,1.2532518522545938e-05,-1.9850206538968214e-09,callicarpa_bodinieri_16.ab.jpg,Callicarpa_Bodinieri
231943.5,2782.9372820854187,0.643679580394506,0.3763442044789443,0.9288161316960477,0.7190954362486117,543.4331940029797,1.9612014547193728,0.8767612694787429,0.014680299296963784,3405,55,24,0.2051473202886216,0.01626715730269566,4.9535515127883084e-05,1.1974950257653002e-05,2.853280357686767e-10,1.3129013022050809e-06,6.041814577237341e-11,Castanea_Sativa_01.ab.jpg,Castanea_Sativa
359884.0,3467.5718408823013,0.6399382616152626,0.3761157048006814,0.9392623370091052,0.7370151793881015,676.9184148163421,2.2600917206636013,0.8889140520727988,0.012812461793208888,4611,54,25,0.21477230370267184,0.0202804255792858,4.768231943623489e-06,4.4465874680706153e-07,6.099104796177914e-13,5.735460837772447e-08,2.1731370751885566e-13,Castanea_Sativa_02.ab.jpg,Castanea_Sativa
314308.5,3572.0398775339127,0.6096330275217533,0.30955184211173276,0.9093732640469939,0.6867842511471114,632.6057314365654,2.364247468962711,0.9017161226443638,0.014775292427615622,4644,72,29,0.2192684366221323,0.02215324337994642,4.094671681428272e-06,2.2740453881785173e-06,6.9289839638762525e-12,3.206134565426492e-07,-3.760565806943444e-13,Castanea_Sativa_03.ab.jpg,Castanea_Sativa
343335.0,3708.601277589798,0.6404165547485592,0.313695042285316,0.9115334528916624,0.7445344110278581,661.1714596771757,2.9049774123555103,0.945297712047718,0.013424206678569257,4609,75,33,0.27029876019377,0.04639673811672319,0.0009937939255431905,0.0004765336523285552,3.275111038186869e-07,0.00010170489604460493,1.667987413639494e-08,Castanea_Sativa_04.ab.jpg,Castanea_Sativa
341487.0,3789.39521253109,0.6342108000077367,0.29884378965475245,0.9162910132956706,0.6973160156765124,659.3896817610786,2.615894039735099,0.9229502498503033,0.014527639412292334,4961,72,30,0.24102556347791143,0.03205993140652976,0.00011651607209119106,4.085235482608115e-05,2.7868369696460298e-09,6.455181421091594e-06,4.2130872087196247e-10,Castanea_Sativa_05.ab.jpg,Castanea_Sativa
428122.5,3982.2652727365494,0.6471173728496349,0.33924819351939595,0.9295119179030099,0.711198729960641,738.3105694698402,2.3716002540017125,0.9076002164705252,0.013701685849228429,5866,86,33,0.22428587824491625,0.024498173829607717,1.2584106641836214e-08,2.1398958450660493e-07,-1.4409815471837852e-15,3.22537082757598e-08,-1.101063756912508e-14,Castanea_Sativa_06.ab.jpg,Castanea_Sativa
289354.5,3350.4418976306915,0.6462845081733085,0.3239186270639193,0.9217048806407662,0.6785700302334419,606.974127823477,2.1881516225413966,0.8868553328366567,0.015137141464829,4380,67,28,0.21187956068191363,0.019012992028825206,4.108047075268992e-05,2.6691700639698618e-06,-4.85742512375889e-12,-2.1817728262475358e-07,-2.7524695503964278e-11,Castanea_Sativa_07.ab.jpg,Castanea_Sativa
224228.5,2844.9860541820526,0.5993283137264039,0.3481291517971875,0.8998475028557102,0.7368145913277834,534.3188123738939,2.327198663335894,0.8957223647701676,0.012835121315921771,2878,45,19,0.21725019785061692,0.02119850411675218,1.0922753216587615e-05,5.0101560775749504e-06,3.703077499094844e-11,7.272453915311169e-07,-1.5500617150540964e-12,Castanea_Sativa_08.ab.jpg,Castanea_Sativa
334780.0,3089.890600800514,0.6723894146555257,0.44063923288208,0.9404368460871348,0.7804720538380091,652.8821752708814,2.1943744300754506,0.8895528730033694,0.012697891152360662,4251,63,24,0.21129331795602324,0.018923012724194107,6.886833294687851e-05,5.571343596128017e-06,-1.1107404484584134e-11,-3.21562087482489e-07,1.0856466536096794e-10,Castanea_Sativa_09.ab.jpg,Castanea_Sativa
256555.0,3017.4641951322556,0.6613878691617994,0.35408383147887396,0.9320985523745902,0.7047599088816164,571.5382501631275,2.2294655196504705,0.880665559125305,0.01600046773590068,4105,68,29,0.20715326134956874,0.017096766095690948,2.9913086922792623e-05,3.4714389638158654e-06,2.183518513090606e-11,7.718065309953669e-08,-2.7831753263826112e-11,Castanea_Sativa_10.ab.jpg,Castanea_Sativa
379991.5,3946.005385875702,0.6519049775762799,0.3066679560967427,0.9146360689965986,0.6956561040534394,695.571854277638,2.5722344436542315,0.9220778235614681,0.014900333296889797,5662,79,33,0.23781907444831907,0.030674506424644615,1.0936080220811901e-05,2.3082086493541107e-06,1.042106418803907e-11,1.7194071455130567e-07,-5.088266587062753e-12,Castanea_Sativa_11.ab.jpg,Castanea_Sativa
311187.0,3255.8662155866623,0.6215746549924366,0.36889112532640717,0.9364104971399877,0.7824122301006956,629.4565864358725,2.76418145942771,0.9269531423043406,0.011587887668792115,3606,61,24,0.24650688181284075,0.03478925678026899,5.4690551413748456e-05,3.85830229029109e-06,-4.691161541932018e-11,-6.81351040046168e-07,3.0668222495847056e-11,Castanea_Sativa_12.ab.jpg,Castanea_Sativa
455069.0,4275.9536517858505,0.6479234000133154,0.3127671534078167,0.9234083006873308,0.6788830028107714,761.1910708771392,2.3316077397536983,0.8998715889340668,0.014287943147051792,6502,79,34,0.2187404348866021,0.022042363775070593,3.388349270446542e-05,1.3603365027338219e-05,2.9145620230112043e-10,1.9407954711119726e-06,1.8681531405023215e-11,Castanea_Sativa_13.ab.jpg,Castanea_Sativa
442915.5,4024.1475197076797,0.668355983303503,0.34370271038017314,0.9362449836317461,0.7014035718139175,750.9577415381954,2.368343389067635,0.903704938706865,0.01386268938428693,6140,78,31,0.22344357351002095,0.024245784715470987,3.6402373015018827e-06,1.9392149276700027e-06,5.151389353016404e-12,2.8414300739241094e-07,-9.850772091071314e-14,Castanea_Sativa_14.ab.jpg,Castanea_Sativa
378227.0,3534.199257493019,0.6402932746908541,0.38052248956250545,0.9315534428911769,0.7716658160087748,693.955022524188,2.5038465540193844,0.9132486519825966,0.011530112868696497,4361,64,27,0.2310590206092164,0.027474588353381343,2.3154110905918007e-05,8.616805387183977e-06,1.2030182925535236e-10,1.141382598462305e-06,-1.8473939355266604e-11,Castanea_Sativa_15.ab.jpg,Castanea_Sativa
416801.5,4041.3779698610306,0.6325256317636103,0.32068614561598113,0.9140413839060566,0.7093858042241662,728.4834604196124,2.50749299084959,0.9131024444018071,0.012555137157585673,5233,76,31,0.23051495964397728,0.027250842654093794,2.489969070125899e-06,9.075631807685749e-07,1.360995845704798e-12,9.365214000756863e-08,-9.500194223740524e-14,Castanea_Sativa_16.ab.jpg,Castanea_Sativa
140481.5,1720.4133375883102,0.7018775824217621,0.5964353810314788,0.9508922981054045,0.8330806788927253,422.9262360077851,1.210253116427836,0.7223812063355395,0.00698312589197166,981,15,7,0.17092630267246892,0.0035981453762691847,1.8623107654862175e-05,5.61374888937135e-07,1.7580541608024547e-12,3.252162382478012e-08,-4.51563216244417e-13,celtis_koraiensis_01.ab.jpg,Celtis_Koraiensis
140386.0,1779.5676653385162,0.6622793361418745,0.5570634337908558,0.9385910370263045,0.8369634894674282,422.7824579227366,1.152152063364392,0.7902869821807424,0.00750787115518992,1054,16,9,0.1780354276721594,0.005949896590165982,2.1847609418767043e-05,8.074369847190836e-07,3.2089194925350913e-12,5.9281183855059625e-08,1.0971248881998044e-12,celtis_koraiensis_02.ab.jpg,Celtis_Koraiensis
139848.5,1685.4671576023102,0.6673020856662485,0.6186244599504469,0.9379510395644671,0.8763035682594125,421.9723219263266,1.041942956364308,0.7725954497902968,0.007064787966928034,988,15,7,0.17549259320224836,0.00510442538192759,1.3030084672945061e-05,5.776614386340968e-07,3.095606082355462e-13,-1.4795123814574323e-08,1.5543069015415887e-12,celtis_koraiensis_03.ab.jpg,Celtis_Koraiensis
140015.0,1693.0579986572266,0.6755720034321384,0.6138196072601763,0.9351508938020487,0.8692851908815701,422.223441859987,1.0559631643771252,0.7547457741909999,0.008656215405430445,1212,31,11,0.17305739214553223,0.004264207773100179,1.5799828898982712e-05,2.14318281845755e-06,1.2471029357884978e-11,1.3994727295270982e-07,9.544517361386461e-14,celtis_koraiensis_04.ab.jpg,Celtis_Koraiensis
140625.5,1676.3544627428055,0.7003401462145643,0.6288430040955036,0.9558265278661553,0.8580843294726977,423.14293991292664,1.0080386288265328,0.7446325799631072,0.006129755983046248,862,14,7,0.17245426999119945,0.004147404767480951,1.1160973918004613e-05,3.020694370529011e-07,-1.0382477735853483e-13,-4.630927118919815e-09,5.448357551531977e-13,celtis_koraiensis_05.ab.jpg,Celtis_Koraiensis
139836.0,1703.1412613391876,0.6392853550794133,0.6057975539193918,0.9316282307889043,0.8725303793259115,421.9534630472728,1.12292357684549,0.760784116976861,0.006929546039596887,969,15,7,0.17309046862620994,0.004102853633764936,5.0076012594632605e-05,5.089780821609875e-06,8.114284880371232e-11,3.204268752932549e-07,-4.315142613906449e-12,celtis_koraiensis_06.ab.jpg,Celtis_Koraiensis
140966.5,1747.95244038105,0.6336598281041712,0.5797844420248589,0.9389003596580597,0.8601463249470483,423.65566475961265,1.1652799499075328,0.780278015590349,0.010647919895786248,1501,39,15,0.17647077304727185,0.005357157182465432,1.3062134738757064e-05,3.02391276582946e-07,-5.522216675698287e-13,-2.165025724727498e-08,-2.3712816564860274e-13,celtis_koraiensis_07.ab.jpg,Celtis_Koraiensis
140300.0,1684.4549674987793,0.6580305048465469,0.621367773173544,0.9411748921577177,0.8744753681951305,422.6529405154344,1.0540659146094697,0.7650900004096894,0.007590876692747036,1065,19,9,0.17551261626840362,0.005091014093386552,1.7652183613158555e-05,1.0810937617516886e-06,4.478755033545853e-12,6.51536953317966e-08,1.498348878873864e-12,celtis_koraiensis_08.ab.jpg,Celtis_Koraiensis
140585.5,1668.2123259305954,0.7215729448924121,0.634815821833186,0.955210545083622,0.8414000913288208,423.0827555175999,1.471278377371747,0.6739680436050606,0.007852872451228236,1104,13,7,0.16752733765362934,0.0024972729390163807,1.5760757458256543e-05,1.8968260048059829e-07,1.7206169176936762e-13,5.345965435436809e-09,-2.7920771494488085e-13,celtis_koraiensis_09.ab.jpg,Celtis_Koraiensis
139844.0,1680.6559759378433,0.6791181041148061,0.6221513582914059,0.9435053215649737,0.8617017312498624,421.96553282696453,1.0442908910324733,0.7488321744056914,0.007393953262153585,1034,15,8,0.17276178699173164,0.004227338895891096,1.0251043502045882e-05,2.55420454227801e-07,-3.464939807157906e-13,-1.6150937897226207e-08,2.2530090228323962e-13,celtis_koraiensis_10.ab.jpg,Celtis_Koraiensis
139823.5,1738.070191502571,0.6549110070226936,0.5816415329100717,0.9269011372124925,0.8571035464509592,421.93460332529855,1.2363133357704095,0.761976531579291,0.009640725629027732,1348,23,10,0.173001155295089,0.004070685116052791,3.6526251065470547e-05,2.8737780947378604e-06,2.3753323042219144e-11,6.646758315149062e-08,-1.7397449101422644e-11,celtis_koraiensis_11.ab.jpg,Celtis_Koraiensis
140136.0,1780.2539557218552,0.635667142951461,0.5556427628304966,0.9208266254826637,0.8537027109254574,422.40584375811704,1.1262812484187126,0.7862936027663573,0.007671119483875156,1075,14,7,0.17698826334863282,0.005447911618948422,2.082115055421386e-05,2.775100813426014e-06,2.109431410607885e-11,2.0204802013468854e-07,1.0223664602758896e-13,celtis_koraiensis_12.ab.jpg,Celtis_Koraiensis
141016.5,1822.0356984138489,0.6422569273622166,0.533784590244093,0.9240621211564229,0.8355934360273439,423.7307922020137,1.129743277195426,0.7996619706760467,0.009651352855803035,1361,25,10,0.17894914095850933,0.006076678642542352,1.1580028806792722e-05,8.333518679454135e-08,7.033551975221838e-15,2.9123024825858566e-09,-8.156213499334417e-14,celtis_koraiensis_13.ab.jpg,Celtis_Koraiensis
139720.0,1666.170697927475,0.7154891206903174,0.6324547461384181,0.9481477460050614,0.8537782860934321,421.77841242813383,1.5458221855655567,0.7099799898156613,0.007550815917495342,1055,28,11,0.1699020628311695,0.003247543136898632,7.901101076126469e-06,1.8940817549064275e-07,-1.4097084785445332e-13,-8.286350619284655e-09,1.8389135448342086e-13,celtis_koraiensis_14.ab.jpg,Celtis_Koraiensis
140700.5,1781.0062651634216,0.6471577136572001,0.5574098134120677,0.9388451644912348,0.8302379718761648,423.25576258807126,1.1792668777585535,0.7536939846651419,0.008244462528503846,1160,22,9,0.173982413537645,0.004425945935744946,2.715557083287195e-05,1.1161654286423398e-06,4.8141325019452445e-12,5.3481023997715925e-08,3.819061173941267e-12,celtis_koraiensis_15.ab.jpg,Celtis_Koraiensis
139505.5,1642.6143456697464,0.7143797175330323,0.6497255886075264,0.9538087603302727,0.8732051942540441,421.4545281617594,1.6908854774151145,0.7572339483539927,0.006945962703929623,969,21,8,0.1739328016542381,0.004632858628395494,1.0351652703390113e-05,2.2099686672628644e-07,-3.306172204160835e-13,-1.2742385800702943e-08,-4.9211803697501986e-14,celtis_koraiensis_16.ab.jpg,Celtis_Koraiensis
138664.5,1454.9473868608475,0.7769886363592826,0.8231530208612898,0.9846198089122411,0.9250394489614451,420.1822519466154,1.032550958604322,0.30179466976783614,0.002242823505639563,311,7,4,0.1613438987123571,6.5428841452967e-05,0.00013261306427341183,4.869858495380628e-07,-3.4197990742644893e-12,-2.7858093611557748e-09,-1.902792915761561e-12,cercis_siliquastrum_01.ab.jpg,Cercis_Siliquastrum
138681.5,1490.805253982544,0.7752333836392462,0.7841272832210904,0.9780974278249903,0.9053659510788773,420.2080079236823,1.1288182494182373,0.4852740497301101,0.0022713916419834558,315,4,3,0.16274785620459878,0.00046921995093611316,9.643118198465478e-05,1.7575941082777528e-06,-2.161827614432148e-11,-3.6463683348913864e-08,7.497888278957704e-12,cercis_siliquastrum_02.ab.jpg,Cercis_Siliquastrum
138438.0,1468.7636218070984,0.7873669123624342,0.806420140127341,0.9791977592076673,0.9165379026176343,419.8389406594468,1.1417726770453709,0.528025451790199,0.0022175992140725984,307,11,5,0.16276852651456006,0.0005384912653085363,5.272913922728663e-05,1.4019785085637473e-06,-1.1365915030818923e-11,-3.2046699746210075e-08,4.014851452869387e-12,cercis_siliquastrum_03.ab.jpg,Cercis_Siliquastrum
138703.0,1477.2245211601257,0.8190606103504166,0.7987349760932781,0.9725695053046834,0.9204508624463728,420.24057939875496,1.161359269100987,0.5656546573486665,0.002069169376278313,287,0,2,0.1643774086311684,0.0007117054956184971,8.67529738502465e-05,2.924965888463745e-06,-3.679252347945271e-11,-6.375093304882557e-08,2.8587498208161496e-11,cercis_siliquastrum_04.ab.jpg,Cercis_Siliquastrum
138745.0,1451.5331768989563,0.7766302826712754,0.8275100403389265,0.9804676734272698,0.9271758342479294,420.30420011496454,1.1369569075166797,0.5098924127296366,0.0016649248621451948,231,4,3,0.16263973275401636,0.0006005352158558512,6.302107550425194e-05,1.1956078002537833e-06,-7.787319664876591e-12,-1.8895814196603298e-08,6.860514656348368e-12,cercis_siliquastrum_05.ab.jpg,Cercis_Siliquastrum
138757.0,1447.3910380601883,0.7724514563063793,0.8323251297310529,0.9829140958639437,0.9309327732550585,420.32237569372506,1.0652451120145856,0.34641330217232286,0.0020467435876961398,284,3,3,0.16166581906491234,0.0001633931182538869,0.00011589701547369592,7.941179459076869e-07,-7.564761470589123e-12,-9.539924125711406e-09,9.02423342947364e-13,cercis_siliquastrum_06.ab.jpg,Cercis_Siliquastrum
138908.0,1492.905758857727,0.7918234261304249,0.7831993813600506,0.9785078790286033,0.9062064158455484,420.5510179277563,1.1290498895564252,0.4719329190094568,0.0023684740979470695,329,7,4,0.16266422048207965,0.00037814112632300964,0.00011942883580134126,1.819945271713402e-06,-2.5811176931134655e-11,-3.389620141324576e-08,7.328236778771714e-12,cercis_siliquastrum_07.ab.jpg,Cercis_Siliquastrum
138544.5,1473.6925537586212,0.7967730989935888,0.8016510678394655,0.9740877451945855,0.9184673654887886,420.000400125477,1.2131799126287655,0.5919964615651402,0.0024179956620261505,335,4,3,0.16475921122508608,0.0011232875738332155,4.394951314666981e-05,1.7768303992497313e-06,-1.567168003120324e-11,-5.955043399098854e-08,-9.700818462147178e-13,cercis_siliquastrum_08.ab.jpg,Cercis_Siliquastrum
138510.5,1491.5504211187363,0.8132989248779363,0.7823780955984947,0.968994525764073,0.9126238427485035,419.94886112601824,1.1813305145200244,0.5695733338613679,0.00272903498288773,378,4,3,0.16539024683058223,0.0009586287520223761,0.00010204633173584246,3.98754495511087e-06,-7.895189589401338e-11,-1.1976847840404496e-07,1.53865373922071e-11,cercis_siliquastrum_09.ab.jpg,Cercis_Siliquastrum
138439.5,1465.4915421009064,0.7744780477937339,0.8100340099945736,0.9846862385903609,0.9164398257228857,419.8412151675483,1.126472926478527,0.5162046980286205,0.0018997468207997013,263,11,5,0.16218130060746277,0.0005722124576062918,5.56114576675779e-05,8.237310026238508e-07,-1.7520510869770003e-12,-1.77651208564165e-09,5.29274448572341e-12,cercis_siliquastrum_10.ab.jpg,Cercis_Siliquastrum
138748.5,1446.6631186008453,0.7909142212144531,0.8331119067694257,0.9817238195237316,0.9298921806106727,420.3095014066262,1.1203565033037521,0.4896036008047042,0.0018450649916803058,256,1,3,0.16208911281055333,0.0004741399803937691,4.9447399330713776e-05,9.427737893747227e-07,-3.550653623101823e-12,-9.578894009656669e-09,-5.36914577788233e-12,cercis_siliquastrum_11.ab.jpg,Cercis_Siliquastrum
138699.5,1488.1778391599655,0.8002694500173079,0.7870006542295177,0.977845067039538,0.9081434904756363,420.2352772376383,1.0644935656628418,0.3981402998243957,0.0024441328194950655,339,8,4,0.1623194802897944,0.00018854897896293881,0.00011422403932220444,1.7848034393586241e-06,-2.4194802498693658e-11,-2.2514918159012103e-08,8.002254299830307e-12,cercis_siliquastrum_12.ab.jpg,Cercis_Siliquastrum
138740.0,1462.5626149177551,0.7836425767415988,0.8150469339677349,0.9781754215201541,0.9231673158154075,420.2966267251695,1.0770684411090548,0.39396022859295926,0.0018451780308357706,256,0,2,0.16236254769239922,0.0002172482233978146,0.00012403027009019212,1.7536049358145505e-06,-1.6627715027153287e-11,-1.4728134346497373e-08,1.9808084597201086e-11,cercis_siliquastrum_13.ab.jpg,Cercis_Siliquastrum
138755.5,1481.4915437698364,0.7811226327952604,0.7944411235426777,0.9767146381654913,0.9121105991845452,420.3201037893618,1.1814493582763088,0.5458759935240689,0.0023350425748720947,324,4,3,0.1636400273411937,0.0007678246005490541,8.765783244727767e-05,2.0031903945596667e-06,-2.2873562980444942e-11,-4.677014932683432e-08,-1.346937597955834e-11,cercis_siliquastrum_14.ab.jpg,Cercis_Siliquastrum
138579.5,1450.1778398752213,0.7858163548787032,0.8280686163453694,0.9827845426043899,0.9266994186236361,420.0534483724976,1.0464982400366754,0.33498581399002725,0.0021143098365767354,293,4,3,0.16123658677847363,6.883878304998379e-05,9.926473431094062e-05,7.357426541762876e-07,-6.02117006210514e-12,-6.101240104649644e-09,1.8109930799995423e-12,cercis_siliquastrum_15.ab.jpg,Cercis_Siliquastrum
138712.5,1479.7758165597916,0.7785663770414979,0.7960376556237134,0.9771995575807001,0.9118897968408131,420.25497064172396,1.1133808964776868,0.45580780964044326,0.002631341804072226,365,3,3,0.1619917036105826,0.00034820288932898804,5.639486796611756e-05,1.0830373975184888e-06,-8.464067116528997e-12,-2.0178007839499826e-08,-4.401987161691932e-14,cercis_siliquastrum_16.ab.jpg,Cercis_Siliquastrum
283338.5,2378.3485345840454,0.6188592084557513,0.6294546661983812,0.9493190156267927,0.9353619661356235,600.6311536591687,1.6512290380976562,0.8483460534110443,0.0033775854675472004,957,0,2,0.18647445375027372,0.008774273235276447,7.200483492281544e-06,3.667892234598582e-07,-3.042480671566302e-13,-2.6546983054073413e-08,5.125878745655008e-13,Cornus_Chinensis_01.ab.jpg,Cornus_Chinensis
287182.0,2322.022632956505,0.6528139590905204,0.6693205860820711,0.9640150116448899,0.9371016083538256,604.6912261114209,1.992322919791157,0.8414243318995673,0.00319657917277825,918,3,2,0.18740547848795677,0.009296603557872082,3.5088518911909387e-05,2.034423085118621e-06,3.431576955680867e-12,-1.018995449887125e-08,1.6842731120729385e-11,Cornus_Chinensis_02.ab.jpg,Cornus_Chinensis
118258.5,1592.2610961198807,0.6199886758590355,0.5861566034249079,0.9387457828859794,0.9293721723798106,388.0353059981311,2.2260273972602738,0.8706920185268663,0.005445697349404519,644,3,3,0.19773518279209062,0.012697840728238392,0.00018717419761007942,3.646025492205104e-05,2.894061692710386e-09,3.239830979093225e-06,-8.345355310233807e-10,Cornus_Chinensis_03.ab.jpg,Cornus_Chinensis
230153.0,2175.3119562864304,0.6300521226836885,0.6112000913165235,0.9554317548706855,0.9235116337662382,541.3315997976027,2.056751609010123,0.8613239740057097,0.003823543468893199,880,1,3,0.1935772371410538,0.011551608914389265,3.4463014125085175e-06,9.733852212435848e-07,1.7366096198498596e-12,9.329832584356757e-08,-4.0321129279965076e-13,Cornus_Chinensis_04.ab.jpg,Cornus_Chinensis
280292.0,2318.8510650396347,0.635147812607613,0.6550506094813413,0.9667558259618537,0.941306243309227,597.3933867000104,1.9915132167769056,0.8511659481460284,0.0033393746521365596,936,3,3,0.19194752019846406,0.010889311233093864,3.714967743590961e-05,8.355378316575313e-06,1.451934142513343e-10,8.145639143243462e-07,2.4261031186709446e-11,Cornus_Chinensis_05.ab.jpg,Cornus_Chinensis
326394.0,2370.6500465869904,0.6698614280774996,0.7298223073613995,0.9786383663845375,0.9359283384905622,644.6531997627009,1.1039475196032302,0.7789569364632657,0.002717574465208559,887,0,2,0.17712388999755946,0.00572421025162001,1.3911589382611732e-05,1.904144731858445e-06,9.78522244770493e-12,1.4304251771703815e-07,-5.429844782978507e-13,Cornus_Chinensis_06.ab.jpg,Cornus_Chinensis
211525.5,2127.530212163925,0.6128509343745825,0.5872474265183294,0.948041063376869,0.9307158672108989,518.9630346372251,2.288520531551935,0.8829212295667548,0.0041035241613701255,868,0,2,0.2003075639686403,0.01413111470923643,1.315660263025311e-05,4.996891805341625e-06,4.049622481884579e-11,5.713780668421858e-07,-1.2514048988852244e-12,Cornus_Chinensis_07.ab.jpg,Cornus_Chinensis
272110.0,2162.28252017498,0.6758549088941427,0.7313571159396867,0.9759903014268949,0.943579176069562,588.6095586361855,1.2389467427533931,0.8024542964711369,0.003057587005243991,832,0,2,0.17963836961104077,0.006645526226881382,4.839571373629439e-06,9.467697639055898e-07,2.0228743875788564e-12,7.208976892803316e-08,1.2298065292215336e-13,Cornus_Chinensis_08.ab.jpg,Cornus_Chinensis
254496.5,2335.353585958481,0.6117469039637616,0.5863897751328959,0.9513692241806192,0.9351532047180737,569.2407292145322,2.2740046838407495,0.8823557664635591,0.003752507401855222,955,0,2,0.20254725051783692,0.014814285407038644,7.671933656720799e-06,1.6318965961619302e-06,5.537531358751688e-12,1.0110127838060669e-07,1.6361733607117716e-12,Cornus_Chinensis_09.ab.jpg,Cornus_Chinensis
254903.0,2322.684541940689,0.6194242751178097,0.5937509966235194,0.9370985945490211,0.9351546004245134,569.6951638127422,2.266591748607094,0.8773947743238207,0.003726907882591704,950,0,2,0.19772770782163784,0.013016294214436388,2.389176802886341e-05,2.4138843939742322e-06,1.372494034845999e-11,6.202291552907385e-08,-1.2152004268819046e-11,Cornus_Chinensis_10.ab.jpg,Cornus_Chinensis
286628.5,2448.7261707782745,0.6394674609003426,0.6006877693864594,0.9453165967997477,0.9315771602316245,604.108219483995,2.264985879665006,0.875460418559128,0.0034679035755220853,994,3,3,0.19969390297996584,0.013915614599376517,4.3265697537648105e-05,1.6416771830877124e-05,4.372356806824622e-10,1.8814788393959383e-06,-1.5925950270679616e-11,Cornus_Chinensis_11.ab.jpg,Cornus_Chinensis
302341.0,2580.081509232521,0.614849145468233,0.5707422941783962,0.9517365341059777,0.9322295550761223,620.4454183848679,2.2797539058659826,0.8935284373036567,0.003535742754030926,1069,3,3,0.208304101619446,0.017200363006694128,0.00010274976518833862,2.6030185133395562e-05,1.3157499545171793e-09,2.7069822160780252e-06,-2.8465612318158123e-10,Cornus_Chinensis_12.ab.jpg,Cornus_Chinensis
215088.5,2220.6185249090195,0.6040793686440373,0.5481244032990716,0.9310868021846382,0.9328717084910463,523.3155681018567,2.468111387019928,0.894073474199206,0.004286607605686559,922,0,2,0.20798200505595815,0.017111062554919395,1.046358952380187e-05,6.5442246508723146e-06,5.4152338533718187e-11,8.344694964492545e-07,3.7531192726683055e-13,Cornus_Chinensis_13.ab.jpg,Cornus_Chinensis
230865.5,2189.044929265976,0.6285783131200859,0.6054238856499901,0.966510371963383,0.9346438921050412,542.1688704776914,2.2078844681302643,0.8789843456161563,0.0038680530438551103,893,4,3,0.20321513095506377,0.014872469575086054,0.00021778138257893723,5.823605576402642e-05,6.519059170225152e-09,6.651547119473149e-06,-7.173270873188817e-10,Cornus_Chinensis_14.ab.jpg,Cornus_Chinensis
299770.5,2567.3190970420837,0.59620345306853,0.5715300288525255,0.9395589154801466,0.9329476815547485,617.8022781966995,2.3177421198223005,0.8834987706356395,0.0035093513204150864,1052,0,2,0.199047245096827,0.013286656164363924,0.0001527730869666089,5.119538907525549e-05,4.527458970214785e-09,5.899419945691471e-06,-3.784942361853295e-11,Cornus_Chinensis_15.ab.jpg,Cornus_Chinensis
301828.5,2442.7505580186844,0.6535022290145487,0.6356409485900947,0.9600677518597248,0.9367656135394136,619.9193350171432,2.1201716738197427,0.8560239715329047,0.00323031125290279,975,1,3,0.1935633469890528,0.01136251121737283,0.00013470469174500777,9.832674774880418e-06,1.1978075968858071e-10,-9.331143290451808e-11,-3.3720605749166004e-10,Cornus_Chinensis_16.ab.jpg,Cornus_Chinensis
138878.0,1538.3027287721634,0.6707008461119717,0.7374960467961754,0.9663128524593648,0.9277843267128333,420.5056022144413,1.0824689026496166,0.7173394929191711,0.004025115569031631,559,0,2,0.1700227238425627,0.0031693351271928905,4.956130982928808e-05,3.884323643850923e-06,5.285165994557868e-11,2.0480198639293338e-07,1.0550823806380192e-11,cornus_controversa_01.ab.jpg,Cornus_Controversa
138804.0,1538.1017159223557,0.675988019574471,0.7372957530913253,0.9733903231732914,0.9325073018541973,420.39355581100375,1.1935929087157597,0.7629105573577113,0.004020057058845422,558,0,2,0.1749981693085657,0.0050298952182843025,7.77941385374085e-06,4.846074339773473e-07,9.195369441663703e-13,3.3510938106553974e-08,-1.995146364419709e-13,cornus_controversa_02.ab.jpg,Cornus_Controversa
138930.5,1573.8590769767761,0.6571925260139205,0.7048160358088204,0.9648621431976883,0.9291690399055825,420.58507649443357,1.1577040478859653,0.7851928237162825,0.0042755190544605,594,1,3,0.17613507987043886,0.0052113359532886035,5.715812421202352e-05,6.919707026232442e-06,1.3513179137285516e-10,4.4273594304474256e-07,-2.6032733633887348e-11,cornus_controversa_03.ab.jpg,Cornus_Controversa
138983.5,1594.001212477684,0.6625834286772379,0.6873782933261213,0.9650157614741843,0.92701811499715,420.6652924424589,1.5091930897558123,0.7982216309859621,0.004309864120530063,599,1,3,0.1796754870514717,0.006363175949255728,9.388714561249198e-05,1.4588318939151085e-05,5.338654662312534e-10,1.1129079534177553e-06,-8.047653117294342e-11,cornus_controversa_04.ab.jpg,Cornus_Controversa
138859.0,1499.9007061719894,0.6780986145871943,0.7756376433704828,0.9761136534513162,0.935839033532674,420.47683639218457,1.0740515566298634,0.6830265129351574,0.0038744337781211557,538,0,2,0.1669056233299969,0.0022446277214654272,2.1588114876739686e-05,1.5216870931075478e-06,8.642535433616596e-12,6.944323044582013e-08,-1.1715880024766207e-12,cornus_controversa_05.ab.jpg,Cornus_Controversa
139240.0,1592.7880086898804,0.6575337290593757,0.689696343833806,0.9611641102745905,0.9333372215580912,421.053291412054,1.4234394143282656,0.8161190949236942,0.004395288710109198,612,0,2,0.1804398414945359,0.0066666364377346915,7.822572556998233e-05,1.5306513015903645e-05,5.293261650322213e-10,1.2428728438237013e-06,-1.8526175027445577e-11,cornus_controversa_06.ab.jpg,Cornus_Controversa
138517.0,1491.273290514946,0.6853036487288297,0.7827056378773072,0.9763622458440876,0.9332675362293832,419.958714659049,1.0910549296812282,0.649906460047965,0.003804587162559075,527,0,2,0.165486478497639,0.0017942764576483808,2.77332439280818e-05,9.775887083094555e-07,4.173357026299121e-12,2.773657313807877e-08,-2.9143091497482966e-12,cornus_controversa_07.ab.jpg,Cornus_Controversa
138760.5,1505.2316590547562,0.6862706792913461,0.7696070401644923,0.9754623869007918,0.9269180747053256,420.3276767561512,1.0279847510269482,0.6704349021230134,0.003841150759734642,533,0,2,0.1664045099983726,0.0021369843315603106,3.2934846999597175e-05,1.2997608717548674e-06,8.24557696626332e-12,5.6684698508020296e-08,2.080480026205865e-12,cornus_controversa_08.ab.jpg,Cornus_Controversa
138938.5,1527.6580637693405,0.6679767691158708,0.7481353159246821,0.9662295845740537,0.9330839128661833,420.59718554239805,1.0609819349915122,0.7042977708289155,0.004037757712915874,561,0,2,0.16832588852379016,0.0027382849136702034,8.808715138068282e-06,3.046075361033345e-07,3.296402658373465e-13,4.469437299205383e-09,-3.7456657149890487e-13,cornus_controversa_09.ab.jpg,Cornus_Controversa
138812.0,1504.6458741426468,0.6959320572304702,0.7704922565097735,0.9754884047717814,0.9322891729487298,420.4056703753856,1.0440943171666253,0.7013845080562061,0.0038397256721044307,533,1,3,0.16868032198426372,0.0028875462803595884,2.318680916995179e-05,1.1953973074430335e-06,5.927844667509689e-12,5.6117278318064314e-08,-2.1138098193020505e-12,cornus_controversa_10.ab.jpg,Cornus_Controversa
138629.0,1472.1605931520462,0.701450170009404,0.8038103201372025,0.9777995648010932,0.9327828897816761,420.12846231491017,1.0628190846129026,0.5621325684092495,0.0035706814591205975,495,0,2,0.16258088380547628,0.0008787083810992824,2.9947793976416805e-05,3.8228137269048353e-07,1.2826745223417523e-12,1.0866828789884867e-08,-1.6678306516758727e-13,cornus_controversa_11.ab.jpg,Cornus_Controversa
138753.0,1523.1900290250778,0.7018893694478494,0.7515261029525858,0.9788744069491252,0.931912695486832,420.3163172548004,1.0840239170338601,0.7709117238870005,0.003985499412596589,553,3,3,0.1749122172555137,0.00494479796059537,5.992371304656837e-05,5.800416068414052e-06,1.081282301536225e-10,4.0785709059231085e-07,-1.6240992863619924e-12,cornus_controversa_12.ab.jpg,Cornus_Controversa
139001.5,1590.40323138237,0.6641986458107475,0.6905813602714689,0.9667315783915795,0.9317927142162805,420.6925321152073,1.3554422067188554,0.8190924472149305,0.004402830185254095,612,0,2,0.1813530190260666,0.007022964933320231,0.00010319935571856592,1.7055058647779496e-05,7.155126787846424e-10,1.4291651493409614e-06,-1.5238572182440132e-12,cornus_controversa_13.ab.jpg,Cornus_Controversa
138715.5,1514.6042419672012,0.6903741638761627,0.7598651347107963,0.9722719674148497,0.9265837295268609,420.25951514238255,1.035261034681829,0.6947568500759247,0.0038784418467735873,538,0,2,0.1673041101700553,0.002401730196623872,3.441872042288189e-05,1.7938539323265613e-06,1.4053636509624912e-11,8.730747885818988e-08,1.084492694958229e-12,cornus_controversa_14.ab.jpg,Cornus_Controversa
139181.0,1587.474300146103,0.6743265503843298,0.6940270701746977,0.9674148009580422,0.9240424288997234,420.9640757544338,1.7382842882262568,0.7936293751442025,0.004203159914038531,585,0,2,0.17858140202759049,0.005982920531743713,0.00011547312742937289,1.5266526691632096e-05,6.328140580935816e-10,1.1397271244430986e-06,1.0204772452757973e-10,cornus_controversa_15.ab.jpg,Cornus_Controversa
138813.5,1520.6286296844482,0.6708429181696137,0.7543888185148805,0.9764905332472081,0.9382537473481235,420.40794181734304,1.0900202542207509,0.7431343142511119,0.004077413219866386,566,0,2,0.17153878477219353,0.0038052046499704975,1.6350754704239825e-05,1.3550204578329611e-06,6.3620418635044445e-12,8.348757313120045e-08,-4.515531324289602e-13,cornus_controversa_16.ab.jpg,Cornus_Controversa
164346.0,1751.4986839294434,0.6669832225360712,0.6732081603417082,0.9688812641984567,0.9383603148705639,457.4405165910045,2.0028571428571427,0.8455006790234667,0.004186289900550142,688,0,2,0.18932892919270153,0.009884732042478814,9.943521881590715e-05,2.3303912938238394e-05,1.1210001788631181e-09,2.2761731353584474e-06,-4.2213589191959513e-11,Cornus_Macrophylla_01.ab.jpg,Cornus_Macrophylla
124317.5,1713.9768257141113,0.6085433728009685,0.5317802951475457,0.9605073051560277,0.9293043132119667,397.8516772650501,2.5946281264032893,0.910338845658247,0.0057514026584692315,715,0,2,0.224803255477535,0.024156779169081006,0.00013021917967458426,5.5242040689139785e-05,4.684428683955633e-09,8.564195895261355e-06,9.291632828562027e-11,Cornus_Macrophylla_02.ab.jpg,Cornus_Macrophylla
137483.0,1647.0478944778442,0.6488475043388542,0.6368635713096971,0.9662270668327642,0.9235406685661133,418.38832718997355,1.9724770642201834,0.8504243983998302,0.0045823847311698,630,0,2,0.19076670204876367,0.010195781368111528,0.0002382936263398094,4.9385666162644804e-05,5.355535932167947e-09,4.985264349003574e-06,1.4294809318833436e-10,Cornus_Macrophylla_03.ab.jpg,Cornus_Macrophylla
125018.5,1545.859079003334,0.6380578352082411,0.6574221705806805,0.9672985415221688,0.9378163327908858,398.9718010379592,1.539334035991183,0.8419870109131442,0.004927270763887527,616,0,2,0.18958058641598238,0.009924651976224564,2.1807738598213233e-05,2.7438955913472067e-06,2.037687938560961e-11,1.9665135671436167e-07,-5.941553964706129e-12,Cornus_Macrophylla_04.ab.jpg,Cornus_Macrophylla
148723.0,1800.7291318178177,0.6209002705294542,0.5763565329866368,0.9726751296526989,0.9352417362176034,435.1551502759075,2.2196095534716727,0.8955193178657574,0.004955521338293636,737,0,2,0.21650971234424443,0.020658537785351903,5.8105871436957534e-05,1.801566255990807e-05,5.78115907649165e-10,2.5184609934392035e-06,7.443664261033254e-11,Cornus_Macrophylla_05.ab.jpg,Cornus_Macrophylla
145993.5,1670.1433469057083,0.6466355736238599,0.6577121862416621,0.9668507738397814,0.9314396141351963,431.1434766690701,1.484004404611185,0.8417640227542057,0.004507049971371965,658,4,3,0.18822913705177316,0.009536957693703794,3.345154553554836e-05,7.318965331370185e-06,1.1386969637801746e-10,6.533328805286795e-07,-1.2190181856775875e-11,Cornus_Macrophylla_06.ab.jpg,Cornus_Macrophylla
139232.0,1660.2438530921936,0.6437521384089118,0.6347535868913518,0.965393869209728,0.9360454630263785,421.0411954815897,2.134982952302509,0.861898407596269,0.004761836359423395,663,0,2,0.19641275394292845,0.012662762829253098,4.939889628026515e-05,8.42320750619637e-06,1.5916059406463182e-10,6.450222951185302e-07,-6.473156172039176e-11,Cornus_Macrophylla_07.ab.jpg,Cornus_Macrophylla
204020.0,1945.866215467453,0.6774674498816956,0.6771059834785255,0.9735566886046647,0.9212539430787877,509.67276944807236,1.8945668632459038,0.836868809417121,0.0036074894617997865,736,1,3,0.18793926279220247,0.00937306031001527,0.000130070063495505,2.7515683830276282e-05,1.6452992762995145e-09,2.6556112165735934e-06,-5.169164335189892e-11,Cornus_Macrophylla_08.ab.jpg,Cornus_Macrophylla
179799.0,1829.3565509319305,0.6681742168023034,0.6751502240329886,0.9712354962027007,0.9275129127289262,478.46337049332993,1.8034996663242238,0.8388280262212989,0.003820933375581505,687,0,2,0.1873023592183321,0.009058578134966168,0.00014005097187829013,2.9988291971445527e-05,1.9426574655320287e-09,2.8292185943530953e-06,-5.506989933149467e-11,Cornus_Macrophylla_09.ab.jpg,Cornus_Macrophylla
103657.0,1401.1900281906128,0.6348808721710364,0.6634595100742585,0.9713260305202421,0.9358036290729076,363.29078090231354,1.6521198806491681,0.8418075330165602,0.005305961005959019,550,0,2,0.1887887328756305,0.009682003978292145,2.1061920473748797e-05,1.2463674793461666e-06,8.008129194961225e-13,-2.352375068410268e-08,6.3354299515597195e-12,Cornus_Macrophylla_10.ab.jpg,Cornus_Macrophylla
112034.5,1461.633682847023,0.6525394606520325,0.6589987017935904,0.9773874278550128,0.9374004046668605,377.6860545143699,1.878058153623531,0.861823259884558,0.005185902556755412,581,4,3,0.19433590847166077,0.011881292748261862,2.336264326135107e-05,4.35120792505103e-06,4.040364936113686e-11,3.38475925457559e-07,1.7093679965580528e-11,Cornus_Macrophylla_11.ab.jpg,Cornus_Macrophylla
116110.5,1552.6631175279617,0.6489447915815331,0.6052389731277941,0.9830334124854864,0.940221598193159,384.4950977047329,2.417250054704978,0.8959134913858275,0.0054000284211557096,627,0,2,0.21695547050664282,0.021115182098194844,2.476588584726674e-05,5.474727017688453e-06,5.886222342613232e-11,5.82145843522072e-07,2.4476976634827097e-11,Cornus_Macrophylla_12.ab.jpg,Cornus_Macrophylla
144782.0,1608.1017179489136,0.6661053755099187,0.7035539470622789,0.9724124266588818,0.929000943952052,429.3508678992583,1.2941258214715214,0.7856825683335414,0.004123440759181919,597,0,2,0.17867065410525548,0.006037572563945684,8.859494947402978e-05,3.6467337813863307e-06,1.424850637420257e-11,-2.563070091915142e-08,-6.398079931073156e-11,Cornus_Macrophylla_13.ab.jpg,Cornus_Macrophylla
154922.0,1730.6702579259872,0.6328513071869573,0.6499714766256858,0.9625055138890355,0.9238139330840173,444.13153091112645,1.4710004217529091,0.8268790922192266,0.0042989375298259835,666,0,2,0.1843966991427055,0.007881008091184253,9.675871660575073e-05,2.0371706453837634e-05,9.042838870634312e-10,1.7976023150323846e-06,-1.7506715261755072e-11,Cornus_Macrophylla_14.ab.jpg,Cornus_Macrophylla
168388.5,1805.8834612369537,0.6403578491000899,0.64884782179724,0.9448668454726067,0.9195513708031215,463.03228513640056,1.466704188835095,0.7962356610071804,0.0040560964673712506,683,1,3,0.1802002889172116,0.00640029912621889,2.6510273502337567e-05,5.36171322734844e-06,6.359347774497453e-11,4.220226871971993e-07,6.489975404354777e-12,Cornus_Macrophylla_15.ab.jpg,Cornus_Macrophylla
126221.0,1664.9057568311691,0.6476924024228097,0.5722188637417072,0.9728990187766566,0.9337501621890073,400.88597952038305,2.5387564689113913,0.911154577422315,0.005442834393599775,687,1,3,0.22549971846294728,0.024639877799624822,0.00019334498403246822,6.911745833473896e-05,7.96093635765553e-09,1.0279928040179787e-05,-6.811598873090205e-10,Cornus_Macrophylla_16.ab.jpg,Cornus_Macrophylla
138623.0,1552.2438542842865,0.662228655503983,0.7229782950818172,0.9579862130857587,0.931788993364322,420.1193704291942,1.2148348641466162,0.760892402297014,0.003642974109609206,505,4,3,0.1745977970371167,0.004812838697561714,8.277828053021309e-06,1.244653751003938e-07,3.758946333604767e-14,3.90690165412874e-09,-1.2061552258437168e-13,cotinus_coggygria_01.ab.jpg,Cotinus_Coggygria
138792.5,1544.746376991272,0.6782508197569392,0.7309059410269222,0.953903621655374,0.9358609784042076,420.37614051305894,1.2036867392842587,0.7413015934318501,0.0035016301312859005,486,0,2,0.17252045744891456,0.00410449151615423,2.884137527332455e-06,1.2727281675321077e-06,2.4367352129428038e-12,8.090693108427732e-08,9.107417411037268e-14,cotinus_coggygria_02.ab.jpg,Cotinus_Coggygria
138474.0,1513.6164368391037,0.6816812381818994,0.7595326211687414,0.9676256227789861,0.9364392825649331,419.89352545336646,1.0978569420637823,0.6930568993770879,0.003235264381737833,448,0,2,0.16852327100023376,0.002694959734431409,2.013211469093098e-05,5.174775130611288e-07,1.0255884393228478e-12,-5.726563745535537e-10,1.3182977967621013e-12,cotinus_coggygria_03.ab.jpg,Cotinus_Coggygria
138476.0,1492.8468860387802,0.7008604109692232,0.7808252357165759,0.9676463600340471,0.9394050949333579,419.89655773386187,1.060327919487272,0.6723668548953968,0.002671943152584766,370,0,2,0.16653461572452155,0.002130359665980306,3.1266097959228173e-06,7.777002146947054e-07,1.2083843213133988e-12,3.565256940906696e-08,-1.0227787645236376e-13,cotinus_coggygria_04.ab.jpg,Cotinus_Coggygria
138632.5,1506.545369386673,0.6886997257735439,0.7675567393259306,0.9700074867514465,0.939652140629401,420.1337658240497,1.1296611546472735,0.6943815289899831,0.003152218996244371,437,0,2,0.16860041259712755,0.0026617371512988246,2.5154582472221324e-05,1.769712494306319e-06,1.1757773961299648e-11,7.123427865943523e-08,1.0838870502790863e-12,cotinus_coggygria_05.ab.jpg,Cotinus_Coggygria
138416.5,1530.261099100113,0.6860521020198155,0.74279103112906,0.9605953037696747,0.9326853465125752,419.80633802246797,1.1809193081848226,0.7345462063294761,0.003229383780089589,447,0,2,0.17050118024375996,0.0034501192772328497,9.286490987578396e-07,6.365462591136238e-07,4.702875577630911e-13,3.6308259536152595e-08,1.354602735925965e-13,cotinus_coggygria_06.ab.jpg,Cotinus_Coggygria
138523.5,1515.7169415950775,0.6794964240482312,0.7576996914319727,0.9623797663518628,0.9346368622348475,419.96856796089077,1.1749578768420272,0.7049649870223861,0.0029381296314131672,407,0,2,0.1691166627360351,0.0029919315910260993,1.5672067471906682e-06,1.53071097546675e-07,1.0308078222956472e-14,7.198164193220212e-09,7.426064780429327e-14,cotinus_coggygria_07.ab.jpg,Cotinus_Coggygria
138562.0,1532.989019393921,0.6847640227295044,0.7409278497335818,0.9597467679251404,0.9363318727244244,420.0269250864683,1.2593754252559144,0.744315788704285,0.0029733981899584777,412,0,2,0.17148435440410675,0.0037201413044820357,3.0787142358937195e-05,2.7901883839200572e-06,2.4277176615716652e-11,1.1349453166238715e-07,-8.90944369963269e-12,cotinus_coggygria_08.ab.jpg,Cotinus_Coggygria
138539.0,1491.4154275655746,0.6789463366788584,0.7826807456162562,0.9677822718600094,0.932857664757641,419.99206336318395,1.0472482677419135,0.6223914554714686,0.003435855607421478,476,0,2,0.1641018041187115,0.0013511240143392169,1.2475350745315e-06,2.453213038542403e-08,3.748907518319655e-15,-2.1937351722091042e-10,2.0891085997229915e-15,cotinus_coggygria_09.ab.jpg,Cotinus_Coggygria
138852.0,1543.900707244873,0.6501535810577889,0.7320205469272791,0.94607742937093,0.9366293696210299,420.4662379615833,1.2023193007454358,0.7013007039663552,0.0029887938236180336,415,0,2,0.16828808002314832,0.002417880385184157,4.0355064494485255e-05,5.8439077979537e-06,8.97420234726288e-11,2.863953869185813e-07,5.514162690829945e-13,cotinus_coggygria_10.ab.jpg,Cotinus_Coggygria
138437.5,1521.5748046636581,0.6842501977032214,0.7514100429963159,0.9599715692326469,0.9349321250107153,419.83818248734127,1.0917658178073442,0.7083141244298803,0.002918284424358152,404,0,2,0.16913297322817558,0.002963493566985187,4.462729970273143e-06,8.981823811651907e-07,1.7578298032686511e-12,4.677596923897836e-08,-3.790689449959692e-13,cotinus_coggygria_11.ab.jpg,Cotinus_Coggygria
138721.0,1538.7291340827942,0.6683288046064426,0.7362540917452363,0.9620541983739649,0.9386497179629505,420.26784659929257,1.107449577480453,0.7552126775213777,0.0037629486523038116,522,0,2,0.1730758825483774,0.004275630861018228,8.637337871227545e-06,9.571412161206153e-07,2.6720029255995254e-12,4.277510191307045e-08,6.588611382684195e-13,cotinus_coggygria_12.ab.jpg,Cotinus_Coggygria
138557.0,1537.0722796916962,0.6671818947843159,0.7369699076058108,0.9663486351078493,0.9332447213041127,420.0193466971134,1.0563020232834914,0.7620367504391612,0.0035003644709144946,485,0,2,0.17474757616572031,0.004935666682763859,3.2277912483602307e-06,6.616246074526659e-08,-3.0099718421203394e-14,-3.8308285023315596e-09,5.3715571304697136e-15,cotinus_coggygria_13.ab.jpg,Cotinus_Coggygria
138805.0,1539.6996977329254,0.6512997372341812,0.735771438932546,0.9584656815290811,0.9333715950789516,420.3950701506433,1.2036256297900796,0.7154097552443115,0.0035445409026796976,492,0,2,0.16970580635141402,0.0030659317362771053,9.059605687564393e-07,7.995109830810181e-07,6.538016894571923e-13,4.4267583258939937e-08,-1.8853398693578783e-13,cotinus_coggygria_14.ab.jpg,Cotinus_Coggygria
138601.0,1510.0428470373154,0.6764588173248518,0.7638317151796887,0.966015458916997,0.9421427223512248,420.08603183138365,1.073145652643135,0.7102477589685053,0.0028282624223286393,392,0,2,0.1693259925165263,0.0029408586003271332,2.4582843488589057e-05,3.9089406993662025e-07,-1.1622370372006923e-12,-1.9244661327405054e-08,-3.427633132467495e-13,cotinus_coggygria_15.ab.jpg,Cotinus_Coggygria
138897.5,1536.9717769622803,0.6593507011333092,0.7388776118719099,0.962067269723343,0.9323948016406023,420.53512298600253,1.0168149667984148,0.7197998063441468,0.0037005705645983505,514,0,2,0.17058750782331583,0.003372584438418974,1.180892317515282e-05,3.91258986452156e-07,1.7270466209902743e-13,-9.333071506952534e-09,-8.230871606618209e-13,cotinus_coggygria_16.ab.jpg,Cotinus_Coggygria
143259.5,2170.6286298036575,0.5606498802438884,0.3820869820866787,0.846669838384864,0.6914947570108504,427.0874155942634,1.0266846398364688,0.2558504560486501,0.011789794044989758,1689,37,14,0.17040127254082948,3.857274067918094e-05,0.0004389534763078551,1.642784838219519e-06,1.9450839605962433e-12,1.0198546233036325e-08,4.407148768433832e-11,crataegus_monogyna_01.ab.jpg,Crataegus_Monogyna
142378.5,2066.805253982544,0.5923798626977642,0.4188467630456324,0.8582369127687549,0.7158093720368484,425.7721650367428,1.0373926812041891,0.2946544448302703,0.013295546729223192,1893,52,18,0.1672119106089302,7.455092606611153e-05,0.000329645996586661,1.0019569912383442e-07,-5.473281268971477e-13,-4.0458977133680964e-10,-1.789330908330606e-13,crataegus_monogyna_02.ab.jpg,Crataegus_Monogyna
148390.5,2518.3687415122986,0.5812169519385013,0.29402030372341253,0.819506497374984,0.6263737119901741,434.6684399206171,1.0324687641166788,0.7134951055437065,0.013646426152525624,2025,43,17,0.17822223133912657,0.003027058606465537,0.0002709831679577203,1.9881511865890983e-06,4.085801831651097e-11,8.406448466125136e-08,2.1451935839766754e-11,crataegus_monogyna_03.ab.jpg,Crataegus_Monogyna
142161.0,2015.75856924057,0.5851643602152564,0.43965630368543424,0.8525729638585458,0.7386868489427598,425.44683207081874,1.0032578695764893,0.3692876640265826,0.010945336625298462,1556,46,16,0.16659004183708875,8.029218117723448e-05,0.00011873117361713057,5.2171570781409137e-08,-2.5385892995569625e-15,6.369082852095371e-11,-1.2982257962619785e-13,crataegus_monogyna_04.ab.jpg,Crataegus_Monogyna
147216.5,2914.2307807207108,0.4658632059933107,0.21783039069677548,0.7143155203039658,0.5786645080975872,432.9455732970417,1.0447705563320502,0.5213303231783525,0.013829971504458874,2036,42,16,0.19807970095722127,0.0018207264520791278,0.0007264956577982442,2.2873084796201167e-06,8.029757953820231e-12,4.573327674112213e-08,-9.289389054847429e-11,crataegus_monogyna_05.ab.jpg,Crataegus_Monogyna
144166.5,2434.025593996048,0.5672719760739463,0.3057904639862212,0.8170226150185912,0.6298749584406442,428.4372635825015,1.0200313727084984,0.41396268614004855,0.012998858958128282,1874,65,21,0.1757863706974276,0.000149729702998857,0.0007273106881909603,1.7012469182451534e-06,-2.3855950761461966e-11,-4.756402227596878e-09,-5.488205161687511e-11,crataegus_monogyna_06.ab.jpg,Crataegus_Monogyna
141757.0,2019.0134024620056,0.5671096637893172,0.43699450302203424,0.8615011562028879,0.7358533415189608,424.84187428150545,1.054738907328315,0.2960924718359871,0.00946690463250868,1342,28,10,0.16896322561168894,1.5274540183467493e-05,0.00021234367315906135,6.425826029085561e-07,7.490251790929808e-12,-3.3873877982454083e-10,4.871797230650824e-13,crataegus_monogyna_07.ab.jpg,Crataegus_Monogyna
141929.5,2046.4864925146103,0.5553883780060442,0.42585796242123064,0.860828321971058,0.7345681173607918,425.10028459704574,1.0716405520300152,0.5089058965376164,0.01069545091041189,1518,48,15,0.17131628212103867,0.0003160748380094799,0.0003882674527774791,2.9420229718245607e-06,6.889534269826848e-11,7.318475077342786e-09,7.169753954686542e-11,crataegus_monogyna_08.ab.jpg,Crataegus_Monogyna
143260.0,2113.6509240865707,0.6139223147836148,0.40296588755663504,0.8694491142199207,0.702130011941593,427.08816089744215,1.0702509507129516,0.5168831422297642,0.01384894597226128,1984,55,21,0.16962753758306115,0.0004124167813751289,0.0005571525142589991,3.420224205150173e-06,-1.428014260439291e-10,-6.82697874768457e-08,-4.357955105022888e-11,crataegus_monogyna_09.ab.jpg,Crataegus_Monogyna
142136.5,1902.746377825737,0.6130246138823993,0.4933483424100492,0.8917025828211488,0.7687427372519181,425.41016977765054,1.0220659680043918,0.58888121587491,0.01124974936057065,1599,36,13,0.16781751244814813,0.001278286619345561,9.734859017750693e-05,9.353259029463847e-07,8.915711049822777e-12,3.343343214382409e-08,4.0756237628103366e-13,crataegus_monogyna_10.ab.jpg,Crataegus_Monogyna
143026.5,1911.6681714057922,0.623412880023435,0.49181453136451553,0.8861864178314377,0.7641983699903439,426.73996267640996,1.0395056733760535,0.3001350911604888,0.015046162773926187,2152,56,23,0.16662374294322785,8.781238744402313e-05,0.0005197702839336513,1.0444200756109994e-06,-1.987416456955741e-11,-8.690301871847519e-09,-1.4041897037131056e-11,crataegus_monogyna_11.ab.jpg,Crataegus_Monogyna
146317.5,2859.946513533592,0.4357177315595944,0.22479689797396954,0.6891772546862961,0.5948246160643298,431.62162490633756,1.077002504861516,0.18864865358764302,0.012343021169632182,1806,28,11,0.19877621403971327,7.254272839741569e-05,0.0010467681334864738,2.175615793761024e-06,3.455356433216872e-11,9.862825728412788e-09,9.790563612603375e-11,crataegus_monogyna_12.ab.jpg,Crataegus_Monogyna
144658.0,2519.1353302001953,0.4940454845049605,0.2864503272706522,0.7643206429091487,0.6401377532428314,429.1669675805667,1.0141869983078962,0.5340325440304337,0.012049108932709914,1743,24,12,0.1852793147432473,0.00044745696473219386,0.00047591563107205685,6.467970249546543e-06,3.58689753445767e-10,1.3302988903192919e-07,1.0834558774897784e-11,crataegus_monogyna_13.ab.jpg,Crataegus_Monogyna
146366.5,2731.4612332582474,0.46721261762641497,0.24652528508126517,0.7393442374487829,0.6016296067910674,431.69389134487324,1.0432524719024143,0.3721423012640596,0.01303576979696149,1908,37,14,0.18634841982904404,0.00018719794761961023,0.0006028035212539796,1.4293044996693891e-05,-1.2936319581576041e-09,-1.4166117810826624e-07,-2.9439414183958086e-10,crataegus_monogyna_14.ab.jpg,Crataegus_Monogyna
143596.5,2172.11896109581,0.6277031014332275,0.38246042668971403,0.8655005831370007,0.6787348661066114,427.58945530211895,1.0357438261260836,0.5349837109306407,0.0134682948399615,1934,43,18,0.16813416288781624,0.0003036214034966437,0.0003804552830183651,2.792191897411388e-06,3.769194332449702e-11,3.202576913530122e-08,-8.283355074720246e-11,crataegus_monogyna_15.ab.jpg,Crataegus_Monogyna
144756.0,2556.2825162410736,0.484749849305188,0.27837404398586585,0.7422623320646997,0.6465634052706782,429.3123146820776,1.0358628169566546,0.6732668455762392,0.013166984442695522,1906,43,15,0.19070000635489387,0.00359953570746335,0.00011605706036407792,3.5015791846434603e-07,1.8062755126023316e-12,1.9269888744393042e-08,1.3115081588565706e-12,crataegus_monogyna_16.ab.jpg,Crataegus_Monogyna
88172.5,1294.0113176107407,0.6664588057394825,0.6617087374350121,0.9689924610307384,0.9430955054719948,335.05926902290156,2.0830946462147306,0.8730377975019863,0.005398508605229539,476,0,2,0.20108608154686103,0.014566229070957346,4.093476535479933e-05,1.6269384222059614e-05,4.1914086993356893e-10,1.9488677069132913e-06,-2.4535499992113922e-11,Cytisus_Battandieri_01.ab.jpg,Cytisus_Battandieri
66193.5,1086.388952255249,0.7196510110815433,0.7047815527215919,0.9832883976769643,0.9484265078260024,290.3104920674191,2.0872164142456597,0.8728035726063489,0.005770959384142387,382,0,2,0.20069509398935087,0.014738510012191994,9.070574751668555e-06,1.4106949626925302e-06,4.528015829053113e-12,8.36009834515451e-08,2.227445630230944e-12,Cytisus_Battandieri_02.ab.jpg,Cytisus_Battandieri
73393.0,1198.6315910816193,0.6984886841587977,0.6419379702688474,0.97492063069068,0.9446255662444832,305.690807690954,2.300469483568075,0.8984540894033578,0.006921641028341646,508,3,3,0.21433771987101116,0.020134663339226616,0.0001418798101227978,4.9075553876142115e-05,4.0948282723768e-09,6.962345090291412e-06,-4.160982995322644e-11,Cytisus_Battandieri_03.ab.jpg,Cytisus_Battandieri
82444.0,1280.0874346494675,0.7020214921856468,0.6322511813998243,0.9734165333344345,0.9459700673435706,323.99222371246157,2.4123683378289096,0.903693992229329,0.005494638785048098,453,0,2,0.21705881521927517,0.021341769206855703,0.00010418525885992196,3.975977356964709e-05,2.5584558837630648e-09,5.787933594987695e-06,-5.239702205624366e-11,Cytisus_Battandieri_04.ab.jpg,Cytisus_Battandieri
51094.0,998.8914759159088,0.7035415289614516,0.6434920021946551,0.9709350385099635,0.9446220894247678,255.05862325884692,2.2994350282485874,0.8946125859302968,0.00720241124188354,368,4,3,0.21410154770102915,0.020091860824675477,8.263398669533528e-06,5.409714289136296e-06,3.594803481073339e-11,7.534752635621993e-07,3.995188042062133e-12,Cytisus_Battandieri_05.ab.jpg,Cytisus_Battandieri
64963.5,1079.4183886051178,0.7213037395549687,0.7006476255352744,0.9794279941958235,0.9489458352730049,287.6005861683921,2.0869565345589507,0.8721162366258857,0.005710899197153618,371,0,2,0.20245716480383913,0.015379026810354269,2.8042972472205895e-05,2.41949678643387e-06,3.041776690583012e-12,-7.723074885258314e-08,-1.969615209541877e-11,Cytisus_Battandieri_06.ab.jpg,Cytisus_Battandieri
62804.5,1111.0752432346344,0.6886458333257824,0.6393132196190497,0.9747181202173603,0.9442951365067277,282.7811397305689,2.3048009678364965,0.8965487903388961,0.006177901264938374,388,0,2,0.2117873325490352,0.018930160409296563,0.00015653772231019318,5.4306603636838754e-05,4.9982387822876315e-09,7.3453380191231575e-06,2.981844429564158e-10,Cytisus_Battandieri_07.ab.jpg,Cytisus_Battandieri
52370.0,973.9209141731262,0.7266344766243946,0.6938171869512031,0.9854728839527027,0.9502473796840293,258.2238466094494,2.18232044198895,0.8819767693772995,0.006454076761381438,338,0,2,0.20654065868003368,0.017094952723253724,3.2765665294366665e-05,3.6199383598312093e-06,2.1416148396333197e-11,4.458109939155425e-08,-3.3099916317053234e-11,Cytisus_Battandieri_08.ab.jpg,Cytisus_Battandieri
49875.0,961.0924888849258,0.7086530264178936,0.6785196140337333,0.9812504918355778,0.9484893357402567,251.9976632702499,2.17877094972067,0.8827076700765525,0.00667669172918944,333,0,2,0.20789930717481347,0.017561811076021287,2.073271933064473e-05,1.0993294175881493e-06,-4.1907403775176565e-12,-1.3956167685015903e-07,3.159510626419847e-12,Cytisus_Battandieri_09.ab.jpg,Cytisus_Battandieri
53165.0,1000.5483334064484,0.7022932022839253,0.6673590225648839,0.9748963948917209,0.9456130547090498,260.17644089318486,2.2024247614858288,0.8857257578664933,0.006658515940813345,354,4,3,0.2083287833378654,0.01774119699960134,2.920197629119028e-05,5.842152009860484e-06,6.94077155978049e-11,4.4967227765845486e-07,3.170732820263197e-11,Cytisus_Battandieri_10.ab.jpg,Cytisus_Battandieri
68250.5,1123.0752432346344,0.7230538604889922,0.6799829035465303,0.979358291825405,0.949723765101558,294.78676284383465,2.2244794975304965,0.8856737443309499,0.005553072871179654,379,0,2,0.2071195830697452,0.017326603576193186,1.1873817825707869e-05,4.893868561959217e-06,3.725159732025596e-11,6.377092970192404e-07,2.0059431512555976e-12,Cytisus_Battandieri_11.ab.jpg,Cytisus_Battandieri
91528.0,1311.1412571668625,0.6967510124486408,0.6690596975254772,0.9782238111165097,0.9451371511241166,341.37526133350667,2.1755102040816325,0.8839319738457307,0.005014858840955611,459,0,2,0.20439494599073754,0.01607918529928813,2.914833936836296e-05,1.1165212662011916e-05,2.0142040392209503e-10,1.406590744954138e-06,8.58547270843637e-13,Cytisus_Battandieri_12.ab.jpg,Cytisus_Battandieri
73086.5,1161.844796180725,0.7123440545739538,0.6803788336472073,0.9803951816147933,0.9485795090041563,305.0518349170948,2.2046511627906975,0.8828033778586003,0.005418237294090999,396,0,2,0.2056441477799799,0.016685277431783295,8.991291725219816e-06,3.860518867352689e-06,2.2712254035392432e-11,4.726088253773789e-07,1.2138151249791098e-12,Cytisus_Battandieri_13.ab.jpg,Cytisus_Battandieri
84095.0,1281.744289636612,0.7078703703644119,0.6432462401526801,0.9785144545885456,0.9454511972133313,327.2202309065005,2.3639463280149884,0.9017176373872672,0.0053391997145449885,449,0,2,0.21610458415938594,0.020983097952676805,9.623591809066297e-05,3.001103967058047e-05,1.5960071588171771e-09,4.031496688067338e-06,2.3238009341307042e-10,Cytisus_Battandieri_14.ab.jpg,Cytisus_Battandieri
69337.5,1139.5605244636536,0.71159174876117,0.6709702276728665,0.9828554013496981,0.9462343535167368,297.1249685453485,2.232072719621981,0.8897980431324983,0.005682350820181254,394,0,2,0.2078979099282846,0.01753753310955326,8.346700491910698e-05,2.5282749614759578e-05,1.157821226368516e-09,3.2662327229387713e-06,-9.151400358356645e-11,Cytisus_Battandieri_15.ab.jpg,Cytisus_Battandieri
60676.0,1057.5188964605331,0.710733152935883,0.681789853834638,0.9860164292576599,0.9476751296319748,277.94798545114645,2.2146770754700245,0.887949452913877,0.00591667216022947,359,0,2,0.20844764416385003,0.017889691680230847,1.4551297204917395e-05,5.707198837334198e-06,5.2008561835780615e-11,7.614459151269343e-07,-3.6193651313999907e-13,Cytisus_Battandieri_16.ab.jpg,Cytisus_Battandieri
111489.5,1905.1828869581223,0.6335566617759808,0.3859850537209435,0.9072042052597802,0.9503455304271308,376.7662939047905,4.266254470700932,0.9647977460428525,0.007408769435620317,826,0,2,0.36094166319858306,0.10115575703979088,0.004350695292840587,0.0018530294520206487,5.092445363478419e-06,0.00046818437137393927,-1.3226945851669021e-06,Eucalyptus_Glaucescens_01.ab.jpg,Eucalyptus_Glaucescens
100808.0,2056.5869958400726,0.436483297610199,0.2995095618894486,0.668003008421153,0.9300223642016741,358.26349524569525,3.6490053098018147,0.940325503962175,0.008709626220054861,878,0,2,0.42885117115968296,0.14340281062680005,0.01580159255031758,0.0036487224230399577,1.7534854661560333e-05,0.0002581109758631356,2.145013558472709e-05,Eucalyptus_Glaucescens_02.ab.jpg,Eucalyptus_Glaucescens
137144.5,2310.2022210359573,0.49115421392301245,0.3229150343008226,0.6705627525679668,0.930540334884499,417.87294808701307,3.4743179071903896,0.9367428033617962,0.007189497209095592,986,0,2,0.40282891994740166,0.12708963239317453,0.009691539676145416,0.002690638289354217,1.0735560852960902e-05,0.0003784868191754689,8.5749011014752e-06,Eucalyptus_Glaucescens_03.ab.jpg,Eucalyptus_Glaucescens
147878.5,2430.452000975609,0.4787571225055725,0.3145870229008087,0.6082143496091348,0.9069274016833209,433.91791161015556,2.8649796721176615,0.9007805570987336,0.006843455945206075,1012,3,3,0.4167639175520361,0.1283133616098183,0.017558452215791737,0.004029828707214275,1.953952719914604e-05,0.00022921264388514855,2.7699739371877772e-05,Eucalyptus_Glaucescens_04.ab.jpg,Eucalyptus_Glaucescens
99691.0,1803.1656452417374,0.5253641518554071,0.3852960597060095,0.7845144739006598,0.9406948897893195,356.273102344526,3.38088363148816,0.9612202171619711,0.007422936874869117,740,0,2,0.3345612752827889,0.08029872785358665,0.005001421769768191,0.0011547145622188143,1.9674459454589886e-06,0.00011026181914505138,1.9569439334332034e-06,Eucalyptus_Glaucescens_05.ab.jpg,Eucalyptus_Glaucescens
121945.5,2058.177836894989,0.5346329551210273,0.3617510898609476,0.895088392775206,0.9411541570246024,394.03785719458705,4.21116183606358,0.9730149451320376,0.007290141907595688,889,0,2,0.3499134698333428,0.09254783168558621,0.0043694713166693416,0.0014042763564654363,3.1407169239671015e-06,0.0002584097495822069,1.495303545347814e-06,Eucalyptus_Glaucescens_06.ab.jpg,Eucalyptus_Glaucescens
91042.5,1883.8346923589706,0.4850477895316676,0.3223802723040506,0.6549513871606367,0.922838187831259,340.46866412571813,3.285630435704125,0.9331396026103157,0.008501524013416795,774,0,2,0.3935751580141039,0.11693267811818475,0.011145632321892897,0.0032767376493283884,1.574090033297716e-05,0.00044922768308612614,1.2014730392442191e-05,Eucalyptus_Glaucescens_07.ab.jpg,Eucalyptus_Glaucescens
92943.0,1942.8224976062775,0.49981715907966584,0.3094284933480946,0.7638910006882204,0.9463637053522244,344.00392876582123,4.402448117941469,0.9643321646396337,0.009113112337571274,847,0,2,0.42943889424445547,0.15036761954145775,0.009281304899944677,0.002072729031622503,5.73736605037901e-06,0.00015718367148835358,-7.052052593858039e-06,Eucalyptus_Glaucescens_08.ab.jpg,Eucalyptus_Glaucescens
107119.5,1837.5260370969772,0.664513027291163,0.3986680185993723,0.9075462586340354,0.9467641771122045,369.3085206331669,4.05367326204561,0.9677076981368274,0.007458959386409955,799,0,2,0.34475995184663444,0.09075026938098965,0.0029990210639014962,0.0014228731555059404,2.888306415754205e-06,0.000363782326235011,5.449554764262104e-07,Eucalyptus_Glaucescens_09.ab.jpg,Eucalyptus_Glaucescens
81025.0,1764.5382266044617,0.48495894083839114,0.3270143126984724,0.7102658730444326,0.945080699710832,321.1918960873181,3.7764430763306067,0.9408389099451275,0.009120641777116686,739,0,2,0.4258594942505108,0.14402235742247219,0.011302590660069734,0.001847674368460842,1.3330826463792884e-06,-0.00017730437250892717,8.337691967926108e-06,Eucalyptus_Glaucescens_10.ab.jpg,Eucalyptus_Glaucescens
93777.5,1915.658066034317,0.42158749140024193,0.32112382605645884,0.6043532899361709,0.911132692657075,345.5448182311547,2.759285522451321,0.8601659655837884,0.008360214337038627,784,4,3,0.4161360562563478,0.12456255364896548,0.018162622181693622,0.002610014771642396,-5.74479461033835e-06,-0.0005478252774289427,1.7027232014005354e-05,Eucalyptus_Glaucescens_11.ab.jpg,Eucalyptus_Glaucescens
93071.0,1809.6265403032303,0.6026977671825448,0.3571464437966199,0.8181382653684471,0.9364971072527041,344.2407263355781,4.018678200239912,0.9690771818042789,0.008445165518706738,786,3,3,0.38076663914247494,0.11337275296180145,0.006157470173534366,0.001646656335247123,4.1841582977079615e-06,0.00022856153417281656,3.159925453540427e-06,Eucalyptus_Glaucescens_12.ab.jpg,Eucalyptus_Glaucescens
83782.5,1724.104680776596,0.661522609370147,0.35418969170409104,0.9589883878537984,0.947558577903429,326.611684048158,4.8544735032349715,0.9795162770928831,0.009190463402152115,770,0,2,0.4139383230529199,0.14461636748734202,0.0039013696470185277,0.00289754633561934,9.741988518998915e-06,0.0011008494492530075,5.338822040997245e-08,Eucalyptus_Glaucescens_13.ab.jpg,Eucalyptus_Glaucescens
114176.0,2127.2489029169083,0.485448368812164,0.3170648301394038,0.6509946575250675,0.9106594766210425,381.2786359864423,3.225147082173514,0.9432919498638052,0.008040218609795051,918,3,3,0.4180956233384808,0.13631043807819587,0.010914170956139441,0.0022696245962562445,5.473879999339241e-06,8.275632360371557e-06,9.88115752694447e-06,Eucalyptus_Glaucescens_14.ab.jpg,Eucalyptus_Glaucescens
84327.5,1802.6387351751328,0.5109952371110552,0.32610817903496786,0.6980117704455885,0.9356738006298284,327.6722565440267,3.718596300021309,0.9597722356855444,0.008953188461546314,755,0,2,0.43132080108303716,0.15004953501351237,0.010366490871387905,0.0023478785452947333,7.077761451884385e-06,0.0001495765306558392,9.169312473178547e-06,Eucalyptus_Glaucescens_15.ab.jpg,Eucalyptus_Glaucescens
103903.0,2000.9057577848434,0.4624076546485874,0.3261254439380789,0.6106140343108716,0.901132422384158,363.7216083993603,2.6886722414598547,0.9030725768651702,0.008045965948932698,836,3,3,0.3828118098118309,0.10495554111154798,0.013269553915875951,0.0031338308017648253,1.2268377257937543e-05,0.00019966292578709342,1.605877670978253e-05,Eucalyptus_Glaucescens_16.ab.jpg,Eucalyptus_Glaucescens
139357.5,1667.3494073152542,0.698757997549596,0.6299222834759886,0.9793046502979265,0.9363843566014142,421.23091037509397,2.343642611683849,0.8967307824198021,0.004822130132896886,672,0,2,0.21698348221340444,0.021428899560503194,0.00010869984550484734,2.9638046893406648e-05,1.677357618172114e-09,4.297961309293398e-06,1.281182974438798e-10,eucalyptus_neglecta_01.ab.jpg,Eucalyptus_Neglecta
139234.5,1643.692556142807,0.7148809340402591,0.6476129833346685,0.9835966557453483,0.9435551722269055,421.04497549718843,2.3859649122807016,0.8982852377387563,0.004768932987120513,664,0,2,0.21701732623944003,0.02148112385160938,0.00011063835112776663,2.9109591647700665e-05,1.631609249855102e-09,4.039957080135025e-06,-2.586836423707752e-10,eucalyptus_neglecta_02.ab.jpg,Eucalyptus_Neglecta
139400.0,1690.9646339416504,0.7031880548794229,0.6126375168181314,0.9831614211338576,0.9418015622622211,421.29513709047444,2.6018631692891208,0.9116828372619453,0.005035868005702756,702,3,3,0.22832533735286886,0.026518350503952175,9.040776741166386e-05,2.219359558044415e-05,9.650951079944698e-10,3.1640189840672734e-06,2.3851902544946525e-10,eucalyptus_neglecta_03.ab.jpg,Eucalyptus_Neglecta
139600.5,1836.2955874204636,0.6985753317685574,0.5202494821148024,0.9782076301254763,0.939471700553347,421.59800410438504,3.1601399965161003,0.9440202008503344,0.005616025730526638,784,0,2,0.2708217483987696,0.04733861454899449,0.0005615393628438983,0.0002568950556864705,9.739381798933905e-08,5.495194252216435e-05,-5.888484364778631e-09,eucalyptus_neglecta_04.ab.jpg,Eucalyptus_Neglecta
139518.5,1691.8346935510635,0.6914421223185195,0.6125278071374426,0.9790668870083538,0.9460841028666637,421.4741645962808,2.607692166775564,0.9129163269672105,0.0050029207595766656,698,0,2,0.2283954585069628,0.026575726404451504,5.180005843554304e-05,4.855217025510499e-06,-1.8405255151798393e-12,-2.485550750068407e-07,-7.69757601230887e-11,eucalyptus_neglecta_05.ab.jpg,Eucalyptus_Neglecta
139778.5,1760.9230054616928,0.7078395924449651,0.5664603352491729,0.9748712351246508,0.9411035676800231,421.86670134506227,2.840304182509506,0.9273359508386904,0.00527978194067557,738,0,2,0.24537315208934954,0.03421957517300415,0.0003600583913252771,0.00010892583440104672,2.091330818436152e-08,1.75637891951464e-05,-5.288519449763764e-09,eucalyptus_neglecta_06.ab.jpg,Eucalyptus_Neglecta
140256.0,1946.822497010231,0.6652816119728241,0.4650274618572126,0.9616257464641685,0.9386358319700261,422.5866604453754,3.5001625856148517,0.9525106266147488,0.0060746064339060385,852,4,3,0.2866097869345694,0.05605301400817561,0.00042085581892078945,0.00019293048598165692,5.4724307617692334e-08,4.3644983986202236e-05,5.2477236269149645e-09,eucalyptus_neglecta_07.ab.jpg,Eucalyptus_Neglecta
139866.5,1891.7514336109161,0.7025395932396261,0.49112882907247485,0.9707895193408239,0.9495669597545449,421.999477231549,3.509310112426994,0.957923461757547,0.005912781116236462,827,3,3,0.2905911147129353,0.058554517058098506,0.00018369407339244705,3.78529104553609e-05,2.4160594432972486e-09,4.40590323153938e-06,2.031187354306194e-09,eucalyptus_neglecta_08.ab.jpg,Eucalyptus_Neglecta
139649.5,1793.0651388168335,0.6975255610408351,0.545829639790307,0.9793023891769391,0.9418484563275882,421.6719884015218,3.0629881484453807,0.9422310004098294,0.005478000279231375,765,3,3,0.26372106584545996,0.04375472214873821,0.0002317738106006703,9.316924817549384e-05,1.354461892902243e-08,1.812937835622179e-05,1.997966240731054e-09,eucalyptus_neglecta_09.ab.jpg,Eucalyptus_Neglecta
140140.0,1999.9108109474182,0.6636453612512199,0.4403020637222605,0.966566083276375,0.9461404587544504,422.41187222802546,3.856369909265502,0.9623348478449576,0.0062722991293972285,879,0,2,0.3129856452223739,0.07184915344047885,0.0004141343659930666,0.00011307312164280135,2.1808440765038613e-08,1.9479765732241803e-05,1.1095310548053872e-08,eucalyptus_neglecta_10.ab.jpg,Eucalyptus_Neglecta
140608.0,2027.9108102321625,0.7063208603929938,0.4296572992995949,0.9658701782158118,0.9477137403975379,423.1166102933348,4.169789701990315,0.9661827330287293,0.006450557578470282,907,4,3,0.33368947635940444,0.08552006085205593,0.0001586635018572661,8.014468364079358e-05,8.995490042751322e-09,2.2564488897703635e-05,-8.708759384832666e-10,eucalyptus_neglecta_11.ab.jpg,Eucalyptus_Neglecta
139532.0,1799.4255301952362,0.7234735357520145,0.5415217784965856,0.9865590067311973,0.952788662014753,421.49455531001433,3.338683011798876,0.9497957749518247,0.005518447381206329,770,0,2,0.2810372989092498,0.0529724180741425,0.00038595823279508794,4.4317721434545786e-05,-4.6039133517588605e-10,-3.8202918497493625e-06,5.777791964712479e-09,eucalyptus_neglecta_12.ab.jpg,Eucalyptus_Neglecta
139536.5,1810.1534509658813,0.7170942411030747,0.5351393714244246,0.9886109221717635,0.9518889009982878,421.5013519953857,3.285677267316721,0.9456694806419039,0.005604268417184003,782,0,2,0.2797870700766013,0.05188956823259726,0.000630063770935557,5.50244354466069e-05,-8.896358542258412e-09,-1.1475826648576669e-05,-5.081480528202835e-09,eucalyptus_neglecta_13.ab.jpg,Eucalyptus_Neglecta
139370.0,1775.3666540384293,0.7061356842442816,0.5556522114728236,0.9775925984310427,0.9458122792149907,421.2498016020181,2.9608703383200172,0.9336087931280067,0.005431584989557066,757,4,3,0.25464852364592605,0.03885202723666854,0.00040542754053499717,0.00014545281607633345,3.4887755502223515e-08,2.6745721538687148e-05,-5.518769656603864e-09,eucalyptus_neglecta_14.ab.jpg,Eucalyptus_Neglecta
139804.0,1813.5676641464233,0.7130819765744834,0.5341484026090122,0.9765747515779712,0.9416689143939124,421.9051804756072,3.144276245197177,0.945451432819717,0.005514863666236196,771,4,3,0.2657034277952839,0.04491546782861279,0.00010306981822042143,5.380394585041259e-05,4.003846562186504e-09,1.1294034538542217e-05,1.5121648475707357e-10,eucalyptus_neglecta_15.ab.jpg,Eucalyptus_Neglecta
140234.0,1988.479351401329,0.6399872216108069,0.44567781347538193,0.9587698997298812,0.940275371930777,422.55351651168496,3.67826603208215,0.9557305304152389,0.006196785372975193,869,0,2,0.290744708473835,0.05867980955014129,2.8431936024917852e-05,1.731398110030642e-05,3.838542738999867e-10,3.733562376541362e-06,-1.502050282018014e-11,eucalyptus_neglecta_16.ab.jpg,Eucalyptus_Neglecta
143234.0,1728.2194697856903,0.6378002894327606,0.602640337101152,0.9627202489508858,0.9208160966830742,427.04940340737664,2.226482638285123,0.8725760496868673,0.004747476157862327,680,0,2,0.20381220179462034,0.015039934739444424,0.0004727404998879182,0.00010163618959371833,2.2263119770094285e-08,1.2428098188130492e-05,-8.249458869543841e-10,Eucalyptus_Urnigera_01.ab.jpg,Eucalyptus_Urnigera
119231.0,1581.3077805042267,0.6395140527749436,0.5991923153013572,0.9657851038761834,0.919880726700056,389.62754543065637,2.061350073108542,0.8762594582392724,0.005191602854918674,619,0,2,0.20145199037291703,0.013956991522732633,0.0005115529836646493,0.0001075564459232359,2.5219979183670416e-08,1.266663799814803e-05,6.744713874463694e-10,Eucalyptus_Urnigera_02.ab.jpg,Eucalyptus_Urnigera
131176.0,1649.8763225078583,0.6407330702168695,0.6055659781651906,0.9593973414202746,0.9222701387644928,408.6789332962732,2.1500039537230395,0.873335393727821,0.004939928035578612,648,4,3,0.20063524437513133,0.013683945593190062,0.00047605190712309806,9.648357478310354e-05,2.0534307378414228e-08,1.1066089278477615e-05,2.4329714303923505e-09,Eucalyptus_Urnigera_03.ab.jpg,Eucalyptus_Urnigera
95669.5,1459.8691798448563,0.6367354409275425,0.564099205680751,0.9578492082864067,0.922557699203293,349.0131668362107,2.493976023890094,0.8970520484735783,0.006135706782139181,587,0,2,0.21588958434344108,0.020465037717846805,0.0002405577478226925,6.616701294888883e-05,8.347728917692345e-09,9.464938996342473e-06,3.4135423441084496e-11,Eucalyptus_Urnigera_04.ab.jpg,Eucalyptus_Urnigera
110879.5,1564.2367132902145,0.6541023160290353,0.5694507553997991,0.9594100570564339,0.9296266385687018,375.7341667994308,2.4975394090184477,0.9004217068103033,0.00573595660148417,636,0,2,0.21948960066333006,0.021932049006273917,0.0003322993799407317,8.879703384513294e-05,1.524961217680512e-08,1.3146329596839514e-05,-3.332179372632036e-10,Eucalyptus_Urnigera_05.ab.jpg,Eucalyptus_Urnigera
108038.5,1489.751430273056,0.6477011804305216,0.6117314203864606,0.9618341338256956,0.9302808750462983,370.8893238607306,2.2426470588235294,0.8704496610713354,0.005553575808572375,600,0,2,0.20343752514673408,0.015240581507072932,0.0002551836771973458,5.36870515484018e-05,6.222969421721742e-09,6.466863822831187e-06,8.731125385401588e-10,Eucalyptus_Urnigera_06.ab.jpg,Eucalyptus_Urnigera
143709.5,1636.5209846496582,0.684148512774288,0.6742984872485672,0.9753233047431016,0.9242199905890918,427.7576631155985,1.9193470253291456,0.8360144574743789,0.004216840222781257,606,0,2,0.19310121664400648,0.011003505572114452,0.0003816819090953459,5.5884919828115784e-05,8.150570726002138e-09,5.842996591386458e-06,-4.304165804363232e-10,Eucalyptus_Urnigera_07.ab.jpg,Eucalyptus_Urnigera
100906.0,1405.2245190143585,0.6599304138501286,0.6421484177825164,0.9698163801668503,0.922339298766099,358.43759498836937,2.0258244115742317,0.8493761766941256,0.005361425485051817,541,0,2,0.19389930861159937,0.01130424294119078,0.0003350588008422598,5.238499090699206e-05,6.819009639465008e-09,5.26193152654845e-06,1.2912110147236119e-09,Eucalyptus_Urnigera_08.ab.jpg,Eucalyptus_Urnigera
116933.5,1497.6092941761017,0.6976106669806847,0.6551666158122992,0.9682370134763477,0.9194687345346289,385.8553567132238,2.0328531316550267,0.8546864176266242,0.004900221065777556,573,3,3,0.19737101604888313,0.01294131386665334,0.00022128323608149118,3.120017816199171e-05,2.579346208015917e-09,3.515959898947564e-06,2.602960146540175e-10,Eucalyptus_Urnigera_09.ab.jpg,Eucalyptus_Urnigera
111267.0,1508.7392373085022,0.6708812676321607,0.614253829339332,0.9744236453116636,0.9332809797088701,376.3901492122866,2.285665744491741,0.8894515306964533,0.00538344702377719,599,0,2,0.21469806074988554,0.01986213967420142,0.0004175967933118344,0.00010710119811313552,2.261080814549832e-08,1.5028023322629905e-05,-1.3335145996032442e-09,Eucalyptus_Urnigera_10.ab.jpg,Eucalyptus_Urnigera
111346.5,1412.2367106676102,0.6925567248800034,0.7015706964826035,0.9810869392739545,0.9269607937710682,376.5245901237445,1.6970684039087949,0.8156512244694065,0.0045353917724891635,505,0,2,0.18604921233843957,0.008299117972849997,0.00037688039440282974,4.674207447358162e-05,6.203800781242123e-09,4.25772628763104e-06,3.2349435340582376e-11,Eucalyptus_Urnigera_11.ab.jpg,Eucalyptus_Urnigera
181856.5,1901.94233751297,0.6708591559662429,0.6317481814739097,0.9749528892315386,0.9204225165995386,481.19319121027695,2.099115220624183,0.8718901587572399,0.00409113779268769,744,0,2,0.20020984409621784,0.01375340665984933,0.00042248554979347074,8.395851694075484e-05,1.5722430113865856e-08,9.676130179178775e-06,1.6861967795817377e-09,Eucalyptus_Urnigera_12.ab.jpg,Eucalyptus_Urnigera
145989.0,1732.9057569503784,0.6810967416830838,0.6109140435942844,0.9665201329332354,0.9205979446251373,431.13683198764363,2.22590173975756,0.8789482114704553,0.004644185520795099,678,0,2,0.20329251435583126,0.01497562550668831,0.0003912504748277053,7.749588586975989e-05,1.3429776904576961e-08,9.30442189993168e-06,1.316462152196517e-09,Eucalyptus_Urnigera_13.ab.jpg,Eucalyptus_Urnigera
109086.5,1543.1240159273148,0.6536274521513438,0.5756774410477119,0.9623057617494581,0.9285485298446343,372.68384134109215,2.4367816091954024,0.8963659804402279,0.0057844004527986105,631,3,3,0.2159537616823951,0.020182187411056082,0.00045055225555808674,0.00010194352519549264,2.1069194156061755e-08,1.2747553051798189e-05,5.781433264657782e-09,Eucalyptus_Urnigera_14.ab.jpg,Eucalyptus_Urnigera
118612.0,1535.4499117136002,0.6737212802779033,0.6322184786527127,0.9680123070315143,0.9251160763860793,388.6148335822079,2.0827586206896553,0.8584732509383542,0.005041648399782133,598,0,2,0.20109497749728408,0.013914262476436427,0.0004794973469551909,8.823538877407332e-05,1.7943534082217454e-08,1.0062899030973483e-05,-2.724477386021996e-09,Eucalyptus_Urnigera_15.ab.jpg,Eucalyptus_Urnigera
130898.5,1618.864128112793,0.6492723503003389,0.6276589621264401,0.9639845642801406,0.9208432702781559,408.24642870025906,2.0454741881769256,0.8513302306058124,0.004789970855244408,627,0,2,0.1947778830114782,0.011454422685722523,0.00045125156306406305,7.471060700742891e-05,1.3672504953830815e-08,7.91102849150059e-06,-1.1131772383426371e-09,Eucalyptus_Urnigera_16.ab.jpg,Eucalyptus_Urnigera
189038.5,1811.1870712041855,0.6164292212705754,0.7241582917353858,0.9603760452709315,0.9372792519592071,490.6029898781886,1.112074181532814,0.7224492230576833,0.004290131375332061,811,7,4,0.17224789617529895,0.003520198677410055,6.618806955496553e-05,6.798408351917778e-06,1.3977356975020033e-10,3.8247369902837087e-07,-3.550191284380163e-11,Fagus_Sylvatica_01.ab.jpg,Fagus_Sylvatica
203626.0,1926.2337465286255,0.6485689350919902,0.6896442503277926,0.9567249978224753,0.9268508039626127,509.18039586795,1.3703988132393832,0.7914883677717482,0.003570270986988055,727,0,2,0.17783195521054884,0.0057981407620882695,7.5138249862787075e-06,7.684005617211354e-07,1.843807575743132e-12,5.2935035458013676e-08,-9.669964022120669e-14,Fagus_Sylvatica_02.ab.jpg,Fagus_Sylvatica
171535.0,1708.7535187005997,0.6682938802199337,0.7382505294760987,0.9670972143080486,0.9229557675954134,467.33836275887535,1.1080233337508103,0.6938382297875839,0.0037426764216996955,642,3,3,0.16823160097316153,0.0026627700097092274,8.783380849031133e-07,4.4542344885516645e-08,6.331831965038607e-15,3.634768500734905e-10,-6.126108840098199e-15,Fagus_Sylvatica_03.ab.jpg,Fagus_Sylvatica
165674.0,1722.4936314821243,0.6384256119341574,0.7016959536312023,0.9585202799008437,0.9316484193593063,459.2849750802364,1.4175221001782092,0.7846690434927674,0.003935439477504403,652,0,2,0.175793574118236,0.005031732652472021,2.6370276141934795e-05,3.387911583904482e-06,3.104292089731991e-11,2.1309674886720724e-07,7.859932702085926e-12,Fagus_Sylvatica_04.ab.jpg,Fagus_Sylvatica
179592.5,1783.7657121419907,0.6665250179974224,0.7092877134512803,0.9628798601676913,0.9251143498539623,478.18853283809483,1.1232106385981913,0.7716204290730979,0.0037418043626335075,672,3,3,0.17525786237140156,0.004943092882618346,5.048959980207501e-05,1.440188000452483e-06,-8.866462685901845e-12,-8.743755574513808e-08,8.49741328749637e-12,Fagus_Sylvatica_05.ab.jpg,Fagus_Sylvatica
162095.0,1708.4103697538376,0.6569971749439366,0.6979030319599023,0.9476191868057197,0.9181485355679665,454.2969997742074,1.1169800490044297,0.7491164395932606,0.0038002405996249095,616,3,3,0.17453934956977282,0.004588769621987647,4.312318886466409e-07,9.141813727780793e-09,5.034447397292026e-16,5.375566940844429e-10,2.7569439263560055e-16,Fagus_Sylvatica_06.ab.jpg,Fagus_Sylvatica
201519.5,1884.0743687152863,0.6480143417562286,0.7133963092426466,0.9600921408651899,0.9278886466828673,506.53982709680156,1.3301779505044027,0.7581179768934493,0.00391525385878828,789,8,4,0.17432159812781206,0.004618794435581604,2.5820051304660556e-05,2.6557861641296556e-06,2.094524370896406e-11,1.4178953916935627e-07,6.7046685358965555e-12,Fagus_Sylvatica_07.ab.jpg,Fagus_Sylvatica
134359.5,1528.829636335373,0.6706272554359112,0.7223705917158981,0.9674955985053484,0.9349782984371218,413.6083033630298,1.0820879755080055,0.7856172154634186,0.004212578939306766,566,0,2,0.1775025992284469,0.005822925844669032,2.1810339618389583e-05,9.528906216553026e-07,2.621531254588596e-12,1.8453934171186775e-08,3.463874889861622e-12,Fagus_Sylvatica_08.ab.jpg,Fagus_Sylvatica
167009.5,1662.912899851799,0.6948884913010948,0.7589480251185214,0.9786926698859407,0.9260914610319152,461.1324102103941,1.1649346145845956,0.7297231719431506,0.004532676284854857,757,10,5,0.1711267114784144,0.0037354532077591984,1.1407001252200716e-05,6.444528871324123e-07,1.4684281146896892e-12,2.372216414919738e-08,-9.470199883558433e-13,Fagus_Sylvatica_09.ab.jpg,Fagus_Sylvatica
167915.5,1694.1088564395905,0.6566073076476288,0.7352212066169862,0.9724873455053543,0.9293053987078549,462.3815034946545,1.0544995227367773,0.7558062940711413,0.004264049477241445,716,5,4,0.17356759269108726,0.0045114418965631585,8.962933940794933e-06,6.94735578288998e-07,1.5449393159113808e-12,3.7326679709210854e-08,-7.865161968903779e-13,Fagus_Sylvatica_10.ab.jpg,Fagus_Sylvatica
134675.5,1516.8296430110931,0.6606922095728969,0.73557141847583,0.9561320369533374,0.9342951972772666,414.09440023620266,1.2524377180666648,0.7237578181380997,0.004031913748201923,543,7,4,0.17008325678494576,0.003075278202254111,5.380026546344318e-05,4.925590715832352e-06,7.808956386583254e-11,2.2547827650630635e-07,-1.8200446771448277e-11,Fagus_Sylvatica_11.ab.jpg,Fagus_Sylvatica
181424.0,1798.1504871845245,0.6488674933185187,0.7051029504289373,0.9515527559335598,0.9255649362193028,480.62065203654345,1.2668769728079508,0.7563263539194663,0.005104065614223564,926,8,5,0.17252251085822345,0.003976534569036289,2.1094004161691125e-05,2.2983295054503626e-06,1.5717579771375548e-11,1.2705812081587498e-07,3.0082591293282252e-12,Fagus_Sylvatica_12.ab.jpg,Fagus_Sylvatica
154213.5,1652.9717758893967,0.6672096464329161,0.709253326945704,0.9499912216609222,0.9275533806596229,443.1148006239647,1.1539000447605858,0.7490291198198868,0.004785573247447301,738,6,4,0.1730227422737851,0.004079797389076051,4.0043236970063576e-05,1.8601517387720638e-06,1.4147655415734615e-11,8.027479415224651e-08,-7.588107656446249e-12,Fagus_Sylvatica_13.ab.jpg,Fagus_Sylvatica
199243.5,1899.0449285507202,0.6300289332617748,0.6942622427696289,0.9573468255123481,0.9273421213276244,503.6712253359729,1.3948876944203061,0.779583825605996,0.004316326504983518,860,7,4,0.17503386036500668,0.0047220421871358624,4.367449633010942e-05,3.7745410889523687e-06,4.487030398436947e-11,1.8396370322137622e-07,1.8311664113342953e-11,Fagus_Sylvatica_14.ab.jpg,Fagus_Sylvatica
133950.5,1560.3443584442139,0.6666957002111982,0.6913743973882207,0.962464388225124,0.9258734081669893,412.978296811161,1.254043512189051,0.8155246690552981,0.004501662927689693,603,1,3,0.1828112596399245,0.00774092407266129,1.730464612581029e-05,9.578796212683081e-07,1.6712571965667516e-12,5.825920047071952e-09,-3.5235946878713215e-12,Fagus_Sylvatica_15.ab.jpg,Fagus_Sylvatica
181317.5,1845.422565460205,0.63907197236487,0.66904901070365,0.950951777809503,0.9154749814214871,480.47956371995457,1.43092791023141,0.7851050982293583,0.004891971265846419,887,7,4,0.17713762103888522,0.0053210774100319385,9.379574003928149e-05,1.0582846917729973e-05,3.299368493764219e-10,7.703180665503047e-07,-4.808800636829652e-11,Fagus_Sylvatica_16.ab.jpg,Fagus_Sylvatica
139565.5,1739.0651395320892,0.6053169157611906,0.5799041821261367,0.8484972839499622,0.8864851530206592,421.5451502279861,1.4838355307939868,0.8176248171834382,0.006577556774370617,918,7,5,0.20028518063696196,0.012557477695968048,0.0003369701668037653,2.581803822930998e-05,-2.3819074029124344e-09,-2.8799926148360436e-06,-3.544358679464479e-10,ginkgo_biloba_01.ab.jpg,Ginkgo_Biloba
140097.5,1782.2123242616653,0.596195092471057,0.5542699891223327,0.8348802631568399,0.8649953730285646,422.34781533534,1.3545131199976843,0.814071827353765,0.007209264976125846,1010,8,6,0.1954462518656392,0.01037262300880053,0.0003870810523419574,3.083280379696171e-05,-1.7728419202674752e-09,-2.235106482367377e-06,2.8640852442451654e-09,ginkgo_biloba_02.ab.jpg,Ginkgo_Biloba
140226.5,1831.9768278598785,0.563683833931359,0.5250492061252345,0.8099398147031748,0.8562354158216412,422.54221684916325,1.346927172791212,0.7907732169527744,0.008636028140125896,1211,14,7,0.1952773770510492,0.010129228180363737,7.123542577558004e-05,1.1610461055419158e-05,-3.337600995152641e-10,-1.1649049081662256e-06,9.81732714277138e-12,ginkgo_biloba_03.ab.jpg,Ginkgo_Biloba
140550.0,1813.0235072374344,0.6246000426593403,0.537321036428092,0.832644646454328,0.8577163763316872,423.02933469503876,1.4868320834402633,0.8367149777806452,0.0063607257203389484,894,8,5,0.20441229892712512,0.012929802412244368,0.000870846551444748,6.211092670566525e-05,-1.439597797171566e-08,-7.037915682872983e-06,1.1911852218662114e-09,ginkgo_biloba_04.ab.jpg,Ginkgo_Biloba
140080.0,1824.219467163086,0.5802047781545934,0.5289709536407765,0.8392345758843521,0.8408259135889837,422.3214361437288,1.366640721007312,0.7977940220731987,0.006846087949694131,959,9,5,0.19274780856795046,0.009432928743868136,0.0002575451612133005,1.872962330355599e-05,-1.2170745084928354e-09,-1.7208454848695601e-06,4.5922339595403447e-10,ginkgo_biloba_05.ab.jpg,Ginkgo_Biloba
140390.0,1810.0773315429688,0.5524337937254459,0.5384579320887211,0.822123971535021,0.857847316477066,422.788481022567,1.3205808014931355,0.797731168432233,0.007044661300612261,989,8,5,0.19372941873292562,0.00975302282903828,0.0002086586377723136,1.9053140256134986e-05,-6.511984287897147e-10,-1.2117934612597252e-06,-1.009540644057592e-09,ginkgo_biloba_06.ab.jpg,Ginkgo_Biloba
139939.0,1761.248903632164,0.6030397834979356,0.5669009158494854,0.8410680209707087,0.8741551239002658,422.10883507774855,1.5196131889187912,0.8153242963298031,0.006309892167256376,883,12,6,0.20078252812910596,0.01201471518406448,0.0007101793585586816,4.69490628839788e-05,-8.327888969818788e-09,-4.988882605864541e-06,-2.0346371252972348e-09,ginkgo_biloba_07.ab.jpg,Ginkgo_Biloba
140251.5,1801.63367831707,0.5494564259248615,0.5429807031391121,0.8026388078105355,0.8693747279991116,422.5798812158758,1.3074107122229435,0.7901483016145127,0.006581034783894781,923,8,5,0.1956499612836873,0.010094773529722803,0.0001728767863285105,1.9482931793522035e-05,-1.1302757262761662e-09,-1.9572635178218714e-06,-3.120066918575886e-11,ginkgo_biloba_08.ab.jpg,Ginkgo_Biloba
140106.0,1823.8763202428818,0.5796786045256037,0.5292682335031201,0.8186415572757603,0.8485657004570558,422.360627491087,1.4029395561648674,0.7829284885096914,0.006687793527709821,937,9,5,0.1972478236614627,0.01039643722319252,0.0005206136813176833,4.011842662519246e-05,-5.63004141662863e-09,-4.005613846341312e-06,-1.385181577547374e-09,ginkgo_biloba_09.ab.jpg,Ginkgo_Biloba
139984.0,1787.7585736513138,0.6406531747963833,0.5503899868229036,0.8424245342012756,0.8479514135594404,422.1766981137247,1.3718322890932126,0.7862840335747091,0.005950680077680659,833,8,5,0.19463610939252357,0.007932221913524192,0.0010774150611185076,7.744750577621378e-05,-2.228942022332543e-08,-6.8799410847073195e-06,-1.9191682841173853e-09,ginkgo_biloba_10.ab.jpg,Ginkgo_Biloba
140677.0,1835.0377901792526,0.5396622627302105,0.5249802162557861,0.8334760210516224,0.8415732442410787,423.22041471874735,1.0469906369749993,0.6389780109987684,0.0068241432500918825,960,16,6,0.1810474339002898,0.004135870954459618,0.0001631754085335517,1.410979717142131e-06,-2.139757989493729e-11,3.149772667396095e-08,7.172562001323791e-13,ginkgo_biloba_11.ab.jpg,Ginkgo_Biloba
139850.5,1689.0062637329102,0.6916615148708343,0.6160434822692147,0.8866364676625363,0.8828743893018907,421.97533926875974,1.5082472599634174,0.8069913585505272,0.006035015963432129,844,11,6,0.1895531865615048,0.008552202145426251,0.0003752163059079498,2.2573270174441134e-05,-2.050546410223652e-09,-2.051010140280035e-06,-3.3331290848138707e-10,ginkgo_biloba_12.ab.jpg,Ginkgo_Biloba
139864.5,1777.2905358076096,0.568069940292563,0.5564171464253385,0.8163837685713663,0.8679798669068446,421.99646006170616,1.3015486894932906,0.7576698773680365,0.006413350063765907,897,10,5,0.19246502017525766,0.009086849242476118,0.00018557471322937653,2.1478816802133864e-05,-1.2049166441134318e-09,-1.8674637128396568e-06,6.221261407869306e-10,ginkgo_biloba_13.ab.jpg,Ginkgo_Biloba
140425.5,1804.805253148079,0.64594334762072,0.5417452974363419,0.8414305316657094,0.8446981599315462,422.84193227399714,1.4182386525575426,0.8089933793888536,0.006081516533634692,854,10,6,0.1951286736638252,0.00962275650580126,0.0005126251671280104,3.9130661804671665e-05,-5.2137575555941605e-09,-3.665760353318395e-06,-1.879308835721698e-09,ginkgo_biloba_14.ab.jpg,Ginkgo_Biloba
140280.5,1787.5748065710068,0.5834421634007243,0.5516691758239199,0.8386496043759403,0.8483467872834742,422.62356767603603,1.276886688359294,0.7746761036360262,0.007641831901029424,1072,12,6,0.18422824126816478,0.006698124722442866,5.643940698346046e-05,8.013245077089349e-06,-1.2184827146674226e-10,-4.6152023634577746e-07,1.191374894099658e-10,ginkgo_biloba_15.ab.jpg,Ginkgo_Biloba
139961.0,1722.7636224031448,0.6433627830406288,0.5926052783328412,0.8677814565376549,0.8852081577818703,422.1420139250275,1.5158730158730158,0.8167178959953862,0.006194582776586373,867,6,5,0.19712737987784162,0.010347536870618122,0.0009194722377641829,5.431847399588265e-05,-1.0508688771611764e-08,-4.997059197554583e-06,-6.0768440481185e-09,ginkgo_biloba_16.ab.jpg,Ginkgo_Biloba
163143.0,1780.8712668418884,0.6566379018858506,0.6464177219270539,0.9545550289570267,0.918406494685347,455.76322695751645,1.9472323892323338,0.8403616057586958,0.007091937747821899,1157,12,6,0.19005386872431737,0.010262802530010181,0.0001170157887195391,2.2581538878764744e-05,1.1598038288349645e-09,2.2837527951719274e-06,-4.7765354849212064e-11,Ilex_Aquifolium_01.ab.jpg,Ilex_Aquifolium
113133.5,1415.6092975139618,0.7100131793604242,0.7094377178288416,0.9565899338283418,0.9188138226041117,379.5339853482103,1.6667178714802757,0.7883163986686751,0.008962862458874137,1014,14,7,0.1780335691429684,0.006058631049207845,6.384887359854289e-05,6.146419432736216e-06,1.1858419557740734e-10,4.476790504483848e-07,-2.76341455201789e-11,Ilex_Aquifolium_02.ab.jpg,Ilex_Aquifolium
144642.5,1731.6580671072006,0.6412879627548601,0.6061519444960248,0.9257208869145898,0.8930613283563222,429.14397449964946,1.877947553118273,0.8284955733243103,0.011587189104090519,1676,25,12,0.18588528220039313,0.00871931837694089,4.8178024062144765e-05,9.28658615569827e-06,1.9595732635620006e-10,8.539847576390177e-07,1.3624087107035137e-11,Ilex_Aquifolium_03.ab.jpg,Ilex_Aquifolium
112169.5,1502.1534506082535,0.6610649457763963,0.6246777660585568,0.9361656846138631,0.8956475980716415,377.9135392033088,1.7047174627314123,0.8213069768762012,0.009423238937416827,1057,17,8,0.18524532153756115,0.008591940783831126,3.256712052105543e-05,6.7777106751852844e-06,1.00678298697246e-10,6.280323357718223e-07,-1.912587629377687e-12,Ilex_Aquifolium_04.ab.jpg,Ilex_Aquifolium
149245.0,1693.8174520730972,0.7137903657755883,0.6536969337057907,0.9434391643033427,0.8870368161081387,435.9181527007098,1.6863295027678065,0.8081275236262399,0.012784347884265574,1908,34,15,0.18147167327103675,0.0073406846459577076,4.39893690071014e-05,4.1550697169924855e-06,5.163996913464444e-11,2.875584861775463e-07,2.2111510454385294e-11,Ilex_Aquifolium_05.ab.jpg,Ilex_Aquifolium
123078.5,1532.5209830999374,0.6557262197750869,0.6585355121223263,0.9522403995237794,0.9045275317421289,395.8641349082874,1.4236931954911403,0.8107382580861505,0.008612389653687587,1060,10,7,0.18225966533536286,0.007558635977449849,4.246339493517226e-05,6.301857702489587e-06,1.0280071641676175e-10,5.381257249362628e-07,7.697580632367583e-12,Ilex_Aquifolium_06.ab.jpg,Ilex_Aquifolium
132106.5,1588.2611000537872,0.6672079151881211,0.6580975169775429,0.949460429708891,0.9195852674480475,410.1258586294648,1.9126185683898613,0.823229189326735,0.007433396539856605,982,9,6,0.18447203275943538,0.008310635503992886,1.8665647563069297e-05,4.54135815720256e-06,4.181191747574124e-11,4.13508372150714e-07,-2.4963284974933923e-14,Ilex_Aquifolium_07.ab.jpg,Ilex_Aquifolium
148975.5,1733.0895224809647,0.6717022562056031,0.6232793268607337,0.9505777783388915,0.8773369710548962,435.5243940317158,1.736619539188669,0.8254161850100918,0.008498041624236884,1266,17,9,0.18518686613074514,0.008602338705696945,6.02528223905535e-05,8.238048311745798e-06,1.7784167906306763e-10,6.890863922478946e-07,-4.536971697600311e-11,Ilex_Aquifolium_08.ab.jpg,Ilex_Aquifolium
166412.0,1777.2976776361465,0.6529750600322816,0.6620246453942605,0.9487300818052579,0.9131217860219704,460.306788043005,1.284898515787457,0.8111680457543662,0.008557075210870868,1424,23,9,0.1823676415960695,0.0074965284549252725,3.5198504562417845e-05,5.894674193060728e-06,8.476018681423757e-11,4.929932624665882e-07,5.018522888478068e-12,Ilex_Aquifolium_09.ab.jpg,Ilex_Aquifolium
186552.0,1926.4347593784332,0.6476510533090512,0.6316858692354168,0.9246301890580836,0.874641016149596,487.36575951684796,1.0363613918648877,0.7515480992088708,0.01043676830047152,1947,25,12,0.1730163770247286,0.004222802816307348,7.915728755660526e-06,7.634877325819811e-07,1.8768854759567833e-12,4.72841001674405e-08,1.3220389089566629e-14,Ilex_Aquifolium_10.ab.jpg,Ilex_Aquifolium
158701.5,1839.966724872589,0.6396056004230158,0.5890754959684317,0.9213359535277118,0.8731825105428531,449.516435304414,1.2248874098407954,0.8126691836444556,0.013263894796121877,2105,30,15,0.18222392898336304,0.0072741197672564345,6.917997712343704e-05,1.0556990870893855e-05,2.849099947215024e-10,8.860940750559912e-07,1.4895654137295755e-11,Ilex_Aquifolium_11.ab.jpg,Ilex_Aquifolium
203673.0,2045.8906084299088,0.6723212517307972,0.6114747201071088,0.9386544629975544,0.8793993866288887,509.2391557950398,1.8456956557947086,0.8227017184450751,0.012927584903188308,2633,42,18,0.18498660974998854,0.008587249959203158,1.5803698389098705e-06,4.506894854443203e-07,3.792712683780526e-13,3.982126912419691e-08,2.8765931786069026e-14,Ilex_Aquifolium_12.ab.jpg,Ilex_Aquifolium
101316.0,1353.5920503139496,0.6415166020778467,0.6948839955315121,0.9513775423878211,0.9074121393774075,359.16505636599413,1.1006234671412014,0.743115486909306,0.009889849579435728,1002,14,8,0.17275228603466833,0.004150953837338829,6.68757269117219e-07,1.1972106025061576e-07,3.3695685377541747e-14,5.781383768932765e-09,-3.48904124869651e-15,Ilex_Aquifolium_13.ab.jpg,Ilex_Aquifolium
193175.5,1946.594142794609,0.6518733612496098,0.6406356233524679,0.935388511464149,0.9083402783673663,495.9422200962401,1.8576096658281436,0.8180228424172648,0.00887276077965957,1714,25,10,0.1830171230842371,0.00773541560645503,1.756516392830747e-05,4.6627456219589985e-06,4.219722296760772e-11,4.0566050805835987e-07,1.9875487885741555e-13,Ilex_Aquifolium_14.ab.jpg,Ilex_Aquifolium
202204.0,2055.6063281297684,0.6492634120633155,0.6013394757264063,0.9307519516822674,0.8705827579599769,507.39937810725473,1.2362330174279292,0.8049039855532218,0.010692172261623448,2162,34,14,0.18087570764707608,0.00700867467845507,1.4284644149965707e-05,2.304166737527219e-06,1.3213635821859796e-11,1.9281773796523364e-07,-3.8391948520124756e-13,Ilex_Aquifolium_15.ab.jpg,Ilex_Aquifolium
134423.5,1619.0895284414291,0.6588224626994313,0.6443819030004515,0.9405078834160179,0.898810335765191,413.70679948691577,1.6963519290503328,0.8095702947597243,0.008421146600048196,1132,19,7,0.18060252027401336,0.00682341625319276,7.040139951645992e-05,1.0742900479489092e-05,2.9542168818743214e-10,8.872522801417604e-07,3.507014976346969e-12,Ilex_Aquifolium_16.ab.jpg,Ilex_Aquifolium
56589.0,968.0041754245758,0.7048953662094558,0.7589050141519633,0.9700278551365755,0.9377112611339204,268.42383015860963,1.0042894910458646,0.7412825741194331,0.006061248652457876,343,0,2,0.17360560970174815,0.004519315413350839,6.7778812424113474e-06,1.3095078784609966e-07,9.785594846057428e-14,7.239240175074877e-09,-7.512883104206406e-14,Ilex_Cornuta_01.ab.jpg,Ilex_Cornuta
62580.5,1045.4772647619247,0.7212726476335661,0.7194816248742335,0.9640004621101552,0.9323861698248839,282.2764023599898,1.8294930635785311,0.7915124119176876,0.006136096707342765,384,0,2,0.18120252117060817,0.007206242745294229,2.1936954942502925e-06,4.42813105904805e-07,4.3532197816911077e-13,2.468103515851008e-08,-3.113952229396747e-14,Ilex_Cornuta_02.ab.jpg,Ilex_Cornuta
69105.0,1047.1757496595383,0.7534425800460817,0.7919179420816271,0.9830643497665845,0.9424809640003907,296.62639589039173,1.6355932203389831,0.7428934629887471,0.003646624701488364,252,0,2,0.17424597262670374,0.0048626796772520695,3.522402833141349e-06,1.1759734007432584e-07,5.724592647054012e-14,6.911966532682188e-09,-4.9510402092120184e-14,Ilex_Cornuta_03.ab.jpg,Ilex_Cornuta
60739.5,985.560521364212,0.7276370170622626,0.7858044417456691,0.9795192671932604,0.948135380475809,278.0933895788273,1.0119197163683564,0.7336201022583939,0.00372080771155968,226,0,2,0.17354127974824887,0.004492978118932798,2.6640456148275072e-05,6.092427878336378e-07,-2.327790494870889e-12,-4.0675537586094384e-08,7.783175404251671e-13,Ilex_Cornuta_04.ab.jpg,Ilex_Cornuta
59765.5,1018.1046814918518,0.7119008480951985,0.7245619979984651,0.9701876562291778,0.9371776951336674,275.8546682781884,1.872037914691943,0.8000112579781109,0.0063749152938338185,381,0,2,0.18209732583593968,0.007622837441506094,7.297199929305296e-06,2.962489855376059e-07,-2.965895420383905e-13,-2.146732595598537e-08,-3.189994482973492e-13,Ilex_Cornuta_05.ab.jpg,Ilex_Cornuta
60670.5,1001.7615364789963,0.7184361974147591,0.7597290500387036,0.9757158594579375,0.9371718612229598,277.93538781316545,1.6860986547085202,0.7732234414303789,0.005900726052926864,358,0,2,0.17661050171011977,0.005628052063676175,1.6882786679676593e-05,7.176547290852967e-07,2.427808654532994e-12,5.16285330710223e-08,-5.880766696143796e-13,Ilex_Cornuta_06.ab.jpg,Ilex_Cornuta
55297.5,963.9625489711761,0.7072015039811337,0.7478164917573075,0.9684495350011655,0.9330995422417424,265.34310566696973,1.060209435618381,0.7496992229484227,0.0063294000631795395,350,0,2,0.17407216124190178,0.0047635949922512875,9.894488767173734e-06,2.771624064647185e-07,-3.4299471325372994e-13,-1.4713865900973245e-08,3.0499432629479435e-13,Ilex_Cornuta_07.ab.jpg,Ilex_Cornuta
73304.0,1098.2295714616776,0.7187230370939023,0.7637500830394772,0.9779669270303318,0.9428999304063446,305.50540353202655,1.7160493827160495,0.7742945734707107,0.00547036996609366,401,0,2,0.17713275535468603,0.005826689896948868,1.7569150592190377e-05,1.7640566740118717e-06,9.11488031830451e-12,1.0425098454010273e-07,-3.6559372912306115e-12,Ilex_Cornuta_08.ab.jpg,Ilex_Cornuta
75211.0,1110.7737276554108,0.7337300619410397,0.7660198589649728,0.9790039570839972,0.9393106849342365,309.45374355317847,1.6829268292682926,0.7727020786282123,0.005398146547640663,406,0,2,0.17715114276130414,0.005904389354477614,8.66246121121332e-06,4.5894959372616984e-07,9.076705732087275e-13,3.485036537596626e-08,1.163637558754904e-13,Ilex_Cornuta_09.ab.jpg,Ilex_Cornuta
57014.0,1009.8031672239304,0.6789159065388684,0.7026158107855436,0.9666748615880658,0.9421641178893925,269.42991556902246,1.9607695320323368,0.8262460875603334,0.006787806503546711,387,0,2,0.186637973086114,0.00908843971963432,3.2273490570123336e-05,7.045076428005849e-06,1.0620322646994332e-10,6.703558390298797e-07,2.431817217510018e-12,Ilex_Cornuta_10.ab.jpg,Ilex_Cornuta
59456.5,1001.9036736488342,0.6966034773561651,0.7443158481181514,0.9773162492750681,0.9395894658956381,275.14063129887995,1.8462979795162462,0.8095284421281821,0.006138941915414817,365,0,2,0.18281008890469713,0.007911342739521604,4.1178856123975235e-06,8.920388354954961e-07,1.7096649452517186e-12,7.921217437209157e-08,-4.888463245425051e-15,Ilex_Cornuta_11.ab.jpg,Ilex_Cornuta
59225.0,1015.8031673431396,0.6881266919877755,0.7212665775992437,0.9672072248466153,0.939307725095071,274.604464706858,1.798165137614679,0.7923412884444693,0.0063824398479293805,378,0,2,0.18016678494834418,0.006741198421279478,3.5540719406374914e-05,4.25566013786013e-06,5.093324667970811e-11,3.0787663353213785e-07,1.2042636476657249e-11,Ilex_Cornuta_12.ab.jpg,Ilex_Cornuta
65589.5,1052.1046832799911,0.7320256696346873,0.7446055631662669,0.9739761218708388,0.9391676596429046,288.98294953060287,1.789237668161435,0.7805108802752593,0.005991812713833895,393,3,3,0.17924712965789757,0.006479817846361637,5.1273639682003434e-05,4.793176318561375e-06,7.073953534739753e-11,3.325481009389712e-07,-2.5342129004361023e-11,Ilex_Cornuta_13.ab.jpg,Ilex_Cornuta
56589.0,973.7199064493179,0.7243855606666106,0.7500216262786786,0.9753024714595274,0.9370588170491481,268.42383015860963,1.7751196172248804,0.7840356175229896,0.00630864655663983,357,0,2,0.17860163114139832,0.0064156867010633665,5.616413358966063e-06,2.1812430448905188e-07,-7.167712834451145e-14,-7.988321566679147e-09,2.3054137899873707e-13,Ilex_Cornuta_14.ab.jpg,Ilex_Cornuta
50644.0,939.0336138010025,0.6918579234878162,0.7217313776626114,0.9657421267729,0.9389946908835493,253.93295080309602,1.8376920227371583,0.797583150572102,0.0070886975750910535,359,4,3,0.18128463656519858,0.007127398584928866,1.103634947010136e-05,1.1570053609221977e-06,3.575986355029669e-12,4.121685295192593e-08,-2.075052695628471e-12,Ilex_Cornuta_15.ab.jpg,Ilex_Cornuta
65167.5,1055.4772653579712,0.7309707017147011,0.7350944744727518,0.9696246038332721,0.9324705705215008,288.05179748012114,1.7802690582959642,0.7821198550809584,0.005938542985292691,387,0,2,0.17961263729970978,0.006611641797899443,2.6804002832998297e-05,1.3806304222152976e-06,8.132168817161264e-12,1.0808878948004535e-07,-2.0993485905389007e-12,Ilex_Cornuta_16.ab.jpg,Ilex_Cornuta
470802.5,4964.180263638496,0.37588301701174914,0.24007864825109446,0.5227894689789472,0.7350086555235708,774.237922579472,1.1742559773735308,0.42664215614753087,0.006191555907187851,2915,11,6,0.2145339471124437,0.0013808281135977945,0.0009262131957859176,1.2406717259858821e-05,1.2671038560529362e-09,-4.608423637765422e-07,-4.040539414075522e-10,Liquidambar_Styraciflua_01.ab.jpg,Liquidambar_Styraciflua
432764.5,4645.562946677208,0.3852939710076466,0.25199086302767326,0.5484022419420855,0.7321020551023466,742.3024147593353,1.1869708104830312,0.4631431706974332,0.0063013486549698475,2727,13,7,0.21000394963431768,0.0016285065171589182,0.0005534227915592827,6.9379413965979484e-06,3.008086573584297e-10,-2.498537148470872e-07,-3.071386217888466e-10,Liquidambar_Styraciflua_02.ab.jpg,Liquidambar_Styraciflua
252721.5,3629.142468571663,0.35916102460852484,0.24112598765260196,0.5418934638444105,0.7237004406665835,567.2521552226906,1.1182778757582716,0.505322131845912,0.008424293144792096,2129,11,6,0.21928139214154563,0.0013570055161779761,0.0011059003872105446,0.00016491788074751137,3.42412849070344e-08,-5.989256114742179e-06,-6.154643370986038e-08,Liquidambar_Styraciflua_03.ab.jpg,Liquidambar_Styraciflua
374372.5,4327.950684905052,0.3903609018161974,0.25115926100718566,0.575029241247286,0.7128890210047035,690.4099300135861,1.2173857144370783,0.5978972256631562,0.007185356830410392,2690,17,8,0.21271412699286066,0.002445765588122896,0.0002610222238996832,8.311133490844037e-05,1.2209371084824268e-08,-4.025119671505135e-06,8.841828804085755e-10,Liquidambar_Styraciflua_04.ab.jpg,Liquidambar_Styraciflua
268073.0,3536.698818564415,0.4160660185247708,0.2693188701792058,0.5916596499772303,0.7261887255798919,584.2269631536954,1.1679983412727417,0.3873120998951366,0.007900832982031383,2118,9,6,0.20385837937437623,0.0009542766403846073,0.000842771899857818,5.986070206737795e-05,1.0615476870333729e-08,-1.6764775968711065e-06,-8.251390278013681e-09,Liquidambar_Styraciflua_05.ab.jpg,Liquidambar_Styraciflua
276141.5,3950.4115864038467,0.4165545361561814,0.2223600950001985,0.5376204767368798,0.7065163484279906,592.9538580214188,1.312819639467005,0.5845078146086772,0.008651361711265234,2389,20,8,0.21675564924103607,0.0031424095479586182,0.0005547753508904968,1.598576704490224e-05,-8.065457396031623e-10,-2.1885032930164549e-07,1.2711353196576925e-09,Liquidambar_Styraciflua_06.ab.jpg,Liquidambar_Styraciflua
305838.5,4032.4115830659866,0.4012917658939672,0.23635909142376424,0.5581096370361537,0.7104605863676654,624.0237755907102,1.3780568559298096,0.6339896881543501,0.007664175700548936,2344,14,7,0.21482030771821609,0.003005872476773646,0.0002965496098159869,3.789360565908502e-05,3.353845839021294e-09,-2.0774417772561606e-06,2.2108122498756417e-09,Liquidambar_Styraciflua_07.ab.jpg,Liquidambar_Styraciflua
390475.0,4887.413667917252,0.3502721622995559,0.20542102861670958,0.5019633099812224,0.6980141124372395,705.1015609332195,1.2975480345440955,0.5645266886537358,0.007288558806563062,2846,17,7,0.2220666854816295,0.0029262760552595884,0.0006164029544718471,4.32171170976821e-05,7.04383044338963e-09,-2.3020833274697604e-06,3.7272116081504166e-10,Liquidambar_Styraciflua_08.ab.jpg,Liquidambar_Styraciflua
449602.5,5097.254289388657,0.4136938719171755,0.21745328933404615,0.5532598898032612,0.6787086240835147,756.6053676863462,1.2096493110224664,0.4134582956972187,0.006912772949423295,3108,23,9,0.2153357592905783,0.0014201649296381308,0.0005706111113376914,5.4085300416944937e-05,9.46186767438468e-09,-2.0340697366878404e-06,-8.661614783413354e-10,Liquidambar_Styraciflua_09.ab.jpg,Liquidambar_Styraciflua
450429.0,5097.653342843056,0.3699190730934298,0.21781892513008122,0.5040791523415072,0.7151331722555624,757.3004786051007,1.2202416926420099,0.5060745963079543,0.006551531983938531,2951,10,6,0.22026969582927236,0.002359113292808269,0.0006517562646058785,2.3643968117405063e-05,2.7361041004397563e-09,-1.051115553069015e-06,1.0623353380837296e-09,Liquidambar_Styraciflua_10.ab.jpg,Liquidambar_Styraciflua
278104.0,3749.6348890066147,0.3915204176152209,0.24856451928814408,0.5660095880348678,0.7105905518403169,595.0571488092784,1.069354660875363,0.4229843387193956,0.007993412536288606,2223,8,6,0.20881877886546446,0.0004861014620558873,0.0006941752908084528,0.00012119452315208103,2.0632501197602414e-08,-2.316522081319222e-06,2.8460751368944185e-08,Liquidambar_Styraciflua_11.ab.jpg,Liquidambar_Styraciflua
468468.5,5080.405655026436,0.38896292273988714,0.22808329404999902,0.5200704057260215,0.7200932238141822,772.3163986752868,1.2070758224050948,0.5107609105979493,0.006324864958889819,2963,11,6,0.22013222417488726,0.0018136384779745625,0.0008607045110723367,1.6282063344954405e-05,1.8152331784471126e-09,-6.347592945822334e-07,-6.481745357834326e-10,Liquidambar_Styraciflua_12.ab.jpg,Liquidambar_Styraciflua
248654.5,3491.5242787599564,0.41146572808107795,0.2563161992901663,0.5493263611116465,0.7362315350279623,562.6693010786615,1.1638588508118086,0.5129613977178995,0.007982964313905508,1985,12,6,0.2107304725468318,0.0014961168744629548,0.00018867037568445977,1.0852455382314779e-05,-8.311942978239384e-11,-3.397815715154267e-07,-4.83984942046155e-10,Liquidambar_Styraciflua_13.ab.jpg,Liquidambar_Styraciflua
288572.5,3897.3720432519913,0.3579127210031963,0.23873773809733276,0.5134618652389783,0.7351704840446585,606.1533787112695,1.1575496818624438,0.40888328600807944,0.007900960763732161,2280,12,6,0.21526115083360564,0.0011263130584304314,0.0004911995818864022,9.786967803645076e-06,2.460027828656126e-10,-2.184313902915041e-07,-6.324190266046473e-10,Liquidambar_Styraciflua_14.ab.jpg,Liquidambar_Styraciflua
369511.0,4476.987261891365,0.3920765752091981,0.23166771656703397,0.546493046285553,0.7066302666167128,685.9125435612289,1.18307956010551,0.48939051716376947,0.006965963124218316,2574,20,8,0.21846882557649563,0.001822916732503291,0.0010342690510843336,7.190384243649214e-05,1.8929183812390324e-08,-2.493614869812484e-06,5.116661985466483e-09,Liquidambar_Styraciflua_15.ab.jpg,Liquidambar_Styraciflua
272130.5,3869.5831557512283,0.3772495889668911,0.22838034034349858,0.5206575123347741,0.7189267622436539,588.6317303106861,1.2196068640970683,0.45905772199399236,0.008157850737024486,2220,12,7,0.22026400398613735,0.002345469186599094,0.0005720846884158579,3.3211440654501004e-05,3.0354103711304653e-09,-1.4987244521807462e-06,3.4268077728494195e-09,Liquidambar_Styraciflua_16.ab.jpg,Liquidambar_Styraciflua
524852.0,3338.507913708687,0.6245910749915512,0.5917549512872909,0.8401590829585458,0.8687587248618212,817.4731319947706,1.0474908061511898,0.23888083466371804,0.004612728921668179,2421,14,6,0.16695848805501542,2.0122465328482267e-05,9.765012044987032e-05,2.724001082089986e-06,4.4410743434045236e-11,-1.0031217704546761e-08,1.2029472872476932e-12,Liriodendron_Tulipifera_01.ab.jpg,Liriodendron_Tulipifera
558646.5,3447.23583483696,0.6176028699663723,0.5907516656512057,0.8428697734265509,0.8631753856302037,843.3805874739423,1.087302311601558,0.23482814811422043,0.0042710372301549,2386,12,6,0.16842663023077334,2.032752631089441e-05,0.00026042091180487464,2.2976352775695947e-06,5.6127121310753884e-11,-5.682912505287387e-09,-2.9196606401442756e-12,Liriodendron_Tulipifera_02.ab.jpg,Liriodendron_Tulipifera
400669.5,3065.4124603271484,0.6619703998878811,0.5358192489613482,0.8236796635117827,0.8328885216262107,714.2466323121624,1.157348891229093,0.4875260344052664,0.0051738402848103635,2073,17,7,0.16897316956860775,0.00062005098044599,0.00011755532331247961,4.580503707935572e-07,2.025971969226427e-12,-1.0696459759698678e-08,2.6819636327563047e-12,Liriodendron_Tulipifera_03.ab.jpg,Liriodendron_Tulipifera
519533.0,3253.9637603759766,0.6119135955141609,0.6165915644025941,0.8613804423502647,0.8731029415749786,813.3203307399202,1.0913755892666388,0.2994577926437876,0.00392852812043907,2041,9,5,0.168197522720397,0.00017430333370040815,0.00024411867376916327,4.649383891023843e-06,1.5192926138373554e-10,6.098415136664131e-08,-3.8112531078662096e-11,Liriodendron_Tulipifera_04.ab.jpg,Liriodendron_Tulipifera
328405.5,2694.6773977279663,0.6743785615264143,0.5683380418970273,0.846191108698317,0.8467271636899142,646.6365820988815,1.1960503703526284,0.4710630703779732,0.004634514342772473,1522,7,5,0.17020173555823068,0.0004806769330055974,0.00029793640862825434,2.529844767024856e-07,-1.2475100502180314e-12,-3.1348077533901075e-09,-1.8076767804215146e-12,Liriodendron_Tulipifera_05.ab.jpg,Liriodendron_Tulipifera
323336.0,2531.297673344612,0.6434073510992356,0.6341288111545207,0.8630682356560895,0.8848996141559708,641.6262007091735,1.004912792241469,0.3490519669402713,0.004942227280584462,1598,10,5,0.16599860446688647,9.328568684839585e-05,0.00013738676801563782,4.084463972433339e-07,2.955855591503477e-12,-3.8767532418834785e-09,-7.902648171178678e-13,Liriodendron_Tulipifera_06.ab.jpg,Liriodendron_Tulipifera
453976.0,2893.454092502594,0.681110779371933,0.6814116674420554,0.89336425507706,0.9010997696065525,760.2763941887781,1.162003425143304,0.40614014747030963,0.003801963099362517,1726,7,5,0.16698096210374985,0.0002807095366150793,0.00022618571386460757,2.7634327144118326e-07,-4.0358163046104844e-13,4.3613217235716e-09,2.14717169732678e-12,Liriodendron_Tulipifera_07.ab.jpg,Liriodendron_Tulipifera
538626.5,3139.010441660881,0.7008583986958106,0.6869293298711139,0.9062499737090969,0.8927463591180345,828.1307624054876,1.079506877267011,0.36882417658291433,0.003397530570806677,1830,9,5,0.16273445813408266,5.6455053967535736e-05,7.650611082063684e-05,7.753308281287172e-07,5.934117055321289e-12,3.3867997952589215e-09,6.665429865115345e-13,Liriodendron_Tulipifera_08.ab.jpg,Liriodendron_Tulipifera
643061.0,3587.679485440254,0.6676193788503422,0.6278194425567026,0.8655892919385805,0.8758163428444612,904.8594890240906,1.1610424207559418,0.46616731917163345,0.0034226924039812354,2201,12,6,0.16874096350566808,0.0006471000877979905,0.0003254235137631234,3.439469313365604e-08,2.1283610343347965e-14,-2.478287249470816e-10,-1.1308440646113033e-13,Liriodendron_Tulipifera_09.ab.jpg,Liriodendron_Tulipifera
524628.0,3212.0226323604584,0.6384494999517617,0.6390048232547939,0.8703661613842988,0.8793272715585709,817.2986699336534,1.0922022059008893,0.2810453187990513,0.0038274739434345337,2008,10,5,0.1658381034637475,6.932484821448526e-05,0.0001864842971677361,3.135534327283675e-06,7.566455448240185e-11,2.4619794819797713e-08,-4.8653726659623234e-12,Liriodendron_Tulipifera_10.ab.jpg,Liriodendron_Tulipifera
306061.5,2569.8245849609375,0.6509066200476152,0.58238691294349,0.8392362839151575,0.8637210073569525,624.2512354180494,1.1774960380348654,0.23328048034747828,0.005181965062560362,1586,8,5,0.16890423139337551,6.9362722864859255e-06,0.0003521476215540952,4.410149291704817e-07,5.318586193736498e-12,-4.314884053133968e-10,1.3849345985211754e-12,Liriodendron_Tulipifera_11.ab.jpg,Liriodendron_Tulipifera
338186.0,2609.7484644651413,0.6453561818967514,0.6239764336741993,0.8639613321678894,0.878887247889603,656.194931918714,1.0254988208410512,0.4345685404044743,0.0046660713335127234,1578,9,5,0.16692379521647305,0.00030361114584473534,0.00021281251058405154,3.004945326059535e-07,2.317601692372457e-12,-4.22712634289029e-09,-6.349193525574062e-13,Liriodendron_Tulipifera_12.ab.jpg,Liriodendron_Tulipifera
290344.0,2482.0083513259888,0.5841743525347591,0.5922652374577138,0.8526601579051389,0.8608553346032054,608.0110709325827,1.0175260407209694,0.3400030941048947,0.005121511035168209,1487,8,5,0.16792399242616457,2.461339913116087e-05,0.00020896240264589325,3.883077690744347e-06,7.739558055108835e-11,1.9110527286468733e-08,7.902348090731038e-11,Liriodendron_Tulipifera_13.ab.jpg,Liriodendron_Tulipifera
328315.5,2600.5596467256546,0.6028839002881092,0.6100530630962507,0.8459472203305146,0.882316664113228,646.5479701843456,1.0035750864550537,0.49757975685707745,0.005141396004741959,1688,9,5,0.16691545927314658,0.0006227891789640733,8.005042033096903e-05,2.4959889460382297e-07,-1.5354480485483811e-13,-3.1981698566174427e-09,-1.1050796766325197e-12,Liriodendron_Tulipifera_14.ab.jpg,Liriodendron_Tulipifera
493523.5,3248.2063994407654,0.5929827112010206,0.5878011967380479,0.8401808643647655,0.8627588798695529,792.7002185291134,1.0478308161014807,0.3253643835470932,0.0044476098909080365,2195,10,6,0.16717882203203055,3.1117676497683874e-05,0.00012866823695343013,3.1213317251208914e-06,6.245697793459852e-11,-1.6520398347846752e-08,3.4579272113440575e-12,Liriodendron_Tulipifera_15.ab.jpg,Liriodendron_Tulipifera
499172.5,3068.8195346593857,0.7300693399313327,0.6660668439888965,0.9012334868555631,0.8819759527742566,797.224037924292,1.0331408415499683,0.2531332569221464,0.0035078054179597078,1751,6,5,0.16496518564831902,2.6145193288544436e-05,0.00023178134052007267,4.1322363961979853e-07,3.5541757769012978e-12,1.2279278299823781e-09,1.9293028102580306e-12,Liriodendron_Tulipifera_16.ab.jpg,Liriodendron_Tulipifera
274472.0,2311.405321955681,0.7131625033109883,0.645588362545875,0.9828089360554625,0.9435646273604753,591.1586963942505,2.433249370277078,0.8969230593375794,0.003424757352285753,940,0,2,0.2151304725870416,0.02074343234877611,3.547993587310801e-05,7.771888669014408e-06,1.2353469872647408e-10,9.576726321485672e-07,3.7347888024582665e-11,Lithocarpus_Cleistocarpus_01.ab.jpg,Lithocarpus_Cleistocarpus
248583.5,2316.0499826669693,0.678633633631781,0.5823529867249442,0.9792862869114022,0.9431489003909888,562.5889639591887,2.6802168021680215,0.9174802955489968,0.0038699270064027984,962,0,2,0.2318742852579866,0.028005715332003526,8.827602116687314e-05,2.6141481989646616e-05,1.232117214596743e-09,3.9177170777567585e-06,-2.426792853435171e-10,Lithocarpus_Cleistocarpus_02.ab.jpg,Lithocarpus_Cleistocarpus
221156.0,2077.3809341192245,0.6939577266772079,0.6439858242353264,0.9877467345796317,0.9435917026096515,530.6454228158852,2.3972426510308824,0.8984453724427248,0.003703268281196516,819,0,2,0.21657083693150891,0.021344182256370792,2.059455556100186e-05,5.741544822804488e-06,6.243368915302468e-11,8.388158483021852e-07,-7.968147561454265e-14,Lithocarpus_Cleistocarpus_03.ab.jpg,Lithocarpus_Cleistocarpus
274817.5,2375.363690495491,0.7092869900047766,0.6120600329527798,0.9833524170716593,0.9465311540735545,591.5306488976337,2.630984800787998,0.9151045612086816,0.0035878355635882435,986,0,2,0.22898624620634322,0.02686488668790242,4.1946444332501424e-05,1.0540926809319602e-05,2.1502966496265258e-10,1.5206484488462792e-06,-5.376357223338341e-11,Lithocarpus_Cleistocarpus_04.ab.jpg,Lithocarpus_Cleistocarpus
247877.0,2218.3758838176727,0.6740330440060855,0.6329593574223357,0.9794335432745931,0.9436167331044644,561.7889271161526,2.3249370277078087,0.8918942032108342,0.0036308330341111483,900,0,2,0.21137651144691494,0.018989555022231812,3.8324159489763594e-05,5.5835408818023184e-06,6.471561064234724e-11,4.0094514070828747e-07,-4.983026813449107e-11,Lithocarpus_Cleistocarpus_05.ab.jpg,Lithocarpus_Cleistocarpus
250337.0,2195.204311966896,0.6864453255658663,0.6528073164986019,0.986962041282321,0.9434430493660896,564.5697192644735,2.3327746681349093,0.8914048003952155,0.0034992829665470974,876,0,2,0.21152121847767408,0.019157768641943837,1.1530221631048366e-05,3.1898779227502767e-06,1.9226784444549275e-11,4.2217695525065717e-07,2.139875327035325e-12,Lithocarpus_Cleistocarpus_06.ab.jpg,Lithocarpus_Cleistocarpus
225728.0,2116.978917479515,0.6752702840130811,0.6329395466947416,0.9789467977796279,0.943541961078405,536.102430468263,2.3818856905064916,0.8935904001984522,0.003832045647842394,865,0,2,0.21166568818835246,0.01917786085707256,1.6443586661269147e-05,3.1541812115139944e-06,2.1009307808702617e-11,3.260859185169355e-07,-8.638114989150742e-12,Lithocarpus_Cleistocarpus_07.ab.jpg,Lithocarpus_Cleistocarpus
280392.5,2349.8489743471146,0.7184761441072145,0.6381111819598975,0.9875705080418793,0.9460421840777712,597.5004761898973,2.508383052657104,0.9097327843801782,0.003373842025006468,946,0,2,0.22455028881468014,0.02493135312643127,2.5993167167424438e-05,7.590377617951714e-06,1.0627685511001747e-10,1.1794772704524382e-06,-8.504195186001104e-12,Lithocarpus_Cleistocarpus_08.ab.jpg,Lithocarpus_Cleistocarpus
353750.0,2692.0226327180862,0.6685742689139546,0.6134072418150461,0.9850193523209283,0.9395780418394738,671.1247938722454,2.400393740372003,0.9080340249403174,0.0031406360423939486,1111,0,2,0.22135285451558612,0.023220803756441366,8.011685279161394e-05,2.738995542657995e-05,1.2773133441764543e-09,4.097569652193848e-06,1.2136088510438859e-10,Lithocarpus_Cleistocarpus_09.ab.jpg,Lithocarpus_Cleistocarpus
271662.0,2316.3758833408356,0.6942319830910442,0.6362395881842315,0.9865129858775401,0.9445057213921814,588.1248177061088,2.4129353233830844,0.9044871795511139,0.0033497507932528296,910,0,2,0.21980395741448353,0.022741664831801855,3.806473813140882e-05,1.2453169736904544e-05,2.702620591984275e-10,1.831537186431602e-06,-2.170604507432539e-11,Lithocarpus_Cleistocarpus_10.ab.jpg,Lithocarpus_Cleistocarpus
196861.0,2083.699694752693,0.6791846789166801,0.5697696274173042,0.9719682924433035,0.9416887912221198,500.65078649304934,2.6558576344937332,0.9208693644658379,0.0044041227058462355,867,0,2,0.2354579930404837,0.029232123361005825,0.0004522770023963823,0.00015554012739508902,4.068338461849976e-08,2.412787732239018e-05,-6.8376651290080285e-09,Lithocarpus_Cleistocarpus_11.ab.jpg,Lithocarpus_Cleistocarpus
314820.0,2470.3413937091827,0.6968220029467039,0.6482734379970915,0.9918698930814794,0.9453179384311827,633.120267779767,2.4045319189746275,0.9025974241096154,0.0032590051457872466,1026,0,2,0.21893280133401655,0.022353258784488836,5.8145265942236237e-05,1.2238017678460474e-05,3.0898495942801533e-10,1.4726907837397732e-06,1.0536314667555703e-10,Lithocarpus_Cleistocarpus_12.ab.jpg,Lithocarpus_Cleistocarpus
210612.0,2126.8367779254913,0.6500571005257877,0.5850926641142502,0.9718206525455921,0.9414974097418993,517.8412179382423,2.5322128851540615,0.9054144017272591,0.004221032039939694,889,0,2,0.21836098211280786,0.02176479071837977,2.499494246389771e-05,8.586895805995787e-06,1.2574792805621005e-10,1.2605665927543582e-06,-3.6163704196806734e-12,Lithocarpus_Cleistocarpus_13.ab.jpg,Lithocarpus_Cleistocarpus
343832.5,2592.2753760814667,0.7305497302645272,0.642975640842896,0.9917148584502914,0.9444936253141326,661.6503122988403,2.5218509872639747,0.9160130533016531,0.0030305453963687824,1042,0,2,0.2282764939422682,0.02644655837149672,0.0001465334775848818,3.168275226943731e-05,1.9219259309464465e-09,3.4527833173920998e-06,9.830623112553577e-10,Lithocarpus_Cleistocarpus_14.ab.jpg,Lithocarpus_Cleistocarpus
232326.5,2203.7657113075256,0.693050596168243,0.601142967386896,0.9821350440135609,0.9453392563329953,543.8816848266853,2.7173007148346597,0.9226928561853183,0.003925510004222826,912,0,2,0.23486318853108115,0.02963720995925223,2.694463771250615e-05,7.676522700010977e-06,1.0559419417721316e-10,1.0575564674269486e-06,3.2230526739175486e-11,Lithocarpus_Cleistocarpus_15.ab.jpg,Lithocarpus_Cleistocarpus
251417.0,2361.0621733665466,0.6456705248462445,0.5667475574723188,0.9714496572684889,0.9418529407689055,565.7862375656379,2.5959254425310494,0.9123313161884491,0.003933703767032724,989,0,2,0.2256742410221774,0.024547068311972346,0.00039100371054750236,7.077938651837486e-05,1.0032545367732705e-08,6.507494143918035e-06,-6.163772491423211e-09,Lithocarpus_Cleistocarpus_16.ab.jpg,Lithocarpus_Cleistocarpus
139568.5,1666.545367360115,0.6622310265442707,0.6314849340288629,0.9789403174489977,0.9484184184873411,421.5496808199119,2.2948277197284406,0.8927672521114676,0.004779015322191046,667,0,2,0.20916070119631608,0.017325438844087035,0.00041283175572991436,0.00010408088629197053,2.1172717707048364e-08,1.2146981976558065e-05,-4.144872189663123e-09,lithocarpus_edulis_01.ab.jpg,Lithocarpus_Edulis
140033.0,1819.8174489736557,0.6088603081819852,0.5313547990029371,0.9624525760092204,0.9420157468561111,422.25058101546654,2.6285538687874346,0.9221880446257203,0.005377303921180169,753,0,2,0.23449597502836114,0.02792357963200131,0.0009005446300971106,0.00038675996114625636,2.2807324536371385e-07,6.36061876831315e-05,9.035485891857622e-09,lithocarpus_edulis_02.ab.jpg,Lithocarpus_Edulis
139374.0,1720.586997270584,0.6274038461510218,0.5916138810276805,0.9550579891322696,0.9368867188426948,421.25584661570997,2.2861736334405145,0.8906685275579199,0.004900483590878496,683,0,2,0.20765995091137404,0.016717557078101693,0.00019514852671325986,6.266805378132829e-05,6.895698088201657e-09,7.348689955295522e-06,-6.916553504586777e-10,lithocarpus_edulis_03.ab.jpg,Lithocarpus_Edulis
139799.5,1739.231661081314,0.6308186232012544,0.5807652421861383,0.9515186577893003,0.9405695052735321,421.8983902958192,2.404126564544615,0.8973580147467243,0.0050715488967766585,709,0,2,0.2138296273087001,0.01913992174349355,0.0004062600170462583,0.00015732075125941488,3.977232864632222e-08,2.1759828261353108e-05,1.690993526785175e-11,lithocarpus_edulis_04.ab.jpg,Lithocarpus_Edulis
139606.5,1789.0895253419876,0.6266113395185433,0.5480893422929403,0.9604057456490663,0.9425046703603421,421.60706410361473,2.6148045956385624,0.9159931343101521,0.005307775784040802,741,0,2,0.22764830520651147,0.025219513194611624,0.0005500994494599343,0.00022936904605271502,8.1455951923812e-08,3.6171474253465095e-05,-1.7481686272557246e-09,lithocarpus_edulis_05.ab.jpg,Lithocarpus_Edulis
139429.5,1742.8885136842728,0.6298595990322369,0.5768000887212243,0.9652540524756902,0.9398729606535589,421.33971223070273,2.373174697817232,0.9026881557316424,0.005128039618551827,715,3,3,0.21921196815206684,0.02155444359922318,0.0003705077526268436,0.00014159749542494196,3.2432265742097236e-08,2.0787187539294305e-05,1.511664964177929e-10,lithocarpus_edulis_06.ab.jpg,Lithocarpus_Edulis
139530.5,1708.8296394348145,0.6292442151471331,0.6004563999918846,0.9588077649822448,0.941293493381624,421.4922897238687,2.2792992944603565,0.8891507031298316,0.00500965738670033,699,0,2,0.20735898116348594,0.016625024815913,0.00019872299149420298,7.074642617174652e-05,8.37814393757019e-09,9.116910569255507e-06,-4.1533706109244655e-10,lithocarpus_edulis_07.ab.jpg,Lithocarpus_Edulis
139994.5,1878.6042428016663,0.6028217472157031,0.4984828716131713,0.9601521214985809,0.9397724731505932,422.1925312525397,2.88269242113192,0.9308605369704943,0.005635935697433571,789,0,2,0.24888642832633667,0.035051680797193695,0.000707985106685036,0.00036004476549620794,1.817556616950052e-07,6.714771886513526e-05,-2.9927359507673193e-09,lithocarpus_edulis_08.ab.jpg,Lithocarpus_Edulis
139537.0,1736.503739118576,0.6458551261252217,0.5814974304614013,0.9548467004871858,0.9411611232739153,421.50210717588396,2.4377104377104377,0.9002764947471833,0.00510975583533321,713,0,2,0.21424146499185837,0.019468327016936193,0.0003346761043803202,0.00010829089002450037,2.0409804184982188e-08,1.3908991194199763e-05,-2.9070931693325484e-09,lithocarpus_edulis_09.ab.jpg,Lithocarpus_Edulis
139663.0,1736.302726984024,0.6277553038447152,0.5821572842176885,0.9567302258128249,0.9415051788258986,421.6923695495889,2.3344155844155843,0.8928387829347276,0.005047865218382478,705,0,2,0.21317625978532395,0.018839660313869272,0.00044401238004059055,0.00016092762373788897,4.300621542485593e-08,2.2053175777968634e-05,9.777520511613468e-10,lithocarpus_edulis_10.ab.jpg,Lithocarpus_Edulis
139248.5,1674.545367360115,0.6562382182143708,0.6240315586174789,0.9689514683967493,0.9432008807551557,421.06614295743884,2.274156174181751,0.8905709050496726,0.004840267579149217,674,0,2,0.20879752857098136,0.017624582408637336,0.00010371619283886866,3.801836398697019e-05,2.38533034947511e-09,5.002707347018719e-06,-9.782105089766214e-11,lithocarpus_edulis_11.ab.jpg,Lithocarpus_Edulis
139407.0,1724.9890183210373,0.6443646347521383,0.5887376042155117,0.9645307143259899,0.9451825672809292,421.30571466916376,2.441077441077441,0.9065350246550766,0.005057134864066674,705,0,2,0.21639784857733213,0.020328973822341122,0.00047247200830330833,0.00016648817889880255,4.663105655470393e-08,2.3372281492604622e-05,2.4279532912264926e-09,lithocarpus_edulis_12.ab.jpg,Lithocarpus_Edulis
139104.0,1680.846882224083,0.6562283288092642,0.6187186066379823,0.9692240159909057,0.9422151371964681,420.8476133125149,2.2868545506307814,0.888297260238732,0.004759029215516742,662,0,2,0.20855259518467956,0.017212181991793994,0.00032436519902728637,0.00010018705462491349,1.8009013485286884e-08,1.2711531629890527e-05,1.3653789080150726e-09,lithocarpus_edulis_13.ab.jpg,Lithocarpus_Edulis
139490.0,1729.8763206005096,0.6635745207142211,0.5857642068015153,0.9745685740168059,0.9451517262277679,421.4311142940301,2.575438596491228,0.9149953072253707,0.005082801634489334,709,0,2,0.22540239589554673,0.024715739102030516,0.00029060080858833465,0.00011294727686467715,2.0445137005502117e-08,1.7542221797651465e-05,-8.46619873672582e-10,lithocarpus_edulis_14.ab.jpg,Lithocarpus_Edulis
139679.0,1766.4448660612106,0.6159120572852762,0.5625236776665961,0.956479462038378,0.9407391214201983,421.7165237088331,2.471745457525167,0.9042497902706098,0.005190472440344,725,0,2,0.2188211982489097,0.021106679799652688,0.0004978821830478174,0.0001949394074231631,6.073047257865141e-08,2.8280268599403333e-05,3.2173141050972995e-10,lithocarpus_edulis_15.ab.jpg,Lithocarpus_Edulis
139132.5,1633.0306502580643,0.6506079027325199,0.655616357675939,0.9650920819826928,0.939860190037259,420.8907232974671,1.9820895314965192,0.8547809358250342,0.004578369539794237,637,0,2,0.19392398207706524,0.011344071100978423,0.0002294092029034408,5.847772221229993e-05,6.7530646061117034e-09,6.137107658718308e-06,-5.21308961908151e-10,lithocarpus_edulis_16.ab.jpg,Lithocarpus_Edulis
344971.0,2486.3312867879868,0.6294861501393572,0.7012525632740221,0.9687992338794578,0.9291626415759056,662.7448370125819,1.2827065949787524,0.7525040685296215,0.0027016763727887223,932,3,3,0.17379392780366365,0.0037100444622295867,0.0003140083676749379,2.62898442761946e-05,2.386937065222152e-09,1.5975106540751764e-06,-9.046114268807361e-11,Magnolia_Heptapeta_01.ab.jpg,Magnolia_Heptapeta
220795.0,1993.2875697612762,0.6416966984403578,0.6983275588847041,0.9720956443978985,0.9320200798217755,530.2121511996875,1.265063595894082,0.8012517268610231,0.0034602232840260866,764,0,2,0.1805108510550613,0.006685426698892541,6.008832424061279e-05,4.733361519212999e-06,7.878904479086503e-11,3.81155561540492e-07,1.2830785715784473e-11,Magnolia_Heptapeta_02.ab.jpg,Magnolia_Heptapeta
355419.5,2553.7455027103424,0.6296405541372065,0.684850671542646,0.9634184026104565,0.9326600480282361,672.7065945640783,1.3873672409442972,0.7663424167332722,0.0027122878738991183,964,0,2,0.17628274975289404,0.004465559633334764,0.0003561096663935096,3.688337112398706e-05,4.224662864094347e-09,2.4616949319160373e-06,-1.4215853570004398e-10,Magnolia_Heptapeta_03.ab.jpg,Magnolia_Heptapeta
306934.5,2394.40740609169,0.6386910905415286,0.6727589381192587,0.9704763621156142,0.9312199441235328,625.1408985528901,1.4654749768560233,0.8106635478494995,0.003020188346363735,927,0,2,0.18302619223168132,0.00734058325998085,0.00019084186953300617,2.9860297005918776e-05,2.253966821175153e-09,2.5532190880527043e-06,-2.671248317828164e-11,Magnolia_Heptapeta_04.ab.jpg,Magnolia_Heptapeta
357931.5,2542.3973022699356,0.6254044939882838,0.6958617203044593,0.9676374179656324,0.9299397371001958,675.0796546381574,1.1138480241674722,0.781473352843256,0.002754717033838165,986,3,3,0.17703008682682156,0.005121032967238961,0.0001520650611342095,1.4343483960408672e-05,6.231389954689971e-10,8.126788083166644e-07,2.458380763501568e-10,Magnolia_Heptapeta_05.ab.jpg,Magnolia_Heptapeta
300818.5,2293.838867545128,0.6647452555826665,0.7184368347468104,0.9726727454943167,0.9311475968391676,618.8812567754129,1.0842082601730176,0.7758549384116908,0.002875488043445215,865,0,2,0.1758051404179273,0.005039194502649977,8.894636761350935e-05,6.294364662960566e-06,1.350057254111423e-10,3.660935145874223e-07,-6.288558566016259e-11,Magnolia_Heptapeta_06.ab.jpg,Magnolia_Heptapeta
274093.0,2276.1992568969727,0.6316321921708062,0.6647942491641693,0.9581929159699698,0.9255113135103733,590.7504096783133,1.4111923803181743,0.7795204962987771,0.0030792468249715267,844,0,2,0.17787845066120705,0.004769093344647634,0.00047693555487253876,4.854350324586381e-05,7.386136232597081e-09,3.3518243839171676e-06,-4.809946209379094e-11,Magnolia_Heptapeta_07.ab.jpg,Magnolia_Heptapeta
341988.0,2497.620614528656,0.6387093882356832,0.6889184105044389,0.9617277961713405,0.9319121849843205,659.8732040512698,1.396609441998914,0.780704581529977,0.0026989251084754465,923,0,2,0.17654594561542863,0.004603115650931121,0.0003468890208024049,3.83102693281842e-05,4.408140762842118e-09,2.597149575638966e-06,-2.6991770851916293e-10,Magnolia_Heptapeta_08.ab.jpg,Magnolia_Heptapeta
266128.5,2173.128190755844,0.6622583053361646,0.7081586409220704,0.9722619017138902,0.932354640536904,582.1042262181677,1.1660493101020062,0.7955262203619403,0.003130066866182577,833,0,2,0.17884618072867087,0.006246365405432551,2.1192762993221074e-05,1.3313735226606624e-06,6.506986820524215e-12,9.19276309302357e-08,-2.769951588106547e-12,Magnolia_Heptapeta_09.ab.jpg,Magnolia_Heptapeta
278870.0,2255.596226334572,0.6464422149677174,0.6887933444402756,0.9667343811715532,0.9354889835635657,595.8760876560619,1.419889927056336,0.7997227460623318,0.0031340768099719076,874,2,2,0.18023156293579373,0.0064094517952190825,0.00013941575417784186,1.8449996106010134e-05,9.26173311091851e-10,1.4360491670056898e-06,-1.3338961053858082e-10,Magnolia_Heptapeta_10.ab.jpg,Magnolia_Heptapeta
385752.0,2644.0125242471695,0.6370885164450776,0.6934114911094779,0.9712332647217649,0.9293300748348066,700.8243009918239,1.0922373412381985,0.7797042043096356,0.0026364088844577954,1017,0,2,0.17847295610149735,0.005681510480970692,0.00019506769060510128,1.9480476114351608e-05,1.18176523953855e-09,1.408984666554104e-06,2.132915531428718e-10,Magnolia_Heptapeta_11.ab.jpg,Magnolia_Heptapeta
289449.5,2289.637856721878,0.6523276044680353,0.6938236088621553,0.9713445317488045,0.9364505795286275,607.0737596073648,1.133815462245342,0.8204216893072226,0.0031093506811961692,900,0,2,0.1844440565926529,0.008153563349646622,7.337367312699668e-05,6.237665955879317e-06,1.2103265898176342e-10,4.6135206831890745e-07,5.6202713735377187e-11,Magnolia_Heptapeta_12.ab.jpg,Magnolia_Heptapeta
261018.5,2217.7556051015854,0.6324777315755273,0.6668893508742697,0.9594434152259147,0.9305329464971388,576.4885741343493,1.2460542345540055,0.8014885908312787,0.0032603053040176832,851,0,2,0.18148227603867653,0.006538217763223094,0.0002730039864728784,3.192006680288452e-05,2.9540846636157945e-09,2.549665391702869e-06,3.902669712984459e-10,Magnolia_Heptapeta_13.ab.jpg,Magnolia_Heptapeta
334551.5,2479.260221362114,0.6338867857306786,0.6839567195739338,0.9741291330392252,0.9337664614202322,652.6593288619,1.3441425182045776,0.7966430552516525,0.002884458745505895,965,0,2,0.18135147020751188,0.006789335593819899,0.00014021794989086263,1.7507731707547966e-05,8.674230237721307e-10,1.4405502891608746e-06,-7.3723974953398e-12,Magnolia_Heptapeta_14.ab.jpg,Magnolia_Heptapeta
325979.5,2459.17695915699,0.6292773279887162,0.6773616287539643,0.9672106827098224,0.9300734573103314,644.2437350669356,1.4044890771371927,0.7943408568302501,0.00288054923698306,939,0,2,0.18036536892324817,0.006051991451530611,0.00032184561215257046,4.133730586084055e-05,4.767563517911782e-09,3.2149142115326523e-06,-6.516183764954027e-11,Magnolia_Heptapeta_15.ab.jpg,Magnolia_Heptapeta
300707.5,2338.691679120064,0.6379923790759037,0.6908888489070396,0.9702182371926958,0.935761795718263,618.7670647331263,1.150963380843995,0.7994287420942117,0.0030494749881427984,917,0,2,0.18006913509708394,0.006423437885298891,8.64455004719201e-05,1.1411106819882671e-05,3.5378160346584105e-10,8.772386594297872e-07,-5.7324442502037195e-11,Magnolia_Heptapeta_16.ab.jpg,Magnolia_Heptapeta
191891.0,1892.2926194667816,0.6575437754834748,0.6734228976619079,0.9781872865322007,0.9390605758851213,494.29061237168474,1.558942075432175,0.8555300386032174,0.003955370496771837,759,0,2,0.1947339721443916,0.012157407793576918,4.004772132419632e-06,9.706549459694237e-07,1.907618766214943e-12,9.80960376780209e-08,-1.5312323655990884e-13,Magnolia_Salicifolia_01.ab.jpg,Magnolia_Salicifolia
154189.5,1682.7118895053864,0.6544184743598426,0.6842977901413226,0.9739811823055996,0.940373041762676,443.080318658979,1.8602430974298312,0.8419487111446803,0.004248019482492336,655,0,2,0.19005565644151196,0.010286088275419235,4.5751104339658004e-05,7.64264004169199e-06,1.402612581550623e-10,7.124412641226776e-07,2.7392627055849703e-11,Magnolia_Salicifolia_02.ab.jpg,Magnolia_Salicifolia
205764.0,1903.2043097019196,0.673988594561048,0.713852414822783,0.9887294909603419,0.9471158624136027,511.84652160866153,1.3948320002594352,0.84012003822901,0.003669252152934093,755,0,2,0.18930885153993526,0.010027604665480952,2.5215437956651523e-05,1.1881243261325338e-06,-4.326870053275239e-13,-5.6093803224499954e-08,-6.488774411862635e-12,Magnolia_Salicifolia_03.ab.jpg,Magnolia_Salicifolia
200336.5,1855.3636919260025,0.6861920028474137,0.731327389938265,0.9864249717446081,0.9476567505149951,505.050843038437,1.7040549068542308,0.8320583705789709,0.0036089279786578636,723,0,2,0.18704941809567144,0.00921344166838606,7.436167056788848e-05,1.0131604923132617e-05,2.726722242076249e-10,8.653802415488981e-07,-5.464654422728859e-11,Magnolia_Salicifolia_04.ab.jpg,Magnolia_Salicifolia
217698.0,2126.1159961223602,0.6336903999515815,0.6051881188097304,0.9700839751930267,0.9427072577152241,526.4804862573308,2.110140733624842,0.8900376969030007,0.004028516568806197,877,0,2,0.20625668477908593,0.016265433285988302,0.00010945427222246405,3.11074247240501e-05,1.792339347124856e-09,3.67955788102437e-06,-2.868589920360625e-10,Magnolia_Salicifolia_05.ab.jpg,Magnolia_Salicifolia
185764.5,1887.0205456018448,0.6493718276750654,0.6555703898160292,0.9722861202872807,0.9421103719760645,486.3360025825305,1.90877930957919,0.863130824779735,0.004053519375316309,753,0,2,0.19650360971679162,0.012641518223964766,4.834242982497541e-05,2.283327996700723e-06,-2.0231966102814687e-11,-2.340460702452469e-07,-1.2889985105473917e-11,Magnolia_Salicifolia_06.ab.jpg,Magnolia_Salicifolia
201607.0,2017.1454364061356,0.6232672165388129,0.6226457773622864,0.9659648172901413,0.9413460519357513,506.6497852515305,2.0593973234549066,0.8735988605015332,0.0040970799624809795,826,3,3,0.19896217797511645,0.013419047100396831,7.25229058037623e-05,1.3028991882459498e-05,3.7056148314536026e-10,1.0347275142257685e-06,1.5193879091211984e-10,Magnolia_Salicifolia_07.ab.jpg,Magnolia_Salicifolia
226624.0,2089.2875730991364,0.6517690232534044,0.6524080671130545,0.9727395643267615,0.9357273556669593,537.1653735918404,1.9277461721048383,0.8621834493471858,0.003671279299616672,832,0,2,0.19479065899456513,0.012058530821240256,3.558886952054937e-05,5.843186563853023e-06,7.93998293958434e-11,5.029675557065069e-07,2.8209050224630026e-11,Magnolia_Salicifolia_08.ab.jpg,Magnolia_Salicifolia
192022.0,1979.7484656572342,0.6179984294319636,0.615659836532767,0.9681578118057949,0.9431564874100723,494.45930455310014,2.2489388204539678,0.8778392331588871,0.0041766047640157036,802,0,2,0.20337775607900427,0.015173277749354324,0.00011036417009708139,1.6399576289653117e-05,6.012154224048699e-10,1.1678932908793808e-06,3.539949986423997e-10,Magnolia_Salicifolia_09.ab.jpg,Magnolia_Salicifolia
199257.5,1979.1038038730621,0.6345699417821602,0.639274518932576,0.9733576276810372,0.9425410394678491,503.6889204509731,1.9808997276799702,0.8716113371326535,0.004085166179420673,814,2,2,0.19824934561109325,0.01336424805301238,3.722325213974676e-05,7.327306408050372e-06,1.2045265803125128e-10,8.091598550451394e-07,1.1607792208083627e-11,Magnolia_Salicifolia_10.ab.jpg,Magnolia_Salicifolia
210895.5,2110.5596463680267,0.6306683612421331,0.5949519833100159,0.9651239151232739,0.9380821345589998,518.1896278455355,2.2413837398140757,0.8932028966530827,0.004092074036648046,863,0,2,0.20993688337869593,0.017849564173641374,0.00016592341016299306,4.117680971760587e-05,3.32325579528252e-09,4.807693555970661e-06,-7.349578467022063e-10,Magnolia_Salicifolia_11.ab.jpg,Magnolia_Salicifolia
195335.5,1905.0794204473495,0.6667081932499387,0.676339685717478,0.9780247290593892,0.9368902860686645,498.70721178925754,1.5541704964436147,0.8514887945663043,0.0038190702662658908,746,0,2,0.19280374337284953,0.011381317179851072,3.753727158417305e-06,1.0579249616424225e-06,2.108131049008923e-12,1.1279486814502834e-07,-1.8120633844957406e-14,Magnolia_Salicifolia_12.ab.jpg,Magnolia_Salicifolia
182267.5,1900.2509945631027,0.6562380736332611,0.6343035818117896,0.9721762923717641,0.9352291172381784,481.73663834092616,1.9756096004899772,0.8792759533012526,0.004169695639627637,760,0,2,0.2021299637501941,0.014950320438868741,2.228522460561417e-05,1.845032304939737e-06,3.4817722814749167e-12,-7.897871736911019e-09,-1.1306870505550534e-11,Magnolia_Salicifolia_13.ab.jpg,Magnolia_Salicifolia
133667.0,1635.7585706710815,0.6456594404482299,0.6277629146012234,0.9755647191842093,0.9401337046451061,412.5410406567024,2.27847208260351,0.8835903035715963,0.004990012493697097,667,0,2,0.2052599921245837,0.016248627649772304,7.954308078764126e-05,1.943612854151473e-05,7.54239061440668e-10,2.2762736167115967e-06,-1.230803980849287e-10,Magnolia_Salicifolia_14.ab.jpg,Magnolia_Salicifolia
174137.0,1838.1504892110825,0.6274935858606925,0.6476476499033064,0.9682104145241391,0.9321340544186858,470.86953033886897,1.5908819257057378,0.8496754781378753,0.004197844226073736,731,0,2,0.19144205945787943,0.01063420563561328,5.0748484942211024e-05,1.0865553818084723e-05,2.5509429453177576e-10,1.1204777362835793e-06,5.1531828380202115e-12,Magnolia_Salicifolia_15.ab.jpg,Magnolia_Salicifolia
218387.5,2032.0743668079376,0.6536101758304419,0.664597105725747,0.9786644319770078,0.937356788583043,527.3135699712747,1.963906112248133,0.853659564843998,0.0036998454581709125,808,0,2,0.19480215030002285,0.012074780843484813,2.0676311048919745e-05,2.3904155427191164e-06,1.4394153753422239e-11,1.3610969515392407e-07,8.673345386610607e-12,Magnolia_Salicifolia_16.ab.jpg,Magnolia_Salicifolia
212307.0,2092.7880098819733,0.6388535319321783,0.6091492315339349,0.9408831956137548,0.8475999628021719,519.9208286115187,1.0881069258152172,0.5052060646638185,0.0069616169037904465,1478,22,10,0.16488243826884186,0.00022181770404918315,0.00035448208782427415,4.766778417923759e-06,1.9568387831233274e-10,7.076602913579258e-08,1.0116073974007893e-11,Morus_Nigra_01.ab.jpg,Morus_Nigra
558445.0,3433.7972353696823,0.6624810192646596,0.595169925284882,0.9595835495527925,0.8236107571198201,843.2284729298626,1.1671803226862447,0.560264817543179,0.005506361414274447,3075,38,14,0.16681669132188703,0.0010174478096354627,0.0003564404599072239,6.130832009994349e-06,2.0138406427479054e-10,9.625054433410719e-08,-2.039182937435863e-10,Morus_Nigra_02.ab.jpg,Morus_Nigra
373257.0,2791.890601158142,0.6479166377347768,0.6017568349579916,0.9491764634057079,0.8300876592155998,689.3805717810827,1.0183616617460427,0.557219384704774,0.005864591956732587,2189,31,12,0.1640662502545906,0.0006649346690591724,0.000118550460063412,2.942866962580217e-06,5.4048883910807905e-11,6.132278115351391e-08,-1.0008306699389613e-11,Morus_Nigra_03.ab.jpg,Morus_Nigra
284643.0,2521.7829550504684,0.6590804368801004,0.5624642992552776,0.9332618574517431,0.8139052448492639,602.0122288891239,1.0593838239410573,0.4840728818648588,0.01004416058005978,2859,52,18,0.1653816628434897,0.0003399142866397669,0.0003595314004485652,2.5622730687014332e-06,7.745553806583311e-11,4.69261432117574e-08,6.975488639416053e-12,Morus_Nigra_04.ab.jpg,Morus_Nigra
176708.5,1968.5209834575653,0.6488763632333974,0.5730429941633735,0.9289861815303667,0.8137855299067749,474.33347983336944,1.0921272934442594,0.42228795572082894,0.007119068975136345,1258,15,8,0.1647692228007782,0.00018262030882927241,0.00027487438281732313,4.012566264112533e-07,-3.0123810023391673e-12,-5.421979988601948e-09,2.9468358500557047e-12,Morus_Nigra_05.ab.jpg,Morus_Nigra
181093.0,1934.4204763174057,0.6521291344797273,0.6081486766714059,0.9372518981200554,0.8429850053851766,480.1820164007861,1.003391793514229,0.3852346005428344,0.007283550440893444,1319,21,9,0.16519676601040173,5.711192989481964e-05,0.00038016822745160465,9.259410365720241e-07,1.4397324180056003e-11,2.6559416418955457e-09,-9.722223399603283e-12,Morus_Nigra_06.ab.jpg,Morus_Nigra
368932.0,2783.5474531650543,0.6566378926748124,0.5983550094862397,0.9633368409758303,0.8444028329334693,685.3749424353308,1.360860159075165,0.7280780853278661,0.006190842756914036,2284,28,13,0.1732548257348832,0.003357761458796719,0.0003684905292679983,1.3385214999172841e-05,5.41890643170879e-10,1.578546173562651e-07,-7.681467985071917e-10,Morus_Nigra_07.ab.jpg,Morus_Nigra
297758.5,2521.1971683502197,0.6587431693974497,0.5886544217617776,0.9517764388085097,0.82185845824828,615.7255045724718,1.0247356028115575,0.556807488570258,0.006014941638925454,1791,21,10,0.16513105867182248,0.0006751068505559667,0.0002992466677981925,5.010141499581656e-06,1.5901324718299533e-10,8.678794004554843e-08,-1.1112467510325514e-10,Morus_Nigra_08.ab.jpg,Morus_Nigra
420313.5,3067.87335562706,0.65309678822715,0.561187964132056,0.952011379373405,0.8150671031205045,731.5461498675547,1.2573574602296926,0.6674359345652736,0.007237454899718335,3042,34,15,0.17075687413721125,0.0020358282396250285,0.0005110657350728775,1.7619076808058068e-05,1.57299587972533e-09,6.664576162312087e-07,5.665418900078093e-10,Morus_Nigra_09.ab.jpg,Morus_Nigra
244300.5,2223.800198316574,0.6977781395647742,0.6207871099005577,0.9472536292537251,0.8398513109169038,557.7213080012029,1.0687286772312652,0.5497273066629844,0.0077814003655015795,1901,29,12,0.16468342899821317,0.0008800039138266166,0.00016535741120978024,2.0939716050488687e-06,3.3008305891108705e-11,5.314576351595844e-08,2.0704500953304204e-11,Morus_Nigra_10.ab.jpg,Morus_Nigra
251483.0,2281.4986855983734,0.6678785786352901,0.6071249080694483,0.9423074040732078,0.8355615389753235,565.8604955540128,1.0389993514591105,0.5104077622078163,0.006624702266130813,1666,27,12,0.1646466836198433,0.0003945859857077672,0.0002585637617331038,1.359766148595444e-06,1.6265353649820444e-11,1.385780480191327e-08,1.9634372493360313e-11,Morus_Nigra_11.ab.jpg,Morus_Nigra
410443.5,2918.9027935266495,0.66397078449821,0.6053743029642533,0.9485121561437072,0.8266492423384472,722.9058687543675,1.1074969371507606,0.4736575069263487,0.005840024266419519,2397,27,12,0.16251169936384582,0.00031250552714841414,0.0001022473291648271,1.0688372511691745e-06,5.194069670432672e-12,1.6618968518729897e-09,9.892983079722752e-12,Morus_Nigra_12.ab.jpg,Morus_Nigra
431782.5,3025.731219291687,0.6535623467431757,0.5926717242005977,0.9545487706183495,0.8251226120384042,741.4597451814969,1.0507571301833476,0.5879247140525258,0.008133724734077611,3512,43,17,0.1663776677139841,0.0011770794506749482,0.0002642349557948633,4.465392336381902e-06,6.693444348706433e-11,2.990475959250037e-08,-1.380105805842002e-10,Morus_Nigra_13.ab.jpg,Morus_Nigra
197867.5,2084.604241847992,0.6304865963724959,0.5721858272265911,0.9261010079219396,0.8235071973375322,501.92900455929504,1.0760599426929764,0.4732959194237229,0.008384398650569778,1659,37,12,0.1649327503936297,0.00020000749838028364,0.00029083169837532726,2.177656817626162e-06,5.377496025941861e-11,2.8231073268011253e-08,1.0565608272949118e-11,Morus_Nigra_14.ab.jpg,Morus_Nigra
202299.0,2057.2489013671875,0.6772557448153448,0.6006616736632628,0.9400227223576424,0.8322955021232716,507.5185579467796,1.0211608120869415,0.42011326129336274,0.00755317623909385,1528,20,9,0.16460037120508209,8.723659043401372e-05,0.00031130609169603024,3.292952815316992e-07,2.858493728752228e-12,2.9701208333064132e-09,1.7160714124251046e-12,Morus_Nigra_15.ab.jpg,Morus_Nigra
539530.5,3436.4662824869156,0.6691801363330392,0.5741186969223462,0.95609308754366,0.8185074448441579,828.8254147833153,1.2339843662141743,0.6534136110201795,0.0066891491769108715,3609,41,17,0.16882123526331744,0.0016780224469296313,0.0003794009798715734,9.120978498434465e-06,3.7981176983708236e-10,1.7046056849704293e-07,-3.7898611695564616e-10,Morus_Nigra_16.ab.jpg,Morus_Nigra
37434.5,992.1391706466675,0.6234096056384324,0.4778996452007992,0.9746790949312709,0.9424677164376009,218.31877092313536,3.2208064448182183,0.9510591391888982,0.011246310221553745,421,0,2,0.2914614848188468,0.05830347030987516,0.0005022778804301359,0.0001657409772115355,4.549587205391994e-08,2.877590876985322e-05,-1.4729388138247017e-08,Olea_Europaea_01.ab.jpg,Olea_Europaea
35647.0,997.8132693767548,0.674672571718626,0.44991896502885015,0.9794611822945922,0.9483390727420237,213.04264843259517,3.7542372881355934,0.961237664050692,0.012090779027348984,431,0,2,0.31521715317646815,0.07313489890602996,0.0005848182308758634,0.00033727366354495994,1.4949749260903124e-07,8.668287968973003e-05,9.363525651058747e-09,Olea_Europaea_02.ab.jpg,Olea_Europaea
32201.5,923.5706292390823,0.6705013950637051,0.4744011571693184,0.9835221892738913,0.9477365208199064,202.48511846501052,3.47008547008547,0.958282493436545,0.012204400415750683,393,0,2,0.30471839212747626,0.06665464546523059,0.00048528673780888357,0.0001942398705314955,5.8247872082096556e-08,4.056622922698173e-05,-1.2790998613661925e-08,Olea_Europaea_03.ab.jpg,Olea_Europaea
39466.0,1031.6955193281174,0.6233868802125545,0.4659398835208599,0.9819489195232338,0.9509261073770224,224.1643858254873,3.689066050127859,0.9592226471280756,0.011148836973315035,440,0,2,0.31414156125787174,0.07272271248310974,0.0005524643647982349,0.0002939771286815391,1.1801897304528871e-07,7.390828609685252e-05,-1.0371684470357634e-08,Olea_Europaea_04.ab.jpg,Olea_Europaea
34875.0,944.9848431348801,0.7061860888790891,0.490765917836763,0.9800064630975227,0.9498830763644702,210.72311008201925,3.558530265742097,0.9564217017783729,0.011182795698604078,390,0,2,0.30046213714509495,0.06412535245145191,0.0006151089174783045,0.00020518850481393127,6.90140042695448e-08,3.768866784861397e-05,-2.3472098224629966e-08,Olea_Europaea_05.ab.jpg,Olea_Europaea
35998.5,969.712764620781,0.6760281690013892,0.4810697444533957,0.9873693737900828,0.9459164017702778,214.09043358157962,3.485457914503707,0.9593083573880657,0.011500479186313306,414,0,2,0.30318914851756634,0.06594283885874667,0.00034780841296742725,0.0001630394320809749,3.847436742958581e-08,3.715795156235249e-05,5.204490630410004e-09,Olea_Europaea_06.ab.jpg,Olea_Europaea
25275.0,780.984842300415,0.6258976771674039,0.5207338603989355,0.9769437411446208,0.9484735630163176,179.39099613186065,3.072527910134483,0.9411574076161269,0.01210682492533702,306,0,2,0.2704043700081956,0.047023823753993194,0.00032779725948222976,0.0001564294705470439,3.532982798062267e-08,3.199833330354757e-05,-2.562098718021478e-09,Olea_Europaea_07.ab.jpg,Olea_Europaea
31114.5,895.7960243225098,0.5787667410606628,0.4872528961015444,0.984324580797712,0.9525159218658794,199.03821697016437,3.4782609748380975,0.9529178799645291,0.012084397949120687,376,0,2,0.30025202645323773,0.0632159042916071,0.0010863926452367146,0.00023107892836016832,8.787314877786366e-08,2.131959136083922e-05,-7.538794072442078e-08,Olea_Europaea_08.ab.jpg,Olea_Europaea
37639.5,1011.2274833917618,0.68866181204829,0.4625471195171398,0.9837948744499067,0.9505797658931935,218.9157368579499,3.6942148760330578,0.9598982514862872,0.011530440095869222,434,0,2,0.31729327039340277,0.07423042428713507,0.0006791281569561954,0.00015009118989845144,3.678913370565999e-08,1.565718714782531e-05,-3.070504783593788e-08,Olea_Europaea_09.ab.jpg,Olea_Europaea
49502.5,1176.0214203596115,0.5944960849234461,0.44978661999348285,0.9724295760623025,0.9520579054023853,251.05485568547044,3.8233383131645335,0.9620676382216287,0.0101207009744938,501,0,2,0.31721917487410145,0.07360306719676171,0.0011129096635702524,0.00018944557137821856,4.414071573862224e-08,2.8191828060417034e-06,-7.495608824802664e-08,Olea_Europaea_10.ab.jpg,Olea_Europaea
31181.5,905.6538888216019,0.6026109307242847,0.4777298242187687,0.9841868539103863,0.950533330564666,199.25239989560848,3.5788031537716605,0.9559817517917063,0.01212257267892428,378,0,2,0.30307629979155776,0.06579942095911258,0.0003197771093682454,4.571262699765271e-05,1.835590355279329e-09,-1.0027647956299302e-06,-5.213129395736035e-09,Olea_Europaea_11.ab.jpg,Olea_Europaea
45385.5,1087.4528785943985,0.6483272384342563,0.48228759764116164,0.9725186423036659,0.9440723207429587,240.38846344526962,3.3316830599026392,0.9552648978335982,0.010135395665793362,460,0,2,0.2925916979939897,0.0592533085270405,0.0006807516778254779,0.00038656386136136405,1.9803470273472592e-07,9.154779927120817e-05,1.0285151356402453e-08,Olea_Europaea_12.ab.jpg,Olea_Europaea
36109.5,977.1686084270477,0.6391514443387293,0.47521739062469387,0.9764734514805102,0.9435995430793559,214.42024937168213,3.3557076371663923,0.95406360691032,0.011492820448594059,415,0,2,0.2946835377476625,0.060357002563973985,0.0008504718662178596,0.000517796475395702,3.436026435448044e-07,0.00012674512132753907,2.5664496426783463e-09,Olea_Europaea_13.ab.jpg,Olea_Europaea
40537.5,1046.4823162555695,0.6712506830376835,0.4651607240828814,0.9833232261738429,0.9551763153796525,227.18703317905639,3.736707398512786,0.9596205915775445,0.011051495528558705,448,4,3,0.3180108714193346,0.07464356897260054,0.0006365933462239485,0.00011337696314133777,1.7509349233438244e-08,3.3304708049685382e-06,-2.4923575893140086e-08,Olea_Europaea_14.ab.jpg,Olea_Europaea
43279.5,1075.3107441663742,0.6699613002992266,0.47035322757297665,0.9773278986309274,0.9460681882803565,234.7449059646779,3.5938216050032294,0.9558615584569135,0.010628588592506184,460,0,2,0.3036960376062081,0.06601731841263386,0.0004199003035697368,0.00010156395256344074,1.7719081589007502e-08,1.3614648207054305e-05,-1.1222535293108098e-08,Olea_Europaea_15.ab.jpg,Olea_Europaea
26705.0,837.386864066124,0.6892502258178023,0.4785751658347441,0.9766667885390532,0.9481654066498443,184.3959382474368,3.538461470745009,0.9581936636439617,0.013255944579170344,354,0,2,0.3011421461862201,0.06477525151630287,0.00021330619443553993,0.00011623853103492107,1.8245757430782513e-08,2.755973080102525e-05,-1.4488884112914664e-09,Olea_Europaea_16.ab.jpg,Olea_Europaea
182537.5,1914.9961596727371,0.6296285437333626,0.6254983198799194,0.9622886694626404,0.9240319422541136,482.0933139933542,1.7687120826009604,0.8549147717189847,0.005544066287718721,1012,14,6,0.19295480686081568,0.01101230832734305,0.0001442099534756048,3.101782360013886e-05,2.055930511621906e-09,3.199968326438705e-06,-2.7698918493316575e-10,Phildelphus_01.ab.jpg,Phildelphus
139925.0,1705.2732901573181,0.619254990991121,0.6046682986600747,0.9573707455350132,0.9267824871540772,422.0877199079211,2.1465530751858197,0.8620431073517908,0.005760228693902017,806,11,5,0.1980375214648098,0.013109759079778295,4.489839190029283e-05,1.360913126089623e-05,3.364028016172169e-10,1.551615499565292e-06,8.521988742541086e-13,Phildelphus_02.ab.jpg,Phildelphus
127584.5,1610.2610964775085,0.6293010752657132,0.6183226830212157,0.969689714788655,0.9312144471090498,403.0454449503968,1.8577406059348105,0.8760092886688992,0.005368990747266565,685,4,3,0.20061457293220913,0.013625246408686141,0.0004470521140987358,0.00010980986904465017,2.4271397828155005e-08,1.2713007669231054e-05,1.6868603269584698e-09,Phildelphus_03.ab.jpg,Phildelphus
148235.5,1715.5159287452698,0.6422264584162978,0.632954623903134,0.9640486851498303,0.9264175396636147,434.4413660479274,2.057141388116481,0.8571832214678563,0.005437294035467635,806,8,4,0.19427378864516123,0.011512132009442035,0.00015774236275908644,3.8739037930628605e-05,3.02631354945669e-09,4.156159709393331e-06,-1.0938335535004158e-10,Phildelphus_04.ab.jpg,Phildelphus
116627.5,1514.8641275167465,0.6681303635429592,0.6386508100520939,0.9851834957236969,0.9416184201008898,385.3501589510509,2.1024403673110608,0.8794325501201417,0.006293541403131393,734,1,3,0.2097816814350407,0.017525441084296024,0.0004610333516293855,0.0001205281228551202,2.799395206586697e-08,1.4787843201459389e-05,-4.854798897324223e-09,Phildelphus_05.ab.jpg,Phildelphus
183959.0,1889.5819457769394,0.6339173104866609,0.6474398735457412,0.9674745652574636,0.9213513158459654,483.966810235925,1.519579587592185,0.8389065279244766,0.005522969792151931,1016,7,4,0.18777224851420826,0.009215265819977394,0.00015303121310558017,2.8517185120959003e-05,1.87167875379569e-09,2.6160752406592146e-06,2.1393807446483539e-10,Phildelphus_06.ab.jpg,Phildelphus
147621.5,1750.403233408928,0.6466175787757815,0.6054569435317148,0.9678511719326808,0.9228554371364525,433.5406918077262,2.1540817224288884,0.8804266763832269,0.00541926480895114,800,4,4,0.20406945403825041,0.015482232615131705,0.00020368229836410705,6.103422144620795e-05,6.804752424657471e-09,7.562539270520434e-06,7.217585679308707e-11,Phildelphus_07.ab.jpg,Phildelphus
115871.5,1580.8052508831024,0.6110399198406843,0.5826795195922368,0.9544643923496022,0.9207473305831563,384.09917457315686,2.0875760733200193,0.8787404878494878,0.006058435421945359,702,7,4,0.20206880328759283,0.014564832342648262,0.00011606987207974548,4.112751187684465e-05,2.8359664922696984e-09,4.883479096985662e-06,1.7837018983089713e-10,Phildelphus_08.ab.jpg,Phildelphus
128907.0,1627.6753115653992,0.6304692314433465,0.6114357290636872,0.9721163308864169,0.9313331672859585,405.1289794536743,2.1536706129935976,0.8815073369543094,0.005903480803944677,761,4,3,0.20612296637068114,0.015834499809583843,0.0005002328379887329,0.00013930703139001296,3.676250657670003e-08,1.7489204686864183e-05,-9.354019524908705e-10,Phildelphus_09.ab.jpg,Phildelphus
204405.0,1851.2387969493866,0.6961430395889445,0.7495083789781535,0.981946839731451,0.9287522617013682,510.15343686149066,1.1975911287547065,0.7595589981952934,0.003899121841423159,797,7,4,0.17334154506722305,0.004127474979416882,0.00013970201431089734,1.3201293722165799e-05,5.641079223991567e-10,8.352118761078093e-07,-5.6452614692988245e-11,Phildelphus_10.ab.jpg,Phildelphus
172412.0,1764.3271111249924,0.6649363070809826,0.6960158640617048,0.9774199948922734,0.9201423045564797,468.53151055919267,1.2936364280889925,0.7993403300237741,0.005353455675907979,923,12,5,0.1802454332156363,0.006628156094074084,9.683508479892735e-05,1.2534795127136735e-05,4.364332233687898e-10,1.006096211708558e-06,-1.5519928759178352e-11,Phildelphus_11.ab.jpg,Phildelphus
167914.0,1703.9007059335709,0.6872145371175934,0.7267887658906822,0.9861921122897471,0.9270618422341353,462.37943824813414,1.1808432422089152,0.7923072796952415,0.005270555165112673,885,10,5,0.17960805426149373,0.006238442346669308,0.00018026251892932585,2.145993481000432e-05,1.3149181118297304e-09,1.5936555561591774e-06,2.291507470490492e-10,Phildelphus_12.ab.jpg,Phildelphus
154335.5,1678.1433470249176,0.6663421352554817,0.6886801830828612,0.9737685575957691,0.9302219408954284,443.2900424738567,1.1722028285214898,0.8163825035678732,0.004678120069558344,722,8,4,0.1841831338979652,0.008048891389025781,7.800097567337931e-05,1.1703430317888337e-05,3.4437323314426823e-10,9.598831050832758e-07,8.027681715998588e-11,Phildelphus_13.ab.jpg,Phildelphus
142130.0,1609.616435289383,0.6621291741173686,0.6893675309294817,0.9815234918495394,0.9207146283059344,425.4004425164702,1.1148459136322484,0.8144131063504905,0.005691972138143305,809,7,4,0.1841388043148131,0.008142999650771296,6.357609562000793e-05,9.481200429278605e-06,2.326813469101561e-10,8.547168217297854e-07,6.707044068005609e-12,Phildelphus_14.ab.jpg,Phildelphus
143131.5,1606.08447265625,0.6479587679240549,0.6972817841468161,0.9774972426372446,0.9288523753868244,426.8965751763077,1.2059884471171174,0.8044300044349058,0.0064695751808199475,926,15,7,0.18213644151537167,0.0071179721963922195,8.062926356941085e-05,1.0380088719349166e-05,2.9934776967105906e-10,8.534527483926497e-07,2.383138469180853e-11,Phildelphus_15.ab.jpg,Phildelphus
132836.0,1610.6214867830276,0.6824386459695018,0.6434853684452037,0.9817668492126429,0.9381539324037491,411.2566694467581,2.147584137401042,0.8878102677653849,0.0055256105272251076,734,4,3,0.2097640678993984,0.01772617374423292,0.00040946109435142805,0.00010455568127929962,2.163302567174783e-08,1.392040520829164e-05,-1.5050403600205087e-10,Phildelphus_16.ab.jpg,Phildelphus
139119.5,1609.6336810588837,0.6416832715233959,0.6747513626318933,0.9418931361732279,0.892971440339389,420.87105964152903,1.0960770523888732,0.5698084937983039,0.004140325403669936,576,4,4,0.1660310900580165,0.0005594060803406507,0.0004466236741317556,5.317872400497872e-06,2.5821580982770574e-10,1.2550129078005816e-07,2.217030191310815e-11,populus_adenopoda_01.ab.jpg,Populus_Adenopoda
139385.5,1662.2022230625153,0.5890191852578219,0.6339569155315021,0.9278696054417965,0.8964634112963822,421.27322554689255,1.2539324244256393,0.6821470992288546,0.005086612308991346,709,7,4,0.16832626749922666,0.001010341022430817,0.00048404289283771095,2.2073916522272715e-05,2.261362289871661e-09,6.80348900293343e-07,-3.040638564765451e-10,populus_adenopoda_02.ab.jpg,Populus_Adenopoda
139723.5,1677.8002004623413,0.5735493325428405,0.6237331638484762,0.9294514032493434,0.9075160041832139,421.78369519079746,1.3547354005180658,0.7295264703196578,0.00546794204263801,764,12,5,0.17358142168945762,0.002164400604500858,0.0007116383182668765,6.435083657932953e-05,1.3769484062091187e-08,2.992130998425054e-06,-1.9442783173796144e-10,populus_adenopoda_03.ab.jpg,Populus_Adenopoda
139735.0,1718.1017152071,0.5709808440367633,0.594863497889677,0.9112250853388769,0.8896490388466354,421.8010523737085,1.3890838736511202,0.7354794360847995,0.00531005116824482,742,11,5,0.17163953252461348,0.00193974461799816,0.0004864831948186742,3.43394648697788e-05,4.322568233810972e-09,1.4193144402237473e-06,1.0072714608386065e-09,populus_adenopoda_04.ab.jpg,Populus_Adenopoda
139546.5,1655.4570553302765,0.5722449130208062,0.6398718051844566,0.929869861592647,0.9042975741258016,421.51645534828816,1.1659024341212267,0.6646717402592229,0.005424715059099119,757,9,5,0.17012805325083746,0.0010426046138267157,0.0006155862792034806,2.9831037961012412e-05,4.034401255532419e-09,9.451512783445017e-07,2.55315101941835e-10,populus_adenopoda_05.ab.jpg,Populus_Adenopoda
139454.0,1630.9301443099976,0.6101150632164758,0.6588250750319531,0.9417095471486723,0.901772888589235,421.3767286781478,1.1796275219811965,0.6729811584020641,0.004840305763873102,675,11,5,0.16892054764271608,0.00128297423030978,0.000497984119536984,2.1143299867490374e-05,2.1517151537449905e-09,7.529874173897777e-07,-2.7750533986617637e-10,populus_adenopoda_06.ab.jpg,Populus_Adenopoda
139890.5,1750.7118873596191,0.5467890087533349,0.5735466206369199,0.9013388916393282,0.8913581290220469,422.0356815872022,1.3968840654654828,0.7376698164165895,0.005854579117196274,819,10,5,0.17482182980795324,0.001986076072854415,0.0008447722841220332,8.310574555317048e-05,2.2008784775649434e-08,3.6876130221288033e-06,-7.012544674075019e-10,populus_adenopoda_07.ab.jpg,Populus_Adenopoda
139404.0,1669.876321196556,0.6063679860782671,0.6282268392491844,0.9349949026068104,0.8991417367098071,421.30118145367294,1.3015261777451077,0.7387551651628059,0.005071590485172078,707,11,5,0.17439040838661427,0.0029327774522198797,0.0006080201198674907,4.3842453967610144e-05,7.157810054405356e-09,2.3709969466509554e-06,-7.053917851015705e-11,populus_adenopoda_08.ab.jpg,Populus_Adenopoda
139768.5,1684.2854801416397,0.5771503489260554,0.6191384262605131,0.9230883537788903,0.9052033176402569,421.8516105318511,1.3024372697076045,0.7234803824219292,0.005509109706367965,770,7,4,0.17221927593513986,0.0019477306569156538,0.0005768978546873689,4.88089480326848e-05,8.156130278110017e-09,2.124853182061476e-06,-7.471208406196569e-10,populus_adenopoda_09.ab.jpg,Populus_Adenopoda
139569.0,1673.900704741478,0.5888763717808654,0.6259497155725166,0.9260519925094811,0.8988550012566211,421.5504359138322,1.3041569274795604,0.7145872651493936,0.00528770715556257,738,7,4,0.16995302693829045,0.0016167320472418299,0.00045821713993276684,2.653055955432624e-05,2.8995270148043592e-09,1.0275960249839333e-06,3.8668708285773164e-10,populus_adenopoda_10.ab.jpg,Populus_Adenopoda
139504.0,1675.4154244661331,0.5740692731521299,0.6245274122937529,0.9269861520816589,0.8987694228667912,421.4522623604412,1.1604882490777904,0.7026977124251331,0.005634247046639277,786,6,4,0.1708803921678405,0.0017765944572844426,0.0005169653036222298,2.7342275586291126e-05,3.221915347684399e-09,1.1305685959616117e-06,-4.3196505381040246e-10,populus_adenopoda_11.ab.jpg,Populus_Adenopoda
139629.0,1701.3565514087677,0.5738492520114505,0.6061705266363967,0.9164924533009751,0.91152606616193,421.64103736688867,1.387665343359232,0.778914497058959,0.004476147505142369,625,4,3,0.17706242303748798,0.003251949435048014,0.0007262487658584735,9.453639542924244e-05,2.4614851465273687e-08,5.333261865423605e-06,-2.77580515286186e-09,populus_adenopoda_12.ab.jpg,Populus_Adenopoda
139790.0,1783.0722773075104,0.524064451790404,0.5525200893341102,0.8861293093282486,0.8919395784146879,421.88405511292837,1.50146698379941,0.7399233391434595,0.006166392445767463,862,7,4,0.17538096037208056,0.002381676957572441,0.0006728537553739826,7.073192517953204e-05,1.516493389116495e-08,3.3614648984624777e-06,-2.8511425034340255e-09,populus_adenopoda_13.ab.jpg,Populus_Adenopoda
139522.5,1647.7169400453568,0.5957611703192434,0.6457864080650249,0.9387394661086357,0.9008474498115497,421.48020639208164,1.2457920440177377,0.6796909278553219,0.005669336486905915,791,6,4,0.1700040011260896,0.0012469731639484366,0.0006529594276857253,2.6005359526320298e-05,3.340681743407947e-09,8.886361553194904e-07,5.686465926195409e-10,populus_adenopoda_14.ab.jpg,Populus_Adenopoda
139405.5,1627.1727849245071,0.6031423602071407,0.6616410293775609,0.9426264702537173,0.9017693728528848,421.3034480675155,1.1656860045598385,0.6482308584530656,0.005444548457518214,759,10,5,0.16756094941322972,0.0008530057151503131,0.0004259276683032273,1.8335028047632003e-05,1.6138512986198491e-09,5.285017640622471e-07,-1.442011141884508e-10,populus_adenopoda_15.ab.jpg,Populus_Adenopoda
139658.0,1663.4154255390167,0.5893637852138326,0.6342700917690641,0.9353559707927442,0.9042626904503509,421.6848210910885,1.2953587580675923,0.7029547783621533,0.005892967105315177,823,8,5,0.17272146699947327,0.002043013873443381,0.000695750887532996,5.00590564424921e-05,9.33013403003136e-09,2.260785295679167e-06,4.753823097280644e-10,populus_adenopoda_16.ab.jpg,Populus_Adenopoda
138857.5,1608.060089468956,0.6343334719001825,0.6747993558718339,0.9126445544917455,0.8855257390349787,420.474565322402,1.034101436147972,0.31896015056394267,0.006812739679118429,946,8,5,0.16159088103738609,0.00020391561195384398,1.0113909111577801e-05,5.1673231278841e-08,-1.2371398383423422e-14,-5.072210812444068e-10,3.524774786138103e-14,populus_grandidentata_01.ab.jpg,Populus_Grandidentata
139661.5,1730.8296386003494,0.5817847427878304,0.5858385137618005,0.8806756019605908,0.8478121410402196,421.6901050262265,1.0084288312992222,0.2452603616135763,0.009193657521871141,1284,12,7,0.16211444909397246,8.38001553660142e-06,6.874906161081541e-05,2.701522684609184e-07,1.1635271501543483e-12,-5.893075047483985e-10,-4.1025140408697015e-14,populus_grandidentata_02.ab.jpg,Populus_Grandidentata
139392.0,1652.7291320562363,0.5941789288794601,0.6412750582571767,0.9058222238048288,0.874810735744441,421.2830481039129,1.0160021501657481,0.38030227596524957,0.007712063819963038,1075,10,7,0.16193715027755562,8.461924899638078e-05,1.4149444562179468e-06,2.0883777873528164e-07,8.33724720632466e-14,1.5392084856306502e-09,7.704848386413088e-14,populus_grandidentata_03.ab.jpg,Populus_Grandidentata
139349.0,1679.616434931755,0.5825627090276648,0.620716784986487,0.8968964007974815,0.8594135490953762,421.21806385683436,1.0082462276615927,0.34599143156689316,0.00780773453696971,1088,13,6,0.1613311533798461,3.25750253135993e-05,1.3459345015879084e-06,5.047641253522167e-08,-2.565346279261966e-15,2.500287099103518e-10,1.2904105160986745e-14,populus_grandidentata_04.ab.jpg,Populus_Grandidentata
139528.5,1688.8296395540237,0.5863281085826518,0.6147536339378283,0.9000996680897586,0.8576518837810714,421.48926892339756,1.053343706905291,0.43019511723273823,0.009517768771186404,1328,27,11,0.16177144109770258,0.00013119085659708834,2.2072753889717146e-06,9.99034226217269e-08,4.187008287560705e-14,1.0674152303804397e-09,-2.1160872788485722e-14,populus_grandidentata_05.ab.jpg,Populus_Grandidentata
139541.0,1693.2976746559143,0.5708552540047501,0.6115684477279628,0.9020424126203449,0.8626613709718105,421.5081485711627,1.009243514165273,0.4870041159880026,0.007925985910894103,1106,16,7,0.1625988514875072,0.00020869881387695026,1.6164879298275786e-05,2.2978196813894345e-07,4.427635720641613e-13,2.8519029107791776e-09,8.927717273186716e-15,populus_grandidentata_06.ab.jpg,Populus_Grandidentata
139345.5,1659.5991913080215,0.5749715290132742,0.6357646598614483,0.9013613032746872,0.8727660949982788,421.2127740001407,1.057583185555749,0.40271190167830956,0.007549580000735225,1052,6,6,0.161839652974639,0.00011718011866186312,5.597777436617684e-06,3.270570555261479e-09,2.2000386486804452e-16,-2.4899521267754016e-11,-3.839680230575958e-16,populus_grandidentata_07.ab.jpg,Populus_Grandidentata
139061.5,1624.6286314725876,0.6012430282303548,0.6620771023235634,0.9092106768603003,0.8844636901971686,420.78331828886564,1.015414458945011,0.21726403346755205,0.00831286876663697,1156,19,8,0.1612604721407357,4.412908224461216e-06,1.5688583427806944e-05,2.0415256659136168e-08,1.1535579709430376e-14,4.2493727480680114e-11,-6.482720424340477e-16,populus_grandidentata_08.ab.jpg,Populus_Grandidentata
139306.5,1672.3443585634232,0.5934198643649748,0.6259358497909506,0.899009715686768,0.8630270026910125,421.1538253876474,1.0104131576844977,0.4120419770769962,0.00809007476314393,1127,13,7,0.16181265088648664,0.00010569211476272462,1.1808540710227833e-05,2.722663609177277e-07,-5.293136076656014e-14,2.1920732793405853e-09,4.853122548124391e-13,populus_grandidentata_09.ab.jpg,Populus_Grandidentata
139200.5,1627.5159289836884,0.6199059456398773,0.6603895062464793,0.9141989294919107,0.886011437735965,420.9935643770662,1.0219317333493407,0.45564502970497245,0.0077442250566072375,1078,14,6,0.16220618600793113,0.0003117558122588816,2.5520145767446985e-06,9.9766976719921e-08,3.999281163459179e-14,1.6305289949870986e-09,3.057434823493721e-14,populus_grandidentata_10.ab.jpg,Populus_Grandidentata
139291.5,1673.1139087677002,0.5946732299575008,0.6252928462960513,0.9103900602546999,0.8608702409268824,421.1311506472514,1.0153802129999911,0.5044355919495037,0.008787327295572326,1224,15,8,0.16274722065376396,0.0004258267469913747,1.8450814255407855e-05,7.06788789334726e-07,2.529818352456856e-12,1.455296458253101e-08,-3.3848218135627735e-13,populus_grandidentata_11.ab.jpg,Populus_Grandidentata
139154.0,1617.0722765922546,0.6221898306269463,0.668723669941064,0.920138992201227,0.8762256005897039,420.9232419433225,1.0271585815507123,0.3632264703315057,0.006252066056266783,870,14,6,0.16099749747478473,4.683146076379682e-05,3.529966345932898e-06,7.151224422054357e-08,-1.808630865458278e-14,4.683977624942462e-10,3.104581244373866e-14,populus_grandidentata_12.ab.jpg,Populus_Grandidentata
139161.0,1634.4692519903183,0.593399142909437,0.6545968257687474,0.9050209572309457,0.8821275481031985,420.9338288673054,1.0257098195257788,0.43588727571578645,0.00840752797113841,1170,14,8,0.16199948621609755,0.00024984682357079275,6.308256184851105e-06,1.018509938106893e-07,-9.217920337672573e-15,1.5465457449815218e-09,-8.11178549567263e-14,populus_grandidentata_13.ab.jpg,Populus_Grandidentata
139054.5,1613.2316604852676,0.6318131838145113,0.6714310768780593,0.9214979406899149,0.8755508076598362,420.7727275779357,1.0054858025058402,0.2590204238847921,0.007234573494513053,1006,12,6,0.16079506425371703,4.485321041438392e-06,2.5731892744221045e-05,1.4147873519041944e-08,-8.113205058505798e-15,-2.1508852467158427e-11,2.6543005065841093e-15,populus_grandidentata_14.ab.jpg,Populus_Grandidentata
139594.0,1699.5575605630875,0.5826467322774175,0.6073022082280892,0.899092495856016,0.8593088879040349,421.5881888855051,1.0115696050146932,0.5171541871505777,0.008940212329978794,1248,19,9,0.16267655282387272,0.00036847145167601006,8.722306209830968e-06,3.156561610976685e-08,8.846141791586064e-15,5.807808740580232e-10,1.4002724883791217e-14,populus_grandidentata_15.ab.jpg,Populus_Grandidentata
139401.0,1613.8418313264847,0.6187899502813441,0.6725952819637986,0.9188740248508233,0.8848676624103617,421.296648189404,1.0115242235077513,0.37115240924250903,0.009045846155988508,1261,20,9,0.16155852738009402,0.00011422060266801909,2.6024559705466304e-06,1.6342009432572918e-07,1.0460689213344584e-13,1.7047625447607327e-09,-2.0379968463968387e-14,populus_grandidentata_16.ab.jpg,Populus_Grandidentata
145921.0,1713.533174276352,0.6436574241500284,0.6245146455811694,0.9154850933490044,0.858077542221439,431.036410999465,1.036018117168957,0.5094821306350671,0.008230480876582326,1201,15,7,0.16614551502689995,0.0005673862144115457,0.00038046531105716215,7.98018943383502e-06,4.3873667891119113e-10,1.8812380831251015e-07,-2.940744306941207e-11,Populus_Nigra_01.ab.jpg,Populus_Nigra
107793.5,1467.4671621322632,0.6165265385460047,0.6290217377490227,0.9113378790171556,0.8631271073282116,370.4685504403981,1.012511947994492,0.5008349310710335,0.007087625877190298,764,7,4,0.16414122844471657,0.0005980133679858913,0.00011044563162042434,2.7421931266778136e-06,4.7693884158006895e-11,6.688484756341996e-08,1.6464909307598088e-12,Populus_Nigra_02.ab.jpg,Populus_Nigra
103525.5,1487.9524438381195,0.600290503826415,0.5875963625395179,0.8963013947612071,0.859991425160848,363.0602711513339,1.097906472103859,0.6732564427374672,0.009079888529791406,940,13,6,0.17117735202802775,0.002081412711626002,0.00037071630715946235,2.2931933627548015e-05,2.0913037424542247e-09,1.0111849378295771e-06,-3.114917168665213e-10,Populus_Nigra_03.ab.jpg,Populus_Nigra
142872.0,1734.763622045517,0.6590796909207285,0.596590557665667,0.9144744421770262,0.853433625362435,426.5094140056022,1.3781047046949928,0.7255399586172483,0.008672098101736714,1239,17,8,0.17446343411299692,0.0037118925133181394,0.00031767940945149156,1.981995815300609e-05,1.539813677851453e-09,1.1640557776026648e-06,3.1998501513888783e-10,Populus_Nigra_04.ab.jpg,Populus_Nigra
148336.0,1763.7341858148575,0.6127105552271696,0.5992253285981446,0.9031166095324591,0.848888717086822,434.5886113416171,1.0282249519531372,0.5313023862336043,0.007826825585105255,1161,13,7,0.16429720367496153,0.0005466263798806054,0.00016766682267667122,2.3766034623193694e-06,4.6839911952159154e-11,5.275733555651012e-08,7.531340739649724e-12,Populus_Nigra_05.ab.jpg,Populus_Nigra
154028.0,1754.989019036293,0.6359878936497996,0.6284355337432798,0.9085000088420588,0.8591498597315069,442.84821394747394,1.0015624005334376,0.47115080115970515,0.0073103591554307635,1126,15,7,0.16514445131815458,0.0004161004451209761,0.00030428708991714294,5.125826986891326e-06,2.0007923222234265e-10,9.847976177595845e-08,3.0799706115373987e-11,Populus_Nigra_06.ab.jpg,Populus_Nigra
107599.5,1467.5504221916199,0.6043421850744516,0.6278184203545241,0.9101093658731922,0.8606356633779871,370.1350272451003,1.021500322195428,0.3658588092899042,0.010613432218452564,1142,18,8,0.16448653242476813,0.00019131228988987425,0.000298476134035104,2.4772328632889412e-06,6.370220031004822e-11,2.2655120367961844e-08,2.189660850051938e-11,Populus_Nigra_07.ab.jpg,Populus_Nigra
106610.5,1514.8641296625137,0.5956692517399222,0.5837978349203405,0.8888541497239166,0.8494052472718492,368.4300537198181,1.0011639134268218,0.5446144418891766,0.01100266859257763,1173,17,9,0.1664341434217187,0.0005710256206741862,0.0003112929295957076,6.3019194059281225e-06,2.7405433730589797e-10,1.3857394557721758e-07,-5.2945718189374353e-11,Populus_Nigra_08.ab.jpg,Populus_Nigra
144298.5,1733.2316613197327,0.6129927782471836,0.603612817132241,0.9145782628478692,0.8469570094279915,428.6333589980683,1.0202650236273834,0.5169166543489256,0.007713177891608622,1113,15,7,0.16603686913277554,0.000562127422058846,0.00034847809028354767,7.910926655486563e-06,4.149625463202959e-10,1.8601301878494562e-07,1.825586173964506e-11,Populus_Nigra_09.ab.jpg,Populus_Nigra
144945.5,1767.4326677322388,0.6114295958803196,0.5830809396956474,0.904498921987872,0.8444999080218129,429.5932290334783,1.0768633790750792,0.542798227457837,0.008927493437126868,1294,15,8,0.16834323689278707,0.0006943676830744597,0.0005292021421673148,1.4712614172357165e-05,1.2942142726614493e-09,3.8718786493877683e-07,1.0180078214097655e-10,Populus_Nigra_10.ab.jpg,Populus_Nigra
171403.0,1922.1849746704102,0.6224868531892904,0.5829588861121655,0.9000462092602314,0.8387233615354898,467.1585145175469,1.0030015888557893,0.5909415663825123,0.008891326289452977,1524,21,9,0.16795601274926053,0.0011376113249261315,0.0003830796414016269,9.526754272876562e-06,4.870969505598145e-10,2.3810243609496932e-07,-3.065325625506143e-10,Populus_Nigra_11.ab.jpg,Populus_Nigra
136616.0,1746.1362065076828,0.6140348511584212,0.563060671847512,0.8960952924372374,0.8277105278765751,417.0670133725982,1.0266147643405628,0.47870484502768523,0.010130584997290722,1384,23,10,0.16663936451652048,0.000485445348101913,0.00036673312479591666,7.437872725604649e-06,3.884506503503592e-10,1.5805062076238727e-07,-2.9272139831695927e-12,Populus_Nigra_12.ab.jpg,Populus_Nigra
128587.5,1656.3788474798203,0.6154838431722255,0.5889646992909395,0.8965768491889473,0.8507408167857695,404.62660559907914,1.0230309058526137,0.5577385152431599,0.008811120832049685,1133,13,7,0.16662872450696486,0.000630802712490081,0.00034527285491533545,7.579043304309589e-06,3.823878632673358e-10,1.7457089759317967e-07,-6.399732272370934e-11,Populus_Nigra_13.ab.jpg,Populus_Nigra
122473.0,1587.7341856956482,0.60702319587328,0.6105125959900459,0.9015178282181968,0.8466939800252845,394.889182888503,1.003299547412181,0.39597286478587423,0.00942248495579089,1154,22,9,0.16252170126367466,0.00015293516787503154,3.55400772550058e-05,8.667903903425862e-07,4.582199261423534e-12,1.0363943524961597e-08,1.4658218102566902e-12,Populus_Nigra_14.ab.jpg,Populus_Nigra
160923.0,1859.8418312072754,0.5996311063062204,0.5846230861670111,0.899317644555411,0.8374620929250887,452.65166216133196,1.0042679614292123,0.5098163392740256,0.008395319500578566,1351,15,8,0.16522909261301688,0.000532058956052243,0.00022478041646992422,5.484031891660029e-06,1.8996747899554723e-10,1.2627736129988553e-07,-3.1391286655389804e-11,Populus_Nigra_15.ab.jpg,Populus_Nigra
119304.0,1573.2489045858383,0.6195840149535479,0.6057173209311831,0.9013429030057505,0.8529093368379012,389.74680325191105,1.0409658112978986,0.5194616760375049,0.009337490779778235,1114,16,8,0.16427869354537866,0.0005078315003040268,9.150754640988844e-05,3.027323597368877e-06,4.49704764525153e-11,5.891461896721136e-08,2.272631163300658e-11,Populus_Nigra_16.ab.jpg,Populus_Nigra
190013.0,2369.1067690849304,0.6006132157457348,0.4254258856231411,0.9315070507762525,0.8506051579452922,491.86590206453883,2.6444605727642605,0.9179661868488349,0.012520195986524499,2379,44,18,0.23301730366922824,0.02769706374349623,0.0004461248756894061,0.00018996210087826482,5.527244670202385e-08,3.1435324184354125e-05,-1.7596632642036969e-09,Prunus_Avium_01.ab.jpg,Prunus_Avium
167552.5,2147.4082852602005,0.6049634788740555,0.45659539534607857,0.9251447328774849,0.848391826259395,461.88144454961423,2.4142011834319526,0.8969727990533142,0.012348368421764233,2069,38,15,0.21640722533350934,0.020236468877396347,0.0004230746261701785,0.00014743139818877962,3.6820468857412686e-08,2.0970987624536248e-05,1.6100110797056194e-10,Prunus_Avium_02.ab.jpg,Prunus_Avium
188277.5,2359.491546392441,0.5924197085670653,0.4249828803373892,0.9150856506807336,0.803741468859833,489.61449976882284,2.2632982311648044,0.8816835584014805,0.01748482957327623,3292,61,24,0.20388703477539796,0.01543458962837052,6.975411847805492e-06,4.4728477020379244e-06,2.473947312374379e-11,5.538283403165104e-07,3.4865747093906544e-12,Prunus_Avium_03.ab.jpg,Prunus_Avium
228848.5,2545.0550342798233,0.614762729847511,0.4439801752312813,0.9222946082552768,0.8015170154557254,539.7952944897953,2.2009132037050336,0.8741621837185247,0.015538664225391302,3556,65,23,0.20062347593704702,0.014371394777337905,3.1234127648642164e-05,5.438425341127665e-06,7.08010499211578e-11,6.512033282785644e-07,3.347058760460529e-12,Prunus_Avium_04.ab.jpg,Prunus_Avium
208686.5,2485.7169432640076,0.6321151632621551,0.42442491873254395,0.9405673515887892,0.8497814386535483,515.4686258661865,2.8629146385559423,0.9318804962079568,0.01569818843089659,3276,72,26,0.24879012627018698,0.035714352774896894,0.0003536920831020272,0.00013989110215905122,3.0954995290525554e-08,2.501609102735947e-05,3.1711740846203103e-09,Prunus_Avium_05.ab.jpg,Prunus_Avium
268522.5,2900.653015971184,0.6000167588389475,0.4010504288619809,0.9277167125271762,0.8050332509084779,584.7165686477061,2.4439400831506926,0.9092166307564156,0.017201538046095945,4619,86,34,0.22826953749400122,0.025628409505372,0.0004302571477888318,0.0001732879968956189,4.731582943216723e-08,2.7738503366469205e-05,-3.2606262218719675e-10,Prunus_Avium_06.ab.jpg,Prunus_Avium
184744.5,2346.8885123729706,0.5913716389225628,0.42149891752225954,0.9199117655067885,0.8302316330037282,484.99897223842163,2.448892370529863,0.9048052363042797,0.014073490685708784,2600,54,20,0.22421558260022897,0.02372311357851988,0.0002410419414071386,7.840020606365406e-05,1.0672751993823486e-08,1.107536186054578e-05,-1.4996850338576695e-09,Prunus_Avium_07.ab.jpg,Prunus_Avium
232877.5,2661.314920783043,0.6140280333895459,0.4131852946445389,0.9248988232080095,0.8308128813160608,544.5262547196993,2.7192138979445444,0.9191382284204753,0.014526950864662635,3383,65,25,0.2334132567380658,0.028224331367155304,0.0003337072274249568,0.0001371532659462599,2.9339339539609517e-08,2.2982303966094392e-05,-4.066128063718258e-10,Prunus_Avium_08.ab.jpg,Prunus_Avium
212149.0,2586.4204783439636,0.6075181984255497,0.3985222674197053,0.9237866941826036,0.8161220130003154,519.7273286792027,2.641435884704541,0.9177167666969176,0.017647973829630834,3744,73,29,0.23123802393184345,0.027112963701678903,0.00029335851135385636,0.00010914970336439953,1.9439089514920816e-08,1.658913902903983e-05,-1.896590153597026e-09,Prunus_Avium_09.ab.jpg,Prunus_Avium
185449.0,2274.5626138448715,0.6119823119802924,0.4504416770972911,0.9252603166162319,0.8136312181213693,485.9228337211488,2.0933767526676634,0.8818499731225966,0.01620391590131948,3005,61,22,0.2050643560054547,0.016044408291329568,2.3980517300973166e-05,2.5304606330042047e-06,1.8405503117800164e-11,2.791115033644806e-07,-7.056681272611173e-12,Prunus_Avium_10.ab.jpg,Prunus_Avium
229027.5,2572.368741631508,0.5888292702978017,0.4349417017420424,0.9122984172092505,0.7929239638276626,540.0063609179363,1.9888944546029408,0.8524037127846905,0.015744834135569985,3606,84,29,0.19252760063624585,0.010815451485309518,0.0001497364795310147,2.4782569124816628e-05,1.509625834359604e-09,2.568703894621206e-06,1.2112620666693135e-11,Prunus_Avium_11.ab.jpg,Prunus_Avium
207664.0,2545.6164388656616,0.5934138786317013,0.40270326002372864,0.909351257850768,0.8394147778035106,514.2042559313204,2.764661483553643,0.9239304608571833,0.01596810231905401,3316,66,25,0.2346075624324469,0.028615348191815385,0.0002918775069312683,0.00012022731337405571,2.248788249939243e-08,1.9921304272750057e-05,1.2373861427387489e-09,Prunus_Avium_12.ab.jpg,Prunus_Avium
167973.5,2215.266149997711,0.588864154248593,0.4301290875553959,0.9319073271625496,0.8605163004271698,462.4613526204885,2.689230769230769,0.9197678860172073,0.013930768841430756,2340,45,17,0.23201194701002592,0.027180474354094084,0.0004077135985774364,0.0001699136211611024,4.466114407139174e-08,2.7367299851818865e-05,2.3296535404296183e-09,Prunus_Avium_13.ab.jpg,Prunus_Avium
123640.0,1874.5382257699966,0.5800337774414522,0.4421608214037971,0.9264441971659196,0.8549852198498941,396.766098994175,2.5051546391752577,0.9068556999173657,0.015318667097902632,1894,45,16,0.22734392603042303,0.025055831268821414,0.00017853902551330302,6.775666222943805e-05,7.439922422035701e-09,1.0651792223164506e-05,4.306022226374694e-10,Prunus_Avium_14.ab.jpg,Prunus_Avium
204595.5,2414.805253267288,0.6237287360507782,0.440901643227754,0.9369169898890561,0.8432298777162227,510.39110618707195,2.6073446327683616,0.9144199792797902,0.014716843723274867,3011,54,21,0.23269910383136816,0.027690120740066552,0.0004915676166957523,0.00019981120073218883,6.25949806349066e-08,3.3198799771508856e-05,1.8118857703986345e-09,Prunus_Avium_15.ab.jpg,Prunus_Avium
189486.5,2356.319971680641,0.611858632824399,0.42886401738750063,0.9224435054332023,0.8608371177349528,491.18398283480235,2.8663912448710693,0.9248482494696928,0.012243616299777327,2320,37,16,0.2370455390212569,0.029951981036850508,0.00020016905669353844,9.50967325096054e-05,1.3118524312079594e-08,1.6358707236564233e-05,2.214681731342946e-10,Prunus_Avium_16.ab.jpg,Prunus_Avium
300087.5,2872.9372811317444,0.5872875617439169,0.4568835055536717,0.9119315764495122,0.7851993988111203,618.128847313174,1.2050565499656534,0.794125294182547,0.012802932477984579,3842,60,22,0.17972346837135778,0.006050345036897623,4.732925341285382e-05,9.957014210491472e-06,2.1555521178159315e-10,7.738684153608789e-07,-1.6046131891100227e-11,Prunus_X_Shmittii_01.ab.jpg,Prunus_X_Shmittii
244828.0,2447.131151199341,0.594843336960147,0.5137554688113541,0.9341103978445651,0.833547835681505,558.3231065059196,1.483906872639555,0.8137913179718276,0.008973646805067338,2197,40,16,0.183479899054746,0.007389907121911525,6.107609202494817e-06,1.8604959492632632e-06,6.265557710011163e-12,1.1941966555121005e-07,-2.753520303365319e-13,Prunus_X_Shmittii_02.ab.jpg,Prunus_X_Shmittii
270314.5,2530.663115978241,0.6335149640239202,0.5304085739280504,0.9379048683050337,0.8193300577661751,586.6643937681177,1.1821886043986545,0.7833955930099259,0.008316239047449115,2248,40,16,0.17638509959853138,0.005164868175949567,3.320443159745914e-05,6.341749314577905e-06,9.195551350833504e-11,4.4149447040924294e-07,-3.6070144968554274e-12,Prunus_X_Shmittii_03.ab.jpg,Prunus_X_Shmittii
220382.5,2290.864126801491,0.6165925241994947,0.5277014727714591,0.9369167718828807,0.83299788468024,529.7166355397922,1.2977533143848525,0.8087958261999401,0.006892561795937098,1519,21,9,0.18196635856730214,0.006992793028003567,4.5909394175041224e-05,7.39853280610721e-06,1.355239583291764e-10,5.452527235667107e-07,-1.502603368793062e-11,Prunus_X_Shmittii_04.ab.jpg,Prunus_X_Shmittii
198617.0,2126.2539550065994,0.6222804972785476,0.5520723709560978,0.9329800901383943,0.8407983203431005,502.87873156126204,1.07233763334584,0.7763506575944572,0.006147510031839432,1221,20,7,0.17677810599671084,0.005135373137078186,1.874460047499059e-05,2.0381159854759896e-07,-2.6079854592498946e-13,-3.910782529970281e-09,-3.0112951266734834e-13,Prunus_X_Shmittii_05.ab.jpg,Prunus_X_Shmittii
111829.0,1702.2884452342987,0.6020857561237343,0.4849511604041338,0.9345445276807115,0.8626109676611514,377.33950899447103,2.284518075930893,0.8866619788661806,0.009425104400384292,1054,13,7,0.2110331909464907,0.017630485032118042,0.00047111014222094114,0.00015180399515327792,4.0481333934979505e-08,1.9408574446625824e-05,-3.052532988937534e-09,Prunus_X_Shmittii_06.ab.jpg,Prunus_X_Shmittii
135431.0,1760.2295699119568,0.6258074950296852,0.5492743571658748,0.941130279175545,0.8583968334043964,415.2542652195493,1.5529246828133694,0.8364282335349187,0.00760534884917334,1030,17,6,0.1876841824037881,0.008975393608386166,0.00010661392626030196,2.7434534426432784e-05,1.4804402416586513e-09,2.5131484836545506e-06,-9.867126736059103e-11,Prunus_X_Shmittii_07.ab.jpg,Prunus_X_Shmittii
139374.0,1868.798112154007,0.5688734693854332,0.5014952858962641,0.9295504111664928,0.8566018278993442,421.25584661570997,1.8181470064523542,0.8496539525815228,0.007856558612023357,1095,10,6,0.19518005241989486,0.011170362501678827,0.0002755770105273694,8.077748504328794e-05,1.2044542460300442e-08,8.488387900129124e-06,-4.222201920807531e-10,Prunus_X_Shmittii_08.ab.jpg,Prunus_X_Shmittii
193609.5,2053.1828862428665,0.6283166742369432,0.5771401076082725,0.9486499795386404,0.8436810957699781,496.49901473860194,1.162885305792172,0.7501405660449826,0.005764179960147802,1116,21,8,0.1729218752116155,0.0038327052764843728,7.578956046363483e-05,8.473204660875754e-06,2.145293080926384e-10,5.093310167840535e-07,-9.091123763213547e-12,Prunus_X_Shmittii_09.ab.jpg,Prunus_X_Shmittii
185489.5,2175.2661496400833,0.5848009357326195,0.4926113242872301,0.9422119614309112,0.8568626181234891,485.9758908970207,1.9574586586762368,0.8760503659447733,0.006474760026812974,1201,6,5,0.20555403527502564,0.015599497445224254,0.00029465309876175607,9.545213399948326e-05,1.6007341312739723e-08,1.189776404341361e-05,-1.3199577902892323e-10,Prunus_X_Shmittii_10.ab.jpg,Prunus_X_Shmittii
225781.0,2345.793058872223,0.609948563337845,0.5156058812433236,0.9197681239676393,0.8452883937274364,536.1653640900817,1.522772657689635,0.8406191441039089,0.008211496981551984,1854,28,11,0.18832296793076336,0.009199797123652136,2.287516059225512e-05,7.140043307798973e-06,9.02132392885696e-11,5.343204768422536e-07,-1.3716852553435505e-11,Prunus_X_Shmittii_11.ab.jpg,Prunus_X_Shmittii
196113.0,2082.312830209732,0.6164167845336589,0.5683610359924111,0.9333358715549728,0.8363872405902824,499.69873607669547,1.088836590523473,0.7204256170576429,0.005991443708443645,1175,15,7,0.1696514813606573,0.0027650593439989663,1.4241754779497424e-06,1.2481727489887293e-06,1.6195589048089825e-12,6.562286646734079e-08,-3.826762386940732e-13,Prunus_X_Shmittii_12.ab.jpg,Prunus_X_Shmittii
231866.5,2359.8346890211105,0.6000452880954413,0.5232204484764194,0.9319393086779263,0.8337055465258381,543.3429827460143,1.3265416688296672,0.8001266854685992,0.006991091856706376,1621,27,11,0.1806483645375431,0.0064775103053449756,6.699320334615841e-05,1.4229219710706218e-05,4.3926462474440395e-10,1.1451991715035273e-06,-7.348959623229752e-12,Prunus_X_Shmittii_13.ab.jpg,Prunus_X_Shmittii
289386.5,2574.7463768720627,0.6278372233273284,0.5485537898818758,0.9433399181109394,0.828916005215546,607.007689829793,1.3218271663069665,0.7724905284285652,0.008251939879682528,2388,53,17,0.17606915530093842,0.004962823989536487,4.7209694101601805e-05,9.23480200834334e-06,1.9162902727854506e-10,6.325472378499634e-07,-2.1417443785753016e-11,Prunus_X_Shmittii_14.ab.jpg,Prunus_X_Shmittii
108064.0,1496.6315915584564,0.6583206925290841,0.6062630310388616,0.9496166435910314,0.875247236839598,370.9330912203178,1.1533901752735845,0.8086470625811624,0.007986008291308983,863,20,8,0.18191898705673892,0.0071844708565916,3.478815982649245e-05,5.687738284767537e-06,7.906117328683895e-11,3.7946136657955383e-07,-1.2262417746131315e-11,Prunus_X_Shmittii_15.ab.jpg,Prunus_X_Shmittii
282039.0,2629.959579229355,0.6318219494150141,0.5124138771483091,0.9410019951790626,0.8154209793390386,599.2522073030358,1.182427905657517,0.807031164485515,0.009112214977328979,2570,42,16,0.18141186221216402,0.0070801997553184125,4.3427777808874055e-07,2.9876552737164253e-07,8.582627693889076e-14,2.2942221203647465e-08,6.492454786333209e-14,Prunus_X_Shmittii_16.ab.jpg,Prunus_X_Shmittii
73417.0,1352.4650721549988,0.7326607189117154,0.5043759637990722,0.9812155434397246,0.9422636385169135,305.7407850709837,3.4411764705882355,0.95359982244196,0.007518694580171913,552,0,2,0.29536688191211113,0.06157575979630747,7.774883760670997e-05,1.7474633106052473e-05,5.310967465544171e-10,2.367808612200246e-06,3.644338707543416e-10,Pterocarya_Stenoptera_01.ab.jpg,Pterocarya_Stenoptera
56867.0,1103.6955198049545,0.7459923914371509,0.5866399332078073,0.9803810016208881,0.9403388358387508,269.08235391874825,2.8128889693653094,0.9253281819654373,0.007930785868642081,451,0,2,0.24652678413234988,0.03478761271952243,0.00027552384193366147,2.355777665696044e-05,-9.92451730506073e-10,-2.9101167877530884e-06,1.6177737747715156e-09,Pterocarya_Stenoptera_02.ab.jpg,Pterocarya_Stenoptera
100199.0,1558.2051846981049,0.7625494672696913,0.5185897888041967,0.9675360415507042,0.9301282767602018,357.17968747245214,3.292460529460746,0.9524970002790587,0.006976117526053393,699,11,5,0.28974513342964525,0.0580101132177415,0.00011228705835089297,4.736997231696879e-05,3.4088787581352514e-09,1.0332752428602726e-05,-5.61252032484144e-10,Pterocarya_Stenoptera_03.ab.jpg,Pterocarya_Stenoptera
97912.5,1602.7909718751907,0.6974321532823033,0.47895446754519927,0.9801885045175998,0.9398785484376936,353.0808220845216,3.704079591157882,0.9604380204177358,0.006944976381902771,680,0,2,0.311054961198803,0.0711999084950081,7.948887419203309e-05,2.04540583258012e-05,6.973489539249997e-10,2.7824580034047787e-06,-4.403603770279585e-10,Pterocarya_Stenoptera_04.ab.jpg,Pterocarya_Stenoptera
78270.0,1371.979789853096,0.7576080222940452,0.5225282436709324,0.9802251750055703,0.94288459915731,315.6841129458706,3.3735204650287907,0.956398535213627,0.007116391976400711,557,0,2,0.297151112612997,0.06216674847685544,0.0003949766250265982,4.009220413064709e-05,-2.2819448281941004e-09,-6.174899457361455e-06,4.499604843859633e-09,Pterocarya_Stenoptera_05.ab.jpg,Pterocarya_Stenoptera
104597.0,1594.063050866127,0.746380379475047,0.5172709653209409,0.9784244669166265,0.9346876704885909,364.9342908807883,3.4495090856744888,0.9549603630469503,0.006787957589540925,710,3,3,0.29470375865715426,0.06130074056704248,4.406378804978538e-05,1.1712895831043322e-05,2.3219002057620193e-10,1.6951678561673093e-06,-1.2997902214277286e-10,Pterocarya_Stenoptera_06.ab.jpg,Pterocarya_Stenoptera
69332.5,1274.2224307060242,0.7160081377982898,0.5366068750193396,0.9817130153916274,0.9384319479996032,297.1142553553274,3.227541188821789,0.9503034329368203,0.007500090145206072,520,0,2,0.2808665546322624,0.053272227055461134,6.287106251432206e-05,5.336239946115618e-06,-9.448281652232354e-11,-1.1912053907520342e-06,-2.5027442760859907e-11,Pterocarya_Stenoptera_07.ab.jpg,Pterocarya_Stenoptera
90705.5,1457.1929932832718,0.761712615776138,0.536796081625712,0.9801920281722722,0.9380236653332862,339.83794597568897,3.304608389674901,0.9502722507153308,0.007397566850881176,671,3,3,0.28658935403467606,0.056571845417093425,0.00010616344812602626,4.864126465562554e-05,3.4779624635453487e-09,1.1116486734258523e-05,-3.4854099861304044e-10,Pterocarya_Stenoptera_08.ab.jpg,Pterocarya_Stenoptera
100781.0,1611.0924872159958,0.7716177934249169,0.48791883390123514,0.980875167880201,0.9475460751653085,358.2155141223708,3.845779025881626,0.9646897258891158,0.007620484019729707,768,1,3,0.32240087912920584,0.07819936331925426,0.00018669626364403385,2.099615303659659e-05,-4.617091086202482e-10,-3.6554956413559827e-06,-1.2308000544208266e-09,Pterocarya_Stenoptera_09.ab.jpg,Pterocarya_Stenoptera
98778.0,1576.2051852941513,0.7258978372485733,0.4996254918709482,0.9800328403869409,0.9369619225848117,354.637922041411,3.5008553252902,0.9561837838828919,0.006509546660121591,643,0,2,0.30205119083309306,0.06557104746948866,0.00023384422534354686,0.00010103100269403093,1.526957801375358e-08,2.2587492292611843e-05,-2.8269878434303352e-09,Pterocarya_Stenoptera_10.ab.jpg,Pterocarya_Stenoptera
89067.5,1504.1635564565659,0.7185238667566008,0.4946966872303461,0.975809499800321,0.9347533453879332,336.7554946109998,3.4742820949034385,0.9550490976633297,0.007859207904029426,700,3,3,0.2940953248565678,0.060583986519742505,0.00024876500334477316,2.7447085558616005e-05,-4.149862702007728e-10,-2.8863051453254577e-06,-2.22968929500276e-09,Pterocarya_Stenoptera_11.ab.jpg,Pterocarya_Stenoptera
62724.0,1176.3229351043701,0.7105925002751717,0.5696268877308032,0.9827189120437633,0.9358027444581642,282.59985351016786,2.92271688975036,0.9421586254960318,0.007238058797155187,454,3,3,0.2651754149120935,0.044897623397941344,3.0379143484738896e-05,1.0189980747763858e-05,1.7419324623526458e-10,1.8418094918858037e-06,-4.243105492350042e-11,Pterocarya_Stenoptera_12.ab.jpg,Pterocarya_Stenoptera
86104.0,1402.607206106186,0.7310206645889069,0.5499979359279612,0.9800694325766313,0.9305966202457988,331.1057501159961,3.129063608917507,0.9467389895233381,0.0061321192975223905,528,0,2,0.2749505011731314,0.049960460879222526,9.600566205108485e-05,2.828088360255788e-05,1.3504291366356163e-09,4.2993849834385176e-06,5.898481418010899e-10,Pterocarya_Stenoptera_13.ab.jpg,Pterocarya_Stenoptera
79093.0,1329.6366443634033,0.7746469216981583,0.5621885050483335,0.9800685241168992,0.944492958358334,317.33946384233116,3.135094309621768,0.9440461162958103,0.006663042241327766,527,0,2,0.2768860880874744,0.050574052046021896,0.0003499795783926217,3.0509417736818297e-05,-3.101338619978125e-09,-6.8229392604402674e-06,-5.663384991290194e-10,Pterocarya_Stenoptera_14.ab.jpg,Pterocarya_Stenoptera
78824.5,1348.021419286728,0.7317264490667658,0.5451016576839766,0.9812707739299473,0.9359767507479024,316.8003637844768,3.0688639117019205,0.9466665157660914,0.006634992927241721,523,0,2,0.2730470456653631,0.049025690597034606,6.587814739749686e-05,9.432455970851305e-06,9.604389939294664e-11,-1.3016195672533104e-08,2.1461976077954982e-10,Pterocarya_Stenoptera_15.ab.jpg,Pterocarya_Stenoptera
81279.0,1355.0924882888794,0.7304270462567811,0.5562247891014142,0.9726498692510259,0.9287561959949259,321.6949439399527,2.984526530098037,0.9408758190444462,0.00650844621603971,529,0,2,0.2618635317262168,0.04272470584625514,7.862939980571544e-05,1.4857082665223855e-05,3.884452796987608e-10,1.5896051878442677e-06,-3.27064543567018e-10,Pterocarya_Stenoptera_16.ab.jpg,Pterocarya_Stenoptera
141240.0,1979.5331749916077,0.6276329120646135,0.4529413852038764,0.9031961017476678,0.812623583179919,424.06644915436823,2.1166263148138476,0.8789700688235783,0.014450580571973586,2041,35,16,0.21138137867491663,0.01738539680418015,0.0005905038181167637,5.085273403097463e-05,4.284714532791473e-09,1.435322080756929e-06,-7.700359942814273e-09,quercus_afares_01.ab.jpg,Quercus_Afares
140849.5,1915.8935650587082,0.6589388637268473,0.48219468176945934,0.9148507070004686,0.8359988731890649,423.4798144612979,2.3664207204265972,0.8915219219216843,0.013723868384241875,1933,37,15,0.2098000860202102,0.01814200489728084,4.6788006800213414e-05,6.49197662335828e-06,9.211512186553936e-11,5.854333120707791e-07,6.569960219787192e-11,quercus_afares_02.ab.jpg,Quercus_Afares
141308.5,1973.4570519924164,0.6191468293061891,0.4559558494701016,0.8973221656301367,0.8314430103154884,424.1692707012246,2.215648248744718,0.880198382527062,0.014217120696814295,2009,36,15,0.21099309773192965,0.01774130381018841,0.00035976881439980476,7.077474441910498e-05,1.0390466751935723e-08,6.824040370205795e-06,4.425125312935411e-09,quercus_afares_03.ab.jpg,Quercus_Afares
140255.5,1881.2661491632462,0.619360835847688,0.4979999311577141,0.9138118631198443,0.8344588936642989,422.5859072030238,2.005371606234034,0.8534159091457549,0.011678686397241613,1638,26,12,0.19975431927309356,0.012714007382396723,0.0006770941559653097,0.00011227742747166708,2.8741314486641657e-08,9.871960199887385e-06,1.150182026476515e-08,quercus_afares_04.ab.jpg,Quercus_Afares
139944.5,1801.1483985185623,0.6396994962624919,0.5420841464380086,0.9067932792870633,0.8305257314753054,422.11713003405816,1.384282429388766,0.7880618506959655,0.010840011575940176,1517,22,10,0.1820938216690829,0.00681873793185317,0.00020033334047159313,2.728864106687427e-05,2.008934866426959e-09,2.226242796861393e-06,-1.8751164740962065e-10,quercus_afares_05.ab.jpg,Quercus_Afares
140636.0,1894.7047455310822,0.6218649403913215,0.49229257309582636,0.9024210262834876,0.8157914346108217,423.1587368983114,1.8414398590107082,0.8388959685252684,0.014000682613171587,1969,41,16,0.19468409599819556,0.011420014129728987,0.00024197250127303336,3.455419512382135e-05,2.9730741136037967e-09,3.384453175713881e-06,1.06957833458137e-09,quercus_afares_06.ab.jpg,Quercus_Afares
140189.0,1782.361601471901,0.6475840724286419,0.55453909231893,0.9338618082439831,0.8622797373826281,422.48571400329945,2.075547707027111,0.868022494396466,0.011348964611978478,1591,22,10,0.20226466149927533,0.015111239067789026,4.3179926276295196e-05,1.0879319254315821e-05,2.351471218980203e-10,1.3216919623343826e-06,-1.753287772427772e-11,quercus_afares_07.ab.jpg,Quercus_Afares
139934.0,1754.586997628212,0.6273379359785378,0.5711935559580942,0.8923394784947273,0.8435057405878684,422.1012940669221,1.0918187577188805,0.7654965704419856,0.01082653250810506,1515,20,9,0.1759418882730979,0.004973233713608164,2.313300458593889e-05,5.351514897811754e-07,-1.2156995405280737e-12,-2.1457916345628312e-08,-1.4378631016027956e-12,quercus_afares_08.ab.jpg,Quercus_Afares
140415.5,1863.7758165597916,0.6264214494406708,0.5079694222973292,0.8867049978947078,0.8232128131165122,422.8268762670607,1.812424166225193,0.8204801773394276,0.012185264447214265,1711,20,11,0.18849885607655711,0.009163017265725673,0.00021348648351908128,3.4656286234118494e-05,2.9730799716107894e-09,3.2473422439157708e-06,2.1680167762433827e-10,quercus_afares_09.ab.jpg,Quercus_Afares
141170.5,2031.2316588163376,0.5949030762722507,0.4299667807309142,0.8625761098311907,0.7838801712550145,423.96210107748465,1.894135819606378,0.8576015795768056,0.012608866583226602,1780,18,11,0.19673377353463187,0.012311197095096371,0.00016017832856014277,2.9105313192483304e-05,1.9514489620413922e-09,2.9147607999240297e-06,-3.7570089195542063e-10,quercus_afares_10.ab.jpg,Quercus_Afares
140363.0,1839.2489049434662,0.6493777469319946,0.5214125662412857,0.9157502943966247,0.8492405374072262,422.74782343338165,2.1100039376300357,0.8710974588337368,0.012702777797477235,1783,25,13,0.2032247037869294,0.015443428117934793,3.336324430553198e-05,7.37549684395352e-06,1.1510740064855961e-10,9.126898503466141e-07,1.166268186128172e-11,quercus_afares_11.ab.jpg,Quercus_Afares
141271.5,2013.9768278598785,0.622670574750429,0.43767877040480385,0.8981052069402756,0.8031285852639849,424.1137351513784,2.2190532173232183,0.9022420187205215,0.013732423029317785,1940,32,14,0.22348791889563024,0.023575750803558414,0.0003413102438989289,0.00010288483604188664,1.9207790357472545e-08,1.5393921466831532e-05,1.664360030784327e-09,quercus_afares_12.ab.jpg,Quercus_Afares
140789.0,1959.047893166542,0.6169544259394524,0.4609867910605746,0.8927336078900688,0.7925324667519675,423.3888546758391,1.8629805830623158,0.8398896911365886,0.012458359672897325,1754,34,12,0.19671397685819547,0.011808378635504999,0.0004721473646410437,8.281910610082555e-05,1.6030678143482554e-08,8.258272436821178e-06,3.3501923224180404e-09,quercus_afares_13.ab.jpg,Quercus_Afares
140347.5,1891.8935650587082,0.6387445158442466,0.4927437733489083,0.9027565601313297,0.8307285729448298,422.72448119870967,2.1264912355724337,0.8688054152399031,0.01274693172295376,1789,32,12,0.20224809975230812,0.014885415745549625,0.0001248915523853906,2.3449431626604882e-05,1.2634446990258335e-09,2.7954093656371512e-06,1.1871663221145068e-10,quercus_afares_14.ab.jpg,Quercus_Afares
141333.0,2019.9007053375244,0.6194740302405458,0.4353047437591559,0.8917499266456658,0.778852284415152,424.2060402399461,2.0053169133187208,0.8629828091683479,0.014504751190348292,2050,36,14,0.20033443888302815,0.013993088055399745,0.00012778568875752134,2.6019955912797014e-05,1.4822475609054429e-09,2.978580617339611e-06,2.325488476172322e-10,quercus_afares_15.ab.jpg,Quercus_Afares
140602.5,1852.7219928503036,0.6770509801622916,0.5147334514688682,0.9290504823514665,0.8274191860856099,423.108334931641,2.0549648809566836,0.8688712531227435,0.014366743123242,2020,30,15,0.20316813319873087,0.015622162205193989,6.087353779570149e-08,1.3945814292488413e-09,1.2606237949365023e-17,-8.02958687955676e-11,2.4875179880587164e-18,quercus_afares_16.ab.jpg,Quercus_Afares
129914.0,1436.253959774971,0.7419502221570666,0.7914132930179565,0.9651678089116831,0.9265452326163368,406.70830113820386,1.2195767195767195,0.5737688232139039,0.004341333497511112,564,4,3,0.16276029384489715,0.0009615648559990336,8.871436029283936e-06,1.378170170767756e-07,7.778868920018334e-14,1.9076017832969843e-09,-1.3103843630294108e-13,Quercus_Agrifolia_01.ab.jpg,Quercus_Agrifolia
113074.0,1466.3128329515457,0.703546540563069,0.6608750385089583,0.9321193485952582,0.878181720916868,379.4341685739224,1.5258740294111492,0.7253165894050491,0.008781859667042983,993,21,9,0.1716905408754838,0.003671025287116034,8.12877612357137e-05,3.5905068503886054e-06,4.294352395348438e-11,1.3076966204770973e-07,-4.380059119495367e-11,Quercus_Agrifolia_02.ab.jpg,Quercus_Agrifolia
130399.0,1552.621487379074,0.7197683917649929,0.6797558290169728,0.9396229949924366,0.891846996062158,407.46676354510254,1.5933445849244112,0.7705768409341626,0.008144234234862659,1062,12,7,0.17602655079703045,0.005384080656042051,2.628468554985844e-05,8.371931488163826e-07,-3.473452882591319e-12,-5.419991046430042e-08,1.8326246267209624e-12,Quercus_Agrifolia_03.ab.jpg,Quercus_Agrifolia
151498.0,1623.5331760644913,0.6802264757486846,0.722261438114951,0.9431341727175812,0.9070832653130105,439.1961344869598,1.2083198653381606,0.6808476605982077,0.004508310340700812,683,12,5,0.1675697410559837,0.0024702234390663385,3.544938367140005e-05,1.047997832057792e-06,5.483015034824112e-12,4.081426180021901e-08,-3.277092367539879e-12,Quercus_Agrifolia_04.ab.jpg,Quercus_Agrifolia
116622.0,1422.8813729286194,0.688461879036049,0.723857304122678,0.9469645604798325,0.9101380484504115,385.34107253977504,1.1710233839250075,0.6843595420270056,0.0073656771449009135,859,9,5,0.16800049996162694,0.0024678430607256666,9.186315200713512e-05,2.8644682956573113e-06,4.4612188314235605e-11,1.3385473753330042e-07,1.2994454944987305e-11,Quercus_Agrifolia_05.ab.jpg,Quercus_Agrifolia
153441.5,1651.4915437698364,0.7110488609579833,0.7069683815198076,0.9479362941579429,0.9085702345161567,442.00428233613354,1.6252935138754778,0.7722376098166511,0.0057807046984956435,887,11,6,0.1761453902831314,0.00550380097380671,1.0581566317448744e-05,5.352807768854266e-07,8.957991215578191e-13,2.1412398154722295e-08,-9.057900780615585e-13,Quercus_Agrifolia_06.ab.jpg,Quercus_Agrifolia
129765.0,1533.79306101799,0.6637358253123227,0.6931606459649945,0.9458400603449395,0.9081422190548291,406.4750047943396,1.2449928208902097,0.7529571333521122,0.0057488536970234745,746,6,4,0.17376561226374201,0.004458625853880848,7.861801547612407e-05,5.360139666034426e-06,1.0974456003914669e-10,3.5775467738840935e-07,-7.969800439795831e-12,Quercus_Agrifolia_07.ab.jpg,Quercus_Agrifolia
158071.5,1667.148398756981,0.7260644894551189,0.7146854149380228,0.9543449845535211,0.9061068762756874,448.62332161358296,1.6048718763568721,0.7577172406047431,0.0047193833170133806,746,8,5,0.1740154311881375,0.004823117450293435,2.0243637445203427e-06,7.542211873424077e-08,-6.41315718128216e-15,-1.6059249545115815e-09,2.876458305002787e-14,Quercus_Agrifolia_08.ab.jpg,Quercus_Agrifolia
166679.5,1806.8641290664673,0.7483040993398297,0.6415655871169534,0.938648112894125,0.8804362241542792,460.6766009867275,1.7897727272727273,0.8110507781913165,0.007811398522266917,1302,17,8,0.1822421777869777,0.00764703914414309,5.470117635292341e-06,2.817309470901398e-07,2.883911472239565e-14,-3.559773775028223e-09,-3.485528808944926e-13,Quercus_Agrifolia_09.ab.jpg,Quercus_Agrifolia
132074.5,1548.7808674573898,0.7116466404401549,0.6919088557753865,0.9469165498557346,0.905084646493964,410.0761834721986,1.3244570979087875,0.7756915755103652,0.007866772162621348,1039,11,6,0.17648405181046986,0.0056295158827904404,7.0308946851412605e-06,2.5065319926646343e-07,-2.313665097918443e-13,-1.5337058165915132e-08,-2.391456194899228e-13,Quercus_Agrifolia_10.ab.jpg,Quercus_Agrifolia
124702.5,1528.1534519195557,0.686672650378369,0.6710441437882324,0.9501142857070467,0.8982319736007566,398.4672562800319,1.6964631489574247,0.7865736789242646,0.00835588701101938,1042,18,8,0.17841672342367282,0.005971717636308242,0.00011509308623941531,1.130571312786819e-05,4.0596797898186737e-10,8.651600321475662e-07,-3.885203594762296e-11,Quercus_Agrifolia_11.ab.jpg,Quercus_Agrifolia
115420.0,1422.8224985599518,0.6769501466235955,0.7164559375343057,0.9502482237310931,0.9088723931175553,383.35011184729353,1.2497127008038909,0.7073959126119941,0.0068532316755601005,791,17,6,0.16990109412222484,0.0030533821376155412,9.810984351341543e-05,3.5517782191291445e-06,5.954019508449583e-11,1.5668539147866323e-07,-2.916999187053792e-11,Quercus_Agrifolia_12.ab.jpg,Quercus_Agrifolia
133596.5,1548.3788466453552,0.6981422449796293,0.7002457562055501,0.9394806701644521,0.8916505554866389,412.4322330252707,1.2430303907140996,0.6700656510851045,0.008578069036175513,1146,15,7,0.16625594652012332,0.002142671297805127,1.0859739676807553e-06,2.27094640096635e-08,2.665657884676602e-15,7.388764267700035e-10,2.369153908329737e-15,Quercus_Agrifolia_13.ab.jpg,Quercus_Agrifolia
140133.5,1592.3199719190598,0.6936374840952266,0.6945302219815981,0.9504345791317205,0.9130675372178608,422.4020759207333,1.719298245614035,0.7874650003944794,0.006515215847698693,913,19,8,0.17958436711451295,0.006675960738894556,4.046017357628473e-05,2.1663177503200913e-06,8.947178891195992e-12,3.962324969390829e-08,1.8201143318223445e-11,Quercus_Agrifolia_14.ab.jpg,Quercus_Agrifolia
141588.0,1603.5087889432907,0.7075862068930155,0.6919801265890175,0.9495126293807223,0.9037983590787669,424.5885545560104,1.654178674351585,0.7689833712966448,0.0068508630674432094,970,22,8,0.17677592546500498,0.005498416033720297,9.988902646515993e-05,6.730359856789724e-06,1.6938830120368675e-10,4.7367106624686313e-07,-4.196167953706919e-11,Quercus_Agrifolia_15.ab.jpg,Quercus_Agrifolia
158325.5,1775.7758144140244,0.6553587542297344,0.6309347661293166,0.9074576650002582,0.8741683802286276,448.9836161152955,1.1107078237343277,0.7024710136198832,0.006796125703018173,1076,12,6,0.16924310164911022,0.002974437552873221,1.59805224165103e-05,6.13204476246034e-07,1.9083451496837675e-12,3.3344563915449137e-08,-2.0726651851702102e-13,Quercus_Agrifolia_16.ab.jpg,Quercus_Agrifolia
139329.5,1613.408285498619,0.6883936600130021,0.6726116369612584,0.9546581978324004,0.8776523709062856,421.1885909520554,1.046853716246302,0.7151441329703572,0.008827994071543872,1230,21,10,0.1701072729222981,0.003371489551705618,1.5617335828336744e-05,3.0884262345534124e-07,-3.7902294626708937e-13,-1.4656525071814483e-08,5.62499801489232e-13,quercus_alnifolia_01.ab.jpg,Quercus_Alnifolia
138804.0,1570.3372172117233,0.7085053927512569,0.7073363847089323,0.950022586334921,0.8846934151410821,420.39355581100375,1.009892072203602,0.5331540836819938,0.007189994524601668,998,14,7,0.16203003689646495,0.0006632939881092378,8.731203845224756e-06,2.2119288014456444e-09,2.9181021518600607e-17,-5.642715367602638e-11,-3.0600464035674765e-16,quercus_alnifolia_02.ab.jpg,Quercus_Alnifolia
139603.0,1611.449915766716,0.6959549732756244,0.6755709883661731,0.94744378914435,0.8636381920630745,421.60177912772485,1.063066038514973,0.5629436543967167,0.010135885331904501,1415,27,14,0.16245979985537207,0.0008596630638011016,6.125420381045714e-06,7.10074202738401e-08,3.8779060893754053e-14,7.902289291881787e-10,-2.6253137281501015e-14,quercus_alnifolia_03.ab.jpg,Quercus_Alnifolia
139023.0,1565.3910394906998,0.6940427040188207,0.7129364724501251,0.9526233922791847,0.9062528271334445,420.7250660796389,1.1874549773201806,0.6685939624553783,0.005294088028561504,736,10,6,0.16654411945134984,0.0017749908205161753,0.00010084353350786921,5.71985770025808e-06,1.2745084662553026e-10,2.1090917610183435e-07,5.1260751683461845e-11,quercus_alnifolia_04.ab.jpg,Quercus_Alnifolia
139007.5,1618.7808697223663,0.6754527475805254,0.6666102236156765,0.958877415164905,0.8926820572313428,420.70161161418565,1.743288865846175,0.8083708543625527,0.008294516482863914,1153,23,10,0.1836623302010304,0.008073553835975382,3.7306360860715074e-05,3.414478382164703e-06,2.9404544389529673e-11,1.8464774661714337e-07,2.4909310799687982e-11,quercus_alnifolia_05.ab.jpg,Quercus_Alnifolia
139605.0,1636.4793518781662,0.6933277047965368,0.6550731167336129,0.9499814569652039,0.8667757581864121,421.6047991220598,1.0168410126593674,0.665670527258522,0.011711614913422071,1635,29,14,0.165966779869725,0.0018069377325041812,5.978441262439455e-05,2.6973858991402636e-06,3.424174740137065e-11,1.139366205482454e-07,-9.081512777332599e-13,quercus_alnifolia_06.ab.jpg,Quercus_Alnifolia
138663.0,1542.4793516397476,0.734237740460918,0.732372009876027,0.9709002303547084,0.9058800228052091,420.1799792846059,1.472408044564629,0.7405202558566161,0.005307832658998379,736,4,4,0.17238235322531867,0.0042479679553910545,1.0378176505488835e-05,2.2551644436389307e-07,-3.4465910256063336e-13,-1.4560118674256762e-08,-1.5488762556325512e-14,quercus_alnifolia_07.ab.jpg,Quercus_Alnifolia
138901.5,1540.2610996961594,0.6967230793889733,0.735746331611237,0.9581495290290086,0.9014237972240888,420.54117827274797,1.0682040946271494,0.5834179515947897,0.00909277437602119,1263,20,10,0.16357700264445854,0.0011551226463763539,3.221626868165379e-05,4.464877934964626e-07,9.78633021592782e-13,3.2669982709920637e-09,-1.3819483552807833e-12,quercus_alnifolia_08.ab.jpg,Quercus_Alnifolia
139451.5,1621.290535569191,0.6890440943914091,0.6666706857814582,0.9564410761066755,0.8884016198844237,421.3729516386114,1.152143729178306,0.7682065110907998,0.007551012359081465,1053,15,9,0.1759013076544236,0.0052917994429773655,9.315913900887193e-06,1.4038411817820064e-07,7.640696023405901e-14,3.064377600313808e-09,-1.4119430803680324e-13,quercus_alnifolia_09.ab.jpg,Quercus_Alnifolia
138976.5,1573.3494098186493,0.67780519803219,0.7055062590833742,0.9571779825546705,0.8948877024600699,420.6546987600238,1.129219905346797,0.7020572074373675,0.00840429856840254,1168,15,8,0.1689149331908105,0.003004652535817088,1.1797100235111144e-06,1.8314066719118475e-07,7.429178558664192e-14,9.877748652036619e-09,-4.156023462971299e-14,quercus_alnifolia_10.ab.jpg,Quercus_Alnifolia
139139.0,1603.4499143362045,0.6924818840545246,0.6800611166323116,0.954503982267018,0.8805140934318743,420.90055478094325,1.2399959625345673,0.7324311417054935,0.009781585321083365,1361,31,12,0.1708185576953892,0.0037089464397477728,3.1628825953031924e-06,1.1204983411096724e-07,-3.933943686902674e-15,-3.5929242534957597e-09,6.65888923198531e-14,quercus_alnifolia_11.ab.jpg,Quercus_Alnifolia
139140.5,1611.065139055252,0.6857184395172009,0.6736545122249636,0.9486345615567215,0.8843709926940656,420.9028235522101,1.1588818817718511,0.6850011688211423,0.009400569927451743,1308,26,12,0.16764819023739552,0.0024514916818655207,2.378229291179534e-05,2.1084297316621705e-06,1.478394954837565e-11,1.0156455734923895e-07,-2.084619883124872e-12,quercus_alnifolia_12.ab.jpg,Quercus_Alnifolia
138991.5,1567.4082845449448,0.7172718265194332,0.7109414409218198,0.9667460745207411,0.9061781727464043,420.67739918143616,1.0902767375557139,0.7488706761456849,0.005899641344931887,820,18,7,0.173272117738685,0.004494244177599712,4.025928093169945e-06,1.2193476106372255e-07,9.506783804149863e-15,-4.2727401682558855e-09,8.49021382670709e-14,quercus_alnifolia_13.ab.jpg,Quercus_Alnifolia
139312.0,1613.817444562912,0.672381173015018,0.6721861809057279,0.9496516653195705,0.8780240955289378,421.16213915325415,1.0053673857859027,0.6609684298602934,0.008613759044385166,1200,22,10,0.16653203403298222,0.0019670874733598116,6.570139272940332e-05,2.140946925031227e-06,2.204431965908066e-11,5.454389222760966e-08,1.2601561363645861e-11,quercus_alnifolia_14.ab.jpg,Quercus_Alnifolia
139524.5,1595.6925554275513,0.7178293975370796,0.6885918863364723,0.947049220936314,0.875462527452046,421.4832272575045,1.0294509339429807,0.553544821776894,0.008786987231570176,1226,23,12,0.16266010328597297,0.0007163964028084401,5.4138556057170445e-05,1.322545077663295e-06,1.118264932206716e-11,3.5176775756130605e-08,-4.3235348028468675e-13,quercus_alnifolia_15.ab.jpg,Quercus_Alnifolia
138758.0,1543.7930598258972,0.7087662304457754,0.731627004625977,0.9623475070501338,0.9073019755149423,420.32389028981174,1.0683651364945572,0.5695505613505053,0.0072428256388298844,1005,14,8,0.1630328306227664,0.000720074951417994,9.934165361017743e-05,2.3659047001646473e-06,3.430236283067827e-11,5.590583714327294e-08,-1.1787521627053904e-11,quercus_alnifolia_16.ab.jpg,Quercus_Alnifolia
267028.0,2986.115995287895,0.5931477516046781,0.3763165506785755,0.8946350975087037,0.751058442496161,583.0871368428059,1.9944226462040358,0.8919204116162308,0.011897628713049202,3177,34,17,0.21734703088293836,0.01962205205960147,0.0009496634321283743,0.0002654628553370647,1.317937354491326e-07,3.498765886126122e-05,-1.990118359971347e-08,Quercus_Brantii_01.ab.jpg,Quercus_Brantii
184025.5,2229.942334651947,0.6164574686517315,0.46505102439904694,0.9262523436175397,0.8243514911091561,484.0542777826271,2.1741161872223667,0.896599640216715,0.012052677482131265,2218,32,15,0.22028004472998666,0.021847401641852948,0.0005781475779044893,0.00017300104488614213,5.457677335847743e-08,2.5130788621563928e-05,3.861941598760165e-09,Quercus_Brantii_02.ab.jpg,Quercus_Brantii
106705.0,1640.9991235733032,0.6534652858966296,0.49794105595386917,0.9306331410150087,0.8259606114059853,368.59330653304806,2.0328581357331412,0.8819475437878174,0.01410430626480386,1505,39,15,0.20914589150611151,0.017221191162387135,0.00046205259845162204,9.860218579476109e-05,2.053814612521474e-08,1.1750364398754648e-05,4.596827047836643e-09,Quercus_Brantii_03.ab.jpg,Quercus_Brantii
117632.0,1828.6803629398346,0.6155520669774173,0.4420381396275085,0.8953808329427608,0.812397939961064,387.0060905545114,2.235145330523892,0.8861863458787848,0.0143158324264289,1684,26,11,0.2124951539349935,0.018533763433447443,0.0002660801715827698,8.865142982646235e-05,1.3593792433260008e-08,1.1982640373733336e-05,-7.692456406170631e-10,Quercus_Brantii_04.ab.jpg,Quercus_Brantii
120050.5,1747.065138220787,0.67114185883622,0.494260201463174,0.9379165136609615,0.8686258302294403,390.9642489604755,2.5667702573592153,0.9222479355774493,0.012752966459841876,1531,31,11,0.23954839551247606,0.030879735764272345,0.0006716035916194093,0.0002381072562502444,9.521011077750124e-08,4.1766491889678945e-05,-1.162688940368689e-09,Quercus_Brantii_05.ab.jpg,Quercus_Brantii
180644.0,2092.4692474603653,0.6579112218264866,0.5184599782739748,0.9382982812394451,0.8607159696906674,479.58636794548147,2.2782789345711545,0.895207496458507,0.011021677996440393,1991,26,12,0.21578087992843575,0.020392364590721024,0.0003268988663572617,8.823533776136616e-05,1.4928645921194064e-08,1.2347104829537724e-05,1.3038463124009448e-09,Quercus_Brantii_06.ab.jpg,Quercus_Brantii
154982.0,2189.9007056951523,0.5947304598736924,0.4061086855768232,0.8994161820809718,0.7732537535373589,444.2175268065692,2.080227253268116,0.8752524545683776,0.014821075995826475,2297,38,17,0.2065535358576505,0.015579184047338206,0.0005802646353918735,0.00011908050389220042,3.080423093982513e-08,1.350791714761995e-05,-5.560881585090812e-09,Quercus_Brantii_07.ab.jpg,Quercus_Brantii
147917.5,2106.888510107994,0.6218940508697839,0.41874179717963117,0.9053060325118486,0.785224017977531,433.9751264281899,2.003152010212913,0.8858555828182899,0.016083289671498753,2379,46,18,0.21565454553075444,0.01961749875274245,0.00047278645810912436,0.00012572205826086704,2.984773695764695e-08,1.59693152982387e-05,-6.972691106677503e-09,Quercus_Brantii_08.ab.jpg,Quercus_Brantii
136597.0,2017.9940716028214,0.6227751030354215,0.4215132716225616,0.9134387444226957,0.7927539308902668,417.0380103685862,2.260537565777678,0.8987748496939109,0.015439577735854816,2109,44,17,0.2184249975828985,0.02112578032531153,0.0004710733748745614,0.00013640549178830515,3.4343330034409964e-08,1.9477575967412314e-05,-4.016314215862612e-09,Quercus_Brantii_09.ab.jpg,Quercus_Brantii
157259.0,2184.042842268944,0.5721505079002381,0.41428868036220523,0.892292677939689,0.7744381160587797,447.46885653138696,1.6206863410620453,0.8556910457306574,0.013271100541061108,2087,32,14,0.19924785106039056,0.012924921594585944,0.00024689671084918337,6.139171637947185e-05,7.548701911559198e-09,6.877146471402436e-06,3.8016059121429245e-10,Quercus_Brantii_10.ab.jpg,Quercus_Brantii
115246.5,1766.8397427797318,0.6377780852205989,0.4639202072088012,0.9081141776419195,0.8352367460346185,383.061876453819,2.2917767765960146,0.9037303921075869,0.014672896790664594,1691,31,13,0.22319770647056555,0.023722260899833987,0.00012750124620105672,2.8821456670768825e-05,1.6728823352176054e-09,3.7531237475574976e-06,5.039946841276197e-10,Quercus_Brantii_11.ab.jpg,Quercus_Brantii
145191.5,1985.4915447235107,0.6421646461446098,0.4628230416484518,0.9200632422029577,0.8291431028400816,429.957625074164,2.3523768890316887,0.8940985022370349,0.01168801203919177,1697,30,12,0.21794750941486354,0.021167328437913923,0.0003266870470114509,0.0001030891295199292,1.8906248718902843e-08,1.4968323885281655e-05,6.789990746631288e-10,Quercus_Brantii_12.ab.jpg,Quercus_Brantii
163709.0,2081.616434574127,0.6263927576577704,0.4747675237937494,0.9215773474390814,0.8097899931934501,456.553143269268,2.0659072041565256,0.8644147329818832,0.01237561771184006,2026,27,12,0.20089553123163917,0.014272920097053858,0.00011549371370956168,2.935213225234015e-05,1.7065520051318495e-09,3.4471920752859905e-06,9.118903350252417e-11,Quercus_Brantii_13.ab.jpg,Quercus_Brantii
150505.5,1987.5159305334091,0.6448503830372206,0.47878550976962647,0.9211990451651291,0.8199474197632617,437.75513052406137,2.1458031996962,0.8800984715414458,0.014531030427362913,2187,36,16,0.20832147181808733,0.017077304255312866,0.0002081521863628521,4.6039389824736304e-05,4.298385596756958e-09,4.783705857019961e-06,-1.3552397583716393e-09,Quercus_Brantii_14.ab.jpg,Quercus_Brantii
182034.0,2323.6753079891205,0.5765167158601907,0.42365417459199195,0.9118820585603877,0.7993232307853164,481.4279668718059,2.040557362394578,0.878104444300257,0.01326125888562982,2414,41,16,0.21549795518388626,0.01930758494713455,0.0006278738819736503,0.00018010686088287882,6.029405561149713e-08,2.4713110012078198e-05,-5.736973014385496e-09,Quercus_Brantii_15.ab.jpg,Quercus_Brantii
149390.5,2166.8052530288696,0.5931089380904445,0.3998463033779916,0.8988787369114338,0.7830356223204766,436.13059077271606,2.168525673102352,0.8924170241276997,0.014284710205707292,2134,37,14,0.21943613554094205,0.020605072525738156,0.0009385257448929681,0.00023298858804484014,1.0601751190363136e-07,2.93843562670431e-05,-2.5105204890118255e-08,Quercus_Brantii_16.ab.jpg,Quercus_Brantii
142473.0,1968.4793519973755,0.6585362471543137,0.46204120284876954,0.9360629941891595,0.833855604106022,425.91343915994577,2.5416525698672237,0.915104899535544,0.011560085068668728,1647,30,12,0.23066408526488075,0.027348156419448093,3.1318568492075965e-05,1.151458910780082e-05,2.1733441280225792e-10,1.7629997878480418e-06,2.4060132371599792e-11,Quercus_Canariensis_01.ab.jpg,Quercus_Canariensis
179966.5,2208.202220439911,0.6474733047409356,0.4637926374538698,0.937406079163379,0.828176956933057,478.6861858541362,2.4215039981776645,0.9140127788468577,0.011652168597979889,2097,29,14,0.23185658861070385,0.027859236795887983,3.087453133154558e-05,2.5455054447793993e-06,-8.914597218551229e-12,-2.3725886293956976e-07,2.0730892504615413e-11,Quercus_Canariensis_02.ab.jpg,Quercus_Canariensis
160778.5,2089.2316588163376,0.6388922003376135,0.4628759752896503,0.9307112093863273,0.8550440993991653,452.4483883750746,2.606311686204887,0.9243102989099875,0.010355862257637957,1665,15,10,0.2447383132728333,0.03400665999895995,7.481734880851093e-07,4.588390253577577e-08,-8.016340015536399e-15,-8.044543688310663e-09,-2.8306366684031566e-15,Quercus_Canariensis_03.ab.jpg,Quercus_Canariensis
189985.5,2134.4276160001755,0.6840260525779525,0.5240436435421791,0.9427157247013213,0.8468390886350581,491.8303076532416,2.258382926410306,0.897201828590243,0.009974445418150466,1895,19,11,0.2163590709136746,0.021109593149996112,4.674821652250874e-06,5.237441109072088e-07,8.151159911321426e-13,7.507728536600556e-08,-8.48775355986948e-14,Quercus_Canariensis_04.ab.jpg,Quercus_Canariensis
139813.5,1884.8052538633347,0.6329639136724525,0.4945679903348906,0.9268133426960715,0.867191357259666,421.91951494074044,2.395426758853802,0.908584584546615,0.010442482306712566,1460,24,10,0.2267808744750018,0.025341171974109015,9.336003442268068e-05,2.0492162318231213e-05,8.663764023262713e-10,2.900788684266698e-06,-2.2973490124706303e-10,Quercus_Canariensis_05.ab.jpg,Quercus_Canariensis
116704.0,1809.6265397071838,0.6797604901989716,0.44783464886267194,0.9351169657341049,0.8387730931297386,385.4765204636625,2.73914094957722,0.9305675966136985,0.013881272278466195,1620,27,13,0.24788968420727156,0.035700142000370146,2.7096025234519975e-05,4.776297065978175e-06,3.8983279887941685e-11,3.494996119661e-07,3.78514686752793e-11,Quercus_Canariensis_06.ab.jpg,Quercus_Canariensis
101595.0,1640.7981125116348,0.6560060438134423,0.47421130497485453,0.9356695523951404,0.8590644939262976,359.65924365622647,2.645602938994468,0.9229711923814278,0.014380628967819473,1461,25,13,0.23898378062899486,0.031241903489556522,8.287234278883334e-05,2.35585061597476e-05,1.0124605013826913e-09,3.66353782899533e-06,-2.4183357282174583e-10,Quercus_Canariensis_07.ab.jpg,Quercus_Canariensis
155916.0,1958.1605899333954,0.6782554224385184,0.5109800413953486,0.9499658802827673,0.8802849494444599,445.5540560436271,2.616639011478701,0.9180535900609458,0.009941250416827386,1550,22,10,0.23519271816670817,0.029462506544291094,1.0664310277580255e-05,2.2498188582272293e-06,1.0351019697975143e-11,3.4013273641522814e-07,3.781562421149182e-12,Quercus_Canariensis_08.ab.jpg,Quercus_Canariensis
162257.5,2149.526035308838,0.7279581325619893,0.4412952215781322,0.9512077875199615,0.8702079113037393,454.52465876986884,3.3472867414983405,0.9535710582973875,0.010902423616714774,1769,22,13,0.28721882083971834,0.05666699718441346,0.0001788101720269692,6.199138149875954e-05,6.259848356667519e-09,1.1860034779505964e-05,-1.8471599865234896e-09,Quercus_Canariensis_09.ab.jpg,Quercus_Canariensis
125497.0,1820.8813734054565,0.7073640898418546,0.47564167680750385,0.9429802645596779,0.8459683736678442,399.7345908795344,2.6511627906976742,0.9232958927911614,0.013968461397372301,1753,31,14,0.23783363508940364,0.030767020696353245,2.3423013258722576e-05,4.310997436332436e-06,4.086728731937781e-11,6.430945284265538e-07,1.4369537449219007e-11,Quercus_Canariensis_10.ab.jpg,Quercus_Canariensis
232318.5,2386.2509903907776,0.6787520488011652,0.51269775488479,0.9364320868682754,0.8240159826125254,543.8723206539894,1.9971478346278146,0.8779500637643187,0.009921723840288561,2305,31,13,0.20781269799664107,0.017123932034262507,0.00013374572503750107,2.401652829285733e-05,1.3261485818242688e-09,2.939669581293268e-06,3.0668121898570304e-10,Quercus_Canariensis_11.ab.jpg,Quercus_Canariensis
126412.5,1857.8103049993515,0.6619841851662024,0.4602535524101542,0.9278390240970036,0.8290178066828316,401.18997239317156,2.4924865163610765,0.9144592870729286,0.014864036388688905,1879,35,15,0.23286248583030908,0.028248201164577994,4.672508600613628e-06,1.2263418723022108e-06,2.7889509839393024e-12,1.5768313539635277e-07,9.161449848799919e-13,Quercus_Canariensis_12.ab.jpg,Quercus_Canariensis
162285.0,2153.8763204813004,0.6197821587040284,0.4395889029394712,0.9296457223984576,0.8449938414143958,454.5631743964153,2.631273253406461,0.9254635398217829,0.011375050066171396,1846,30,12,0.2474145345554674,0.03496133525219243,5.9142307773799045e-05,2.5272003998675683e-05,9.76986303796903e-10,4.709668097727869e-06,9.41861145365753e-12,Quercus_Canariensis_13.ab.jpg,Quercus_Canariensis
162836.5,2169.4082840681076,0.6783271403310963,0.4347894871867721,0.9210626046375341,0.8384508815761684,455.3348999651436,2.747456020125084,0.9356490581161162,0.011790968241077456,1920,25,12,0.25706566004774806,0.03987666795400705,0.00010101304653486265,3.263790932785159e-05,1.8717453369894536e-09,6.47165687382162e-06,9.213131874254755e-11,Quercus_Canariensis_14.ab.jpg,Quercus_Canariensis
195380.5,2191.0550340414047,0.6499208308086237,0.511428008300751,0.9313990017641551,0.8207283745000586,498.7646527873928,1.966337686445173,0.8557277707947087,0.01144433554007977,2236,34,13,0.19779902786665784,0.013290785723477298,1.2472384244518007e-05,1.635186205831506e-06,7.009630685519488e-12,1.3785834266040894e-07,2.323153037669494e-12,Quercus_Canariensis_15.ab.jpg,Quercus_Canariensis
152448.5,2020.4621059894562,0.6507579088432627,0.4692795188244381,0.9231917496250078,0.8384139747452268,440.57174073646445,2.4049054634159663,0.9105548234037899,0.012987992666290662,1980,29,14,0.2293695793722242,0.026291530355415243,0.0002481982810084736,7.175562269189464e-05,9.543213259926706e-09,1.1569943330742287e-05,-7.915170598622015e-10,Quercus_Canariensis_16.ab.jpg,Quercus_Canariensis
262480.0,2571.9149886369705,0.6584882466554816,0.4986466004027969,0.9331908849601428,0.891648552010685,578.1002644023661,2.721446836115391,0.9276363218112675,0.009082596769243056,2384,26,14,0.24849957108246754,0.035570470478122264,0.0003622061749811157,0.0001463580242403304,3.358948075922388e-08,2.695996952847302e-05,-2.7008697750871517e-09,Quercus_Castaneifolia_01.ab.jpg,Quercus_Castaneifolia
216760.0,2318.03273665905,0.6615353626582834,0.5069321977622568,0.9353646459222987,0.9047111538773683,525.345033018105,2.7665427253844626,0.9274475297205549,0.007201513194283071,1561,12,7,0.24735181847339754,0.035111272126462326,0.000296350057776866,8.535338040190969e-05,1.3013077639600065e-08,1.2711919389962105e-05,3.8646007335154595e-09,Quercus_Castaneifolia_02.ab.jpg,Quercus_Castaneifolia
276229.0,2707.3952095508575,0.6321102072091623,0.4735608843810432,0.9271949758124618,0.8629421209730178,593.0477941976087,2.6620953686770665,0.9260981073714607,0.009017880092209659,2491,30,13,0.24407396107183693,0.033751710284790085,6.979932900138687e-05,2.202647678490131e-05,8.467594855438414e-10,3.5675229610606983e-06,-1.7002424925675222e-10,Quercus_Castaneifolia_03.ab.jpg,Quercus_Castaneifolia
224804.0,2342.7779042720795,0.6488542788100061,0.5146970271295574,0.929791255646976,0.8922855075813346,535.0040585029645,2.4763740145122513,0.9141446142971169,0.006752548887000442,1518,14,7,0.2362960907856526,0.029108363954201556,0.0006710136887767905,0.0002359635276176409,9.345019445526178e-08,3.95041249513512e-05,-9.107594095066942e-09,Quercus_Castaneifolia_04.ab.jpg,Quercus_Castaneifolia
296749.5,2669.235836982727,0.6980994255209627,0.5233906570268512,0.9372965699753877,0.8832741124726358,614.6813794807739,2.5860188376158746,0.9220390295245936,0.007700097220019915,2285,26,11,0.23686932173466008,0.03043626294328749,1.5107259479516837e-05,1.0234014281211421e-06,-3.50666862113915e-12,-1.6800107211971407e-07,1.973864743851294e-12,Quercus_Castaneifolia_05.ab.jpg,Quercus_Castaneifolia
187554.0,2089.0377913713455,0.6489982352308072,0.5400619767817268,0.9499146589094072,0.9052477481252709,488.6728655995325,2.521070165650974,0.9145959638237855,0.0066700790172074705,1251,16,7,0.23674598503034347,0.029927728443029183,0.0002443498425791573,8.126103496666402e-05,1.138500068062058e-08,1.3404596689613654e-05,1.2242516173862976e-09,Quercus_Castaneifolia_06.ab.jpg,Quercus_Castaneifolia
227975.0,2580.8855463266373,0.6029489553012353,0.4300902501283641,0.9050433912641626,0.8610264372930383,538.7641276207972,2.6997879738613837,0.9356597936237424,0.010071279745541962,2296,31,13,0.25936147513085595,0.04090226141433092,0.0003041916992653451,5.523534819681555e-05,4.997156882133139e-09,3.2366552099107043e-06,5.127454447636214e-09,Quercus_Castaneifolia_07.ab.jpg,Quercus_Castaneifolia
182471.0,2180.9200394153595,0.6255562335851078,0.482085678684189,0.9273361149320912,0.8796987643762417,482.00549059877926,2.5156409413867724,0.9206628855954913,0.0119361432774965,2178,32,14,0.24030219039614018,0.03137885627671593,0.00035334766900213706,0.00013620203328811283,2.972312755635543e-08,2.3002687814038114e-05,3.055039543093239e-09,Quercus_Castaneifolia_08.ab.jpg,Quercus_Castaneifolia
107663.0,1684.5626137256622,0.5878405678373582,0.476762430639439,0.9184186169431109,0.8808744113197691,370.2442289959721,2.47378047460619,0.9110809569951852,0.013802327633320618,1486,17,10,0.2369047985405509,0.028858167160559903,0.0009949526426755947,0.0003805924939649874,2.3419466939837702e-07,6.464719752047715e-05,-1.915595427386539e-09,Quercus_Castaneifolia_09.ab.jpg,Quercus_Castaneifolia
215865.0,2557.772851228714,0.6018518518501739,0.41463709159131057,0.9019196580551814,0.8441933635016173,524.2593388050001,2.7448418016705287,0.9348890110285817,0.01101614434942665,2378,30,13,0.25569262166180073,0.039073039494514836,0.000249186674489469,0.0001070857605356645,1.747419043676785e-08,2.0926946393547994e-05,-8.072526590263368e-10,Quercus_Castaneifolia_10.ab.jpg,Quercus_Castaneifolia
278338.5,2726.726169705391,0.643250844682895,0.47043550741047246,0.9323635815464698,0.8948053549360001,595.3079749358882,2.922198770977449,0.9375519458915405,0.006222638980930692,1732,15,8,0.2616456898790074,0.04262818532672235,2.7203949365537414e-05,1.1357348688172442e-05,1.982820687704883e-10,2.1379198322533262e-06,2.3181629665036082e-11,Quercus_Castaneifolia_11.ab.jpg,Quercus_Castaneifolia
181904.0,2269.9494775533676,0.597111344535855,0.44362879836313,0.9019034255665807,0.8653649636124786,481.2560297237896,2.6707248522963263,0.9179425251783214,0.011099261148676778,2019,27,12,0.2338122981886204,0.02849620692900942,0.00015481615287995485,4.313465634578776e-05,3.3989723358244766e-09,6.118756683683444e-06,9.337856365312077e-10,Quercus_Castaneifolia_12.ab.jpg,Quercus_Castaneifolia
229983.0,2621.655099630356,0.6206262851944846,0.420488852366762,0.9051918558162672,0.8620255336404848,541.1316385287658,2.912252661003215,0.9381364374580591,0.009357213359207606,2152,27,12,0.2635430669979108,0.043227081585694556,4.81037704284919e-05,1.895655362809777e-05,5.720737233663629e-10,3.929230373908058e-06,2.042521027041399e-11,Quercus_Castaneifolia_13.ab.jpg,Quercus_Castaneifolia
270501.5,2743.1769597530365,0.6592516499462384,0.45172267666985333,0.9261973731033561,0.8767278190316845,586.8672820239501,3.0199661372496265,0.9411064905865699,0.00956371776123399,2587,35,14,0.26336614840915273,0.04367153678399968,2.1609383428607484e-05,5.0762533645454645e-06,4.573323232983323e-11,6.264686302573323e-07,-2.7113148576843052e-11,Quercus_Castaneifolia_14.ab.jpg,Quercus_Castaneifolia
298630.0,2925.395215511322,0.6544985129502414,0.43850465168920905,0.9258266032120853,0.8665514228635857,616.625920023041,2.967656086093515,0.9436263368767382,0.009007802297126853,2690,31,13,0.27271544281689786,0.04844810871486892,0.00016565466711913218,4.360684434116707e-05,3.355666610945324e-09,6.255370450279172e-06,-1.5734467851567985e-09,Quercus_Castaneifolia_15.ab.jpg,Quercus_Castaneifolia
217868.5,2417.103805065155,0.6485165903138616,0.4686123211928617,0.9305867302769287,0.8949727837533259,526.6866143658226,3.0262293798465763,0.9398554204812448,0.008036958073296336,1751,11,8,0.26367536931755753,0.04359088395324997,0.0001456872243810375,6.51758425827684e-05,6.335441098251118e-09,1.3212971606711786e-05,4.439906284037196e-10,Quercus_Castaneifolia_16.ab.jpg,Quercus_Castaneifolia
143326.5,2372.4763853549957,0.582315586755959,0.31998716816336403,0.8582553630990987,0.7289779211390609,427.1872746331336,2.4767111986483332,0.9256107957389383,0.012070342888355814,1730,27,11,0.251642014206653,0.035425347453442356,0.00023448533109684267,6.471048360135713e-05,7.631281780149898e-09,9.675504268462825e-06,-2.302699988780343e-09,quercus_cerris_01.ab.jpg,Quercus_Cerris
143268.0,2400.2337493896484,0.5462406588358005,0.31250141361674577,0.8407993192239162,0.7317646502116775,427.1000855714235,2.4007740624807994,0.9277716694082421,0.01234748862263487,1769,18,10,0.25817910462380994,0.03844354914258134,0.00020851139486875405,7.553847776945241e-05,9.478190527115522e-09,1.4506926218139769e-05,-1.9490749252730466e-10,quercus_cerris_02.ab.jpg,Quercus_Cerris
144715.5,2727.0104390382767,0.5127391581614487,0.2445407909797875,0.7727824933008334,0.7642730874878352,429.2522537344696,3.4448049829823177,0.9615125271943635,0.01372347813459012,1986,32,13,0.34642231251952343,0.09140339610036935,0.00011070690486804783,5.786117035189226e-05,4.622729319899928e-09,1.4650293927942097e-05,-2.75467309793206e-10,quercus_cerris_03.ab.jpg,Quercus_Cerris
142732.5,2337.848971605301,0.5942532516170905,0.32817072257875524,0.8540847008789978,0.7641409395137094,426.3011415876242,2.9535514266688137,0.9472798998143924,0.013269577706455996,1894,22,12,0.27728160819974823,0.050004909367422544,5.479134542299973e-06,1.9843309727974293e-06,5.787675021866701e-12,3.9018359770669705e-07,3.0518374749454644e-12,quercus_cerris_04.ab.jpg,Quercus_Cerris
145342.5,2781.1180884838104,0.5124821494666438,0.23613677663562962,0.7774009879103367,0.6409276009302045,430.1811461822454,2.2550061318275065,0.9051110025714721,0.01405645286124804,2043,19,13,0.2550732996089982,0.0335789580603483,0.0003396637831819909,3.8005868646657546e-05,2.1242317617853145e-09,-1.247512670533493e-07,-3.7595620930267074e-09,quercus_cerris_05.ab.jpg,Quercus_Cerris
143291.0,2399.287573337555,0.5545145661103583,0.31279814452839994,0.8352043552211699,0.7275480891396836,427.13436715470016,2.405907696843132,0.9074983012388971,0.012136142535036141,1739,24,10,0.2388799393654785,0.02840276637680367,0.0002190818109174801,2.109363433761703e-05,9.233417646568265e-10,4.627485083972245e-07,1.0970949329587912e-09,quercus_cerris_06.ab.jpg,Quercus_Cerris
145092.0,2786.87544465065,0.5083028544985766,0.23475681746395627,0.7843319566632195,0.6952256405228486,429.81027445224504,2.919774379574549,0.9453213177489944,0.012157803324703237,1764,23,9,0.30747140202249307,0.06250634398115498,0.00034734173174681834,3.576522498432594e-05,1.3723189272629144e-10,-2.8536301835060632e-06,3.983936630340449e-09,quercus_cerris_07.ab.jpg,Quercus_Cerris
141948.0,2212.7535195350647,0.590102599063014,0.3643116517512738,0.8503240801703048,0.7881603122844882,425.1279888410864,2.5397855054657557,0.9245624270881274,0.01239186180846231,1759,18,10,0.2457549477749132,0.03305757786929584,0.00022162016903488668,7.2243954456127e-05,9.138297715458546e-09,1.300251683545272e-05,2.333972534285197e-10,quercus_cerris_08.ab.jpg,Quercus_Cerris
142114.5,2182.510875582695,0.5846288335331895,0.37491724967054557,0.8807457996809512,0.8070092318651239,425.37724584216454,2.670817916819178,0.9285779923991226,0.010674491343172762,1517,21,10,0.2548155493821492,0.03745872108469095,0.0002875577105761807,3.002474360143591e-05,6.601351715909541e-10,-6.462588325904414e-07,2.7106284633473732e-09,quercus_cerris_09.ab.jpg,Quercus_Cerris
145659.5,2768.8338185548782,0.5370727480530324,0.2387563314713722,0.8070873885884394,0.6166191295670461,430.6500150543959,2.0425387298266657,0.8799677806889283,0.012989197408936668,1892,26,12,0.2340546208001224,0.02422343485910065,5.744671496885132e-05,3.01930721792537e-06,-3.3672048496924984e-11,-4.241152475625145e-07,-2.1151696746660295e-11,quercus_cerris_10.ab.jpg,Quercus_Cerris
143536.0,2512.0327355861664,0.5098317799481777,0.28583809850261455,0.8097301200423677,0.7451229506672409,427.4993699329934,2.592439391270793,0.9373104804327065,0.012819083714100859,1840,27,11,0.27229171818031433,0.04500606929091778,0.00013341046263642866,1.448430786731492e-05,9.676162412774454e-11,-5.305222867765773e-07,6.293144019495854e-10,quercus_cerris_11.ab.jpg,Quercus_Cerris
143220.5,2277.9911066293716,0.5730837254690727,0.34682548407240643,0.8558320610179727,0.7229352049219846,427.0292779385769,2.0189932059421305,0.8798793193018711,0.013566493623373982,1943,27,13,0.21621640561438726,0.01891549596023893,0.0002015783501496049,1.3708607593165008e-05,3.979593996623013e-10,2.745041695163578e-07,-6.007786704132641e-10,quercus_cerris_12.ab.jpg,Quercus_Cerris
143429.5,2372.1921167373657,0.5931692045533404,0.32029387361343126,0.8596417098145639,0.7198807637306239,427.3407437649633,2.3991805998287417,0.92091357347189,0.011887373239034596,1705,24,11,0.2521873545438145,0.03597704144569752,7.910251834100504e-05,2.9667258058869523e-05,1.4318118420984972e-09,5.600257854733712e-06,-1.2410556740227634e-10,quercus_cerris_13.ab.jpg,Quercus_Cerris
143174.5,2367.0449318885803,0.5753445850891085,0.3211164362296663,0.826075040815917,0.7079761732623677,426.96069514380895,2.032543804712744,0.8811071166539307,0.011370739901229823,1628,16,9,0.21743541456329338,0.018225801945004057,2.9457014928552456e-05,3.726295549430876e-06,5.387243801578344e-12,-1.6361906066656642e-07,-3.8666558543279545e-11,quercus_cerris_14.ab.jpg,Quercus_Cerris
142269.5,2281.8245865106583,0.5764402954511969,0.34336589670711487,0.8411345630788628,0.802020738081893,425.60915569298936,2.859896396857738,0.9381325888341739,0.011126769968186246,1583,17,10,0.2681001324561289,0.04415165764567548,9.810884290392468e-05,1.6594032746467678e-05,5.67630103408135e-10,1.4683478763939514e-06,3.550931645345715e-10,quercus_cerris_15.ab.jpg,Quercus_Cerris
141895.0,2113.9494765996933,0.6061324482351221,0.3990136468643912,0.8690020516222003,0.7745733327055185,425.04861510207974,2.1479825530586534,0.8949126337728321,0.010366820536239002,1471,21,9,0.22335436726750293,0.022375173410418232,3.4254545992548205e-05,2.8682936976238622e-06,-2.3201190220339754e-11,-3.667270469321528e-07,-1.6432755986126714e-11,quercus_cerris_16.ab.jpg,Quercus_Cerris
139586.5,1731.06513941288,0.6909128256875599,0.5853646079876356,0.968409185507365,0.9425261563657282,421.57686334899216,2.6615470215295574,0.9133926797449402,0.005122271852900371,715,0,2,0.22866315729259384,0.026494385509686778,6.925480741364821e-05,1.1267068199493201e-05,2.262997498594631e-10,6.409482161085059e-07,-2.187346760979346e-10,quercus_chrysolepis_01.ab.jpg,Quercus_Chrysolepis
139331.0,1714.6803649663925,0.7121950970132686,0.59551303040245,0.9677847314285173,0.9350190711957689,421.1908581717972,2.6117216117216118,0.9169426385925791,0.005863734560106052,817,3,3,0.22977566806223582,0.02725799021842697,3.98341207245349e-05,8.57611841245994e-06,1.4405254840347071e-10,1.0642873001770398e-06,6.614458020531525e-11,quercus_chrysolepis_02.ab.jpg,Quercus_Chrysolepis
139182.5,1720.5209809541702,0.6787800905120811,0.5908463419170118,0.9771478718667685,0.940716439717635,420.9663441833584,2.7141532974060785,0.9227621631779083,0.004979074237027075,693,0,2,0.23522607864108652,0.029723189705222287,5.6840944399487653e-05,4.0163614924594974e-06,-5.756289781755971e-11,-6.560853994301636e-07,-1.9213438238589476e-11,quercus_chrysolepis_03.ab.jpg,Quercus_Chrysolepis
139552.5,1760.7219940423965,0.6991012789456854,0.5656735946056295,0.9756016568434164,0.9457348927886008,421.5255171002745,2.8931297709923665,0.9260686235505186,0.00533132691993815,744,0,2,0.24369520572773715,0.03367684271712619,0.00010572688956558387,9.02708686847281e-06,-1.3359237395763852e-10,-1.084420890020635e-06,2.4479784019671577e-10,quercus_chrysolepis_04.ab.jpg,Quercus_Chrysolepis
139475.0,1744.8468835353851,0.6570331637429007,0.575693849864165,0.9699403675239837,0.9347082297364382,421.40845447372885,2.5776271162863837,0.9130293802429099,0.005147875963397398,718,0,2,0.2257547599663484,0.024909708399076937,0.00019000791242123973,5.1465438970890754e-05,5.083776323589175e-09,8.038811231252863e-06,-2.3738034571058335e-10,quercus_chrysolepis_05.ab.jpg,Quercus_Chrysolepis
140006.0,1847.5920495986938,0.6629950940434196,0.5153999147774182,0.9712487989915314,0.9452995184169064,422.20987162806983,3.1050033372550794,0.938556796279425,0.005656900418513086,792,0,2,0.25733832494074865,0.04008917430927549,0.0002699254154305,2.2672772338219742e-05,-1.1803220417289236e-09,-3.649835331667517e-06,1.3239456983663582e-09,quercus_chrysolepis_06.ab.jpg,Quercus_Chrysolepis
139418.5,1725.20727622509,0.6849012576110979,0.588637203945697,0.9816303180652928,0.939113130273326,421.32309154336565,2.571828969025968,0.9193861619227457,0.006096751865741657,850,4,3,0.2330265671833852,0.028440603941876797,0.00020092982409441093,6.472520214167323e-05,7.3651818837936005e-09,1.0631942875798175e-05,4.873931851623034e-10,quercus_chrysolepis_07.ab.jpg,Quercus_Chrysolepis
139139.5,1688.2367094755173,0.7152230903633431,0.6134704150779946,0.9764346742856791,0.9414741609966157,420.90131103939103,2.597069597069597,0.9063658011526818,0.0049087426647004715,683,0,2,0.2252156103038095,0.02512431645002051,4.585002282108705e-05,7.889498284499625e-06,1.224504597717805e-10,7.256381313355871e-07,8.672774710412171e-11,quercus_chrysolepis_08.ab.jpg,Quercus_Chrysolepis
139491.0,1729.7930603027344,0.6913846428324739,0.5858247971816589,0.9751308122701382,0.9438062729428273,421.43262490539644,2.784085503729442,0.9319567864621944,0.004882035400098342,681,0,2,0.2460713444375705,0.034934118014495856,7.010906327894968e-05,5.64027267221642e-06,-9.541872778898569e-11,-9.787916919609378e-07,5.894987252182171e-11,quercus_chrysolepis_09.ab.jpg,Quercus_Chrysolepis
139556.0,1739.7930603027344,0.6802168021647061,0.5793795854600657,0.9727461558768437,0.9400544504651238,421.5308030323055,2.659588703050898,0.9218064517931326,0.005159219238118323,720,0,2,0.23963867937429628,0.031312935200338746,0.0004079580826238567,0.00013783644310478232,3.267659372497784e-08,2.4374907550280882e-05,7.588523944175248e-10,quercus_chrysolepis_10.ab.jpg,Quercus_Chrysolepis
139730.5,1698.060084939003,0.6711488212997793,0.6089686986456081,0.9708529760120975,0.9402960912087267,421.7942605176328,2.522579843076881,0.9048761718862852,0.005009643563824579,700,0,2,0.22047551963893314,0.02284396320634097,6.3686635101098e-05,8.406107193503088e-06,1.196345727616909e-10,3.7005032452161937e-07,-1.5335346250455268e-10,quercus_chrysolepis_11.ab.jpg,Quercus_Chrysolepis
139704.0,1828.9646339416504,0.6732885129729714,0.5248172358147648,0.9678411594296492,0.9416568022016512,421.7542618132995,3.008079696565547,0.9402258565749401,0.00558323312141683,780,0,2,0.2587174914804971,0.04121958481751401,5.572604779384709e-06,3.272172120937542e-06,1.3896164972285843e-11,6.502565870984587e-07,-1.4613825678258151e-12,quercus_chrysolepis_12.ab.jpg,Quercus_Chrysolepis
139277.5,1631.3494114875793,0.7164922731819017,0.6576530604593107,0.9800613604789209,0.9397800642843885,421.1099864546691,2.367037242679323,0.8920534579193803,0.004573603058609082,637,0,2,0.21269271113129384,0.01978418406973164,5.0291289789678755e-06,4.525420699704298e-07,9.782345870054018e-14,-1.5954594907300284e-08,-6.756629535590093e-13,quercus_chrysolepis_13.ab.jpg,Quercus_Chrysolepis
139868.5,1857.6925556659698,0.6427189596514901,0.5093098786439041,0.970432942475748,0.940346456435919,422.0024943798201,3.110590875532177,0.940155358173027,0.005655311953687532,791,0,2,0.2598596520844662,0.041532429628431546,0.00021764425813040287,7.333299157025027e-05,9.09303095197813e-09,1.332390160784536e-05,1.7742702042716477e-09,quercus_chrysolepis_14.ab.jpg,Quercus_Chrysolepis
139549.0,1764.9646340608597,0.6827116886133211,0.5629432002443967,0.9698007915454044,0.9405334138396543,421.520231101957,2.8512365738841874,0.9276592823671522,0.005231137449890496,730,0,2,0.24346627855927266,0.033665375121566005,3.4342798262455965e-05,3.3890900487044487e-06,-2.597930291830296e-12,-2.7126309523934114e-07,3.6470644487550336e-11,quercus_chrysolepis_15.ab.jpg,Quercus_Chrysolepis
139766.0,1774.9646320343018,0.6938619484456597,0.5574834676097542,0.9768142378333153,0.9444334157848882,421.8478377441975,2.9672778795598473,0.9343009942405245,0.005323183034462436,744,4,3,0.25318134378167384,0.03855943644026101,1.7387931387149837e-05,3.523740801671353e-06,2.320182952024592e-11,4.1697479494269423e-07,1.4914969891430396e-11,quercus_chrysolepis_16.ab.jpg,Quercus_Chrysolepis
40697.0,843.4112476110458,0.7236308676969483,0.7189413840121359,0.9583092953209322,0.9192928236294359,227.63354267789035,1.560846560846561,0.7868277843381891,0.007150404206522584,291,7,4,0.17997791151665055,0.006247530389908809,0.0002734603758293617,2.196906311036593e-05,1.696628980173499e-09,1.7138102898442464e-06,1.4487757509553026e-10,Quercus_Coccifera_01.ab.jpg,Quercus_Coccifera
26688.5,689.6295055150986,0.7470957086261766,0.7051838551333538,0.9644586585369883,0.9205945361206362,184.33896384016154,1.8692722560668664,0.8308286411028281,0.007868557618155065,210,8,4,0.18784653418012087,0.0097635766723628,1.0845572527759973e-05,5.434808463472885e-07,-6.205835743548807e-13,-2.8436456100182938e-08,1.1644319851476925e-12,Quercus_Coccifera_02.ab.jpg,Quercus_Coccifera
19690.5,587.8305138349533,0.7016534226311637,0.7160813384650758,0.9452044930421849,0.9326777187579363,158.33737163287674,1.5909090909090908,0.8119131513553254,0.007211599501931815,142,0,2,0.18213768813351588,0.007052910506673687,0.00018871729155017666,2.068295202926154e-05,1.257728271730072e-09,1.6477881521874784e-06,-2.9641390144039154e-10,Quercus_Coccifera_03.ab.jpg,Quercus_Coccifera
32196.0,742.9848426580429,0.7519267597563658,0.7329120713979077,0.9583854259403946,0.9285253726431003,202.46782554839004,1.7272096554664056,0.8232856430346437,0.008075537333579465,260,5,3,0.18597665983152029,0.008975329729118022,3.8755906969474097e-05,2.0395307858679863e-06,-1.1748625676043214e-11,-1.3247897704856818e-07,1.3811858719748799e-11,Quercus_Coccifera_04.ab.jpg,Quercus_Coccifera
36153.5,824.3401811122894,0.7045405826619012,0.6685705969125195,0.947778899190002,0.9185099585868922,214.55084684191462,1.797556793075093,0.8581375400620153,0.008657529699512978,313,8,4,0.19682836680802845,0.012991155773608992,6.266179156480828e-05,1.140452732916728e-05,3.033173069278515e-10,1.2889572536497633e-06,-3.074836329448801e-11,Quercus_Coccifera_05.ab.jpg,Quercus_Coccifera
41904.0,900.0386643409729,0.7186663922494569,0.6500443862761083,0.9519417530650748,0.9136444363195789,230.98447974394784,1.998477708146854,0.8518848861195591,0.009617220312867096,403,4,4,0.19891096901883815,0.013404351327642238,0.00023141523889542285,1.588314751156595e-05,-1.3562843863277406e-10,-6.64041729007625e-07,9.533442286367718e-10,Quercus_Coccifera_06.ab.jpg,Quercus_Coccifera
33177.0,759.1269783973694,0.7329665959541144,0.7234659983848858,0.9571024693931138,0.9223343697017761,205.52923970977585,1.687116564417178,0.8074218529628945,0.008680712541559492,288,8,4,0.18252159640493926,0.00765823970551533,4.540875681209522e-05,3.6477112644924955e-06,2.8968613255774674e-11,1.2255928798008193e-07,-3.6942733737917354e-11,Quercus_Coccifera_07.ab.jpg,Quercus_Coccifera
34014.0,789.6122609376907,0.7045737012034018,0.6855510568645169,0.9529065695208598,0.9207945692999105,208.10566997230475,1.84472049689441,0.8436251710296223,0.007026518492178911,239,0,2,0.191654047540591,0.011128839479736927,1.2800519354036894e-06,5.3243376987781325e-08,-4.847598027190194e-15,-2.052105280168824e-09,1.3027220204752484e-14,Quercus_Coccifera_08.ab.jpg,Quercus_Coccifera
30448.5,741.286357998848,0.7263131529811003,0.696311793660398,0.953377690772497,0.918686632330292,196.89650651514515,1.7960526315789473,0.8276628032862758,0.007488053598453518,228,4,3,0.18654090867406226,0.00917269396208002,2.6705443613236937e-05,2.1127456956047235e-06,9.314523118398014e-12,3.663780864016264e-08,1.2848711204530897e-11,Quercus_Coccifera_09.ab.jpg,Quercus_Coccifera
38855.5,829.1686084270477,0.725024257338315,0.7101934498494418,0.9635824818727412,0.9266465573895278,222.42382770390657,1.7745664739884393,0.8234146719642572,0.006948823203743387,270,4,3,0.18870035726943932,0.009740200032952066,0.00017345614525262476,1.754678623815276e-05,8.249825044907343e-10,1.1628235145128211e-06,5.064546717798377e-10,Quercus_Coccifera_10.ab.jpg,Quercus_Coccifera
23074.0,632.4995614290237,0.6934126697712041,0.7247901705394034,0.9576459357547304,0.9330507670215514,171.402244020372,1.7676397888005009,0.8158172717940806,0.008191037531065657,189,0,2,0.18397129809514862,0.00823084793244827,4.113748586251276e-05,5.150737032935875e-06,7.196942273495383e-11,4.046063103243749e-07,-2.1019519191115905e-11,Quercus_Coccifera_11.ab.jpg,Quercus_Coccifera
36235.0,829.7543944120407,0.6862689393809419,0.6613616489324119,0.9460712000901798,0.9135424447040252,214.79253921744726,2.0010253685738038,0.8638044820237455,0.011949772319250731,433,21,7,0.20053067029868535,0.014297015099176847,7.921178354413791e-05,7.2776644494131334e-06,7.952450488943566e-11,3.0687161267983057e-07,1.5559113037814905e-10,Quercus_Coccifera_12.ab.jpg,Quercus_Coccifera
29983.5,724.2569206953049,0.7402967754496,0.7183016820137306,0.9635110382414759,0.919719826891257,195.3872510927127,1.6809704334646438,0.7916194233201587,0.011139460035981808,334,20,7,0.1804566324444869,0.0069807644586316175,2.0082215877502565e-05,1.4266625266377316e-06,4.1883475041223085e-12,2.7517169764916963e-08,6.385302579906416e-12,Quercus_Coccifera_13.ab.jpg,Quercus_Coccifera
27645.5,732.7422032356262,0.6838713667115925,0.6470411493907268,0.9376759488200768,0.9189291376065052,187.61488169645804,1.9623743434258998,0.8621060100435163,0.009079235318258695,251,0,2,0.19905110584353777,0.013596529288950535,0.00019325359468748695,3.309476595541408e-05,2.511388094660785e-09,3.3084465046038782e-06,8.35396694942821e-10,Quercus_Coccifera_14.ab.jpg,Quercus_Coccifera
32079.5,746.7422027587891,0.7444421238108131,0.7229296907061123,0.9591861142801003,0.9284450724401778,202.10118251839015,1.6732543139653735,0.8109837862700945,0.008198382144104541,263,3,3,0.18322923046712705,0.008015673425178158,5.406463723168757e-06,2.0240339693705688e-07,-2.115800984151949e-13,-1.784478693825572e-08,-7.978086706308137e-15,Quercus_Coccifera_15.ab.jpg,Quercus_Coccifera
24179.0,650.3574258089066,0.7197844724720236,0.71836306121413,0.9644979855213811,0.9318169113084156,175.45842513869633,1.847986337508262,0.8308819647853448,0.00802349145919916,194,0,2,0.18670135392237963,0.009318960919340367,1.676157188956599e-05,1.758137718985561e-06,7.798671473662583e-12,9.122653069350023e-08,5.501935379706628e-12,Quercus_Coccifera_16.ab.jpg,Quercus_Coccifera
145380.5,2908.12313747406,0.40738348502396604,0.2160182476465569,0.6427049394094513,0.6117722533713106,430.23737823830504,1.0017298341273404,0.5519654950513152,0.013289265066406503,1932,33,12,0.21378262642342039,0.0034615031173653643,8.615956282406901e-05,1.3895118880180915e-05,-1.0801357757470935e-10,1.685943961349077e-07,-4.684881484317524e-10,quercus_coccinea_01.ab.jpg,Quercus_Coccinea
147549.5,3349.6866269111633,0.3931665267719382,0.16524915498425033,0.5793877827471855,0.552163199172384,433.4349526813694,1.1086734503691933,0.45500283372085887,0.014483275104188877,2137,42,14,0.22251950718691274,0.0016045895813776823,8.59160399652386e-05,3.97222579583232e-06,7.059204077355209e-11,1.5383764363044411e-07,2.004105356895753e-11,quercus_coccinea_02.ab.jpg,Quercus_Coccinea
145968.5,3006.4906680583954,0.3590331070435876,0.2029314174394648,0.5851683924818292,0.6303617301879819,431.10656047626395,1.0488547544021234,0.6123432016742036,0.013324792677780995,1945,21,10,0.232953116651602,0.006264653748532854,0.00024292139131106626,7.922892845108542e-05,1.0742946644273086e-08,5.929877836325315e-06,2.324446977395729e-09,quercus_coccinea_03.ab.jpg,Quercus_Coccinea
144838.5,2813.4368472099304,0.36678003099488776,0.2299426543604838,0.6101340421562583,0.662473245389857,429.4346350728174,1.039275159264185,0.6871982165689893,0.012475964608771314,1807,24,9,0.23505312279008939,0.010365230235828188,9.7716888134396e-05,3.749303886871512e-05,2.239428121014641e-09,3.694228791808667e-06,3.6760245877143367e-10,quercus_coccinea_04.ab.jpg,Quercus_Coccinea
147153.5,3286.171906709671,0.3990441066793241,0.17123790387773918,0.5700585928020142,0.5723837251159897,432.85292576830966,1.058768550068537,0.46659191342618245,0.014393133700425793,2118,35,13,0.2336056223168474,0.0038711173875131052,6.846929847293591e-05,2.133976747863713e-06,-2.568714967961925e-11,1.3221887296418228e-07,2.3543498924650566e-12,quercus_coccinea_05.ab.jpg,Quercus_Coccinea
146473.5,3138.85820376873,0.38944428343807397,0.18682092969552702,0.5613366444752513,0.6046973433487929,431.8516556130888,1.0135237953345277,0.4906144533498503,0.01386598941095921,2031,40,14,0.23598102752208433,0.0037579325593787762,3.371375829265723e-05,8.799820326545668e-06,1.8273307565662287e-11,5.311678245439339e-07,-1.5046481741499628e-10,quercus_coccinea_06.ab.jpg,Quercus_Coccinea
146061.0,3054.9343193769455,0.39993592744906387,0.19667102394238944,0.6006538635497772,0.5957734230376074,431.2431346045553,1.00131826997081,0.5359032700099055,0.013460129671757278,1966,24,10,0.22789366664051192,0.004008762034075701,5.376536456313766e-06,1.3222920153815167e-06,-3.5137665521242425e-12,7.973934661602333e-08,2.895404324556687e-13,quercus_coccinea_07.ab.jpg,Quercus_Coccinea
147228.5,3266.113034725189,0.36859650001159505,0.17343603233541477,0.5755767358740248,0.5790646709736321,432.96321819762113,1.0619873004551548,0.5524918433339275,0.014542021415591804,2141,36,13,0.23223500881258594,0.0034685058579539073,3.4882710371302115e-05,3.5958842781783955e-07,1.1745540192405924e-12,-9.33966514395203e-09,4.922753949062172e-13,quercus_coccinea_08.ab.jpg,Quercus_Coccinea
144558.0,2730.7677997350693,0.36756083297218956,0.24360289697611495,0.6352801582041956,0.6644357926523132,429.0186034519082,1.0557495463844655,0.5177303066272974,0.012299561421627999,1778,17,9,0.22545500872889174,0.004853622876477134,0.0010261653902450618,8.579447443846934e-05,1.00959452062067e-09,4.347695550809013e-06,-2.54364114237713e-08,quercus_coccinea_09.ab.jpg,Quercus_Coccinea
147237.5,3333.5444946289062,0.34644769783820295,0.16650059364302847,0.5471153703215449,0.5801584407758468,432.9764514011628,1.021016275614779,0.4864075874221547,0.013909499957457104,2048,27,10,0.2329417395191874,0.0035804041599191315,0.00033316106612142713,2.3780550734918217e-05,1.9024069604106447e-09,1.0149585478252692e-06,-9.28052022678816e-10,quercus_coccinea_10.ab.jpg,Quercus_Coccinea
143876.5,2588.015491604805,0.3757184602157124,0.2699392178438049,0.64838879036745,0.6956781413171322,428.00613238374126,1.1425887873632876,0.5679602316763503,0.01210760617604607,1742,20,9,0.22031365321200558,0.005467844242153796,0.0014006704307069926,7.298241251677231e-05,9.431312075639824e-09,4.220064959483281e-06,-2.1343411824531858e-08,quercus_coccinea_11.ab.jpg,Quercus_Coccinea
148156.5,3465.8531489372253,0.4011515509238369,0.15499234858747293,0.5944724313694556,0.5313597460413951,434.3255859485544,1.0450784977015455,0.5881792784060689,0.015375633198574644,2278,35,14,0.22011749530456506,0.0033429215698237156,8.991465207156106e-05,4.399847566514091e-06,-2.4951166385044322e-11,1.7413712688979424e-07,-8.388046853090382e-11,quercus_coccinea_12.ab.jpg,Quercus_Coccinea
146340.5,3147.461230993271,0.3529202519670452,0.18563233170782448,0.5542539431827102,0.6094660861319461,431.65554739435015,1.0005917465331453,0.5261490498520847,0.013256753940206185,1940,26,10,0.23857105579833415,0.005093700536614852,1.9085660552498087e-05,7.27842472990317e-07,3.3159297944824937e-13,-1.5914952002158407e-08,2.6924070803261975e-12,quercus_coccinea_13.ab.jpg,Quercus_Coccinea
147629.0,3386.071403503418,0.3891189347183814,0.16180402393094587,0.5702625550911034,0.5565155181914545,433.5517048169772,1.0453046934022707,0.5250532875891384,0.015288324109658072,2257,38,14,0.22415558755170661,0.0032199349165425196,0.00016254435377781624,1.2036562977540844e-06,-8.561366046228747e-12,-6.792431230187745e-09,-1.4496720560557615e-11,quercus_coccinea_14.ab.jpg,Quercus_Coccinea
144919.0,2848.5079139471054,0.3692975347706545,0.2244400370977212,0.6139178838893571,0.6518241230003976,429.55395654501314,1.1596898023726778,0.6574038342725401,0.013172875882298573,1909,20,11,0.22548254761364217,0.007379686358916853,0.00038270262268069586,2.6996962246795086e-05,1.3697501596134577e-09,2.306453628322427e-06,2.3778094957917107e-09,quercus_coccinea_15.ab.jpg,Quercus_Coccinea
144849.0,2781.6794893741608,0.37626048782924315,0.23524000977731663,0.6209632821013826,0.656634544061253,429.4502006232429,1.1016092617777848,0.6383446236340179,0.012392215341408002,1795,19,9,0.2253724561783766,0.007617817586314905,0.000862334666883611,6.05967952932294e-05,9.004296573148185e-09,5.28427881915016e-06,-1.0526180743437703e-08,quercus_coccinea_16.ab.jpg,Quercus_Coccinea
138973.0,1570.3372169733047,0.7281791983194751,0.7081975982104529,0.9539378172479798,0.9143258432489205,420.64940181875903,1.5848586300432541,0.7881953995729372,0.006691947356632641,930,7,6,0.17900113480037402,0.006467976838705497,9.527156621844558e-06,7.567514379245147e-07,1.992897633897029e-12,6.01804837805337e-08,-3.96423557781467e-13,quercus_crassifolia_01.ab.jpg,Quercus_Crassifolia
139413.0,1661.1067699193954,0.6852445318226333,0.634918585981951,0.9607467489889617,0.9164867007884474,421.31478095381755,2.1381910873445986,0.8818803511370513,0.005458601421636012,761,3,3,0.20681861601550894,0.01711190125462577,4.4841137324026573e-05,7.3913693580172686e-06,1.2478722229370516e-10,7.853450935795424e-07,5.035226572269631e-11,quercus_crassifolia_02.ab.jpg,Quercus_Crassifolia
139347.5,1610.2955877780914,0.7241878400743992,0.6753016947627989,0.9631594408186265,0.9152988493630605,421.21579678352884,1.9563561359477772,0.8609620551149272,0.008001578786788413,1115,12,6,0.19692708098757047,0.013342594448283202,2.118607427813266e-06,2.428095685845495e-07,1.695528294915789e-13,2.67781865848915e-08,-3.975078746109626e-14,quercus_crassifolia_03.ab.jpg,Quercus_Crassifolia
141057.0,1979.1311559677124,0.620516272069485,0.4525383153715852,0.8954550215622521,0.8073151135229479,423.7916356674679,1.8738413512602161,0.8653970770497967,0.01052056969869967,1484,22,10,0.20561110721501788,0.01592390994768121,0.0003135260819474851,5.9374786783718625e-05,8.09136526179341e-09,7.4374508461904165e-06,-3.954770579782987e-10,quercus_crassifolia_04.ab.jpg,Quercus_Crassifolia
139800.0,1656.018455862999,0.6600940563173546,0.640599640048266,0.9567151411397316,0.909157264963644,421.8991447656368,1.872352942150948,0.8453201753898416,0.008519313304660091,1191,17,8,0.19303825662207236,0.011443244479651971,8.609751793883197e-05,1.451322369388866e-05,5.049249657125749e-10,1.4295790238971219e-06,-9.082183540568508e-11,quercus_crassifolia_05.ab.jpg,Quercus_Crassifolia
139927.0,1741.1656455993652,0.6875276382863399,0.5800042926394494,0.9291239765942515,0.8760177380095007,422.09073642542444,2.0150257575865806,0.8586235096956504,0.008597340041531674,1203,15,7,0.19893019617297464,0.013631142814709523,0.00016096083414147654,2.6153121191478753e-05,1.6958304790581465e-09,3.0442767106262236e-06,-5.903118957889063e-11,quercus_crassifolia_06.ab.jpg,Quercus_Crassifolia
140015.0,1724.9890197515488,0.6485178323267785,0.5913052825002697,0.9244507535056075,0.893348656457918,422.223441859987,1.9278950361792653,0.866235863409852,0.009120451380144124,1277,11,8,0.20004883530167808,0.014007666454205031,0.0002081037846882636,4.4948133872357214e-05,4.330898056496044e-09,5.27221716318001e-06,-3.758779195670251e-10,quercus_crassifolia_07.ab.jpg,Quercus_Crassifolia
139411.0,1651.0235081911087,0.7172454596865913,0.6426882979703719,0.950083653915037,0.8924982832937525,421.3117588806106,1.8272877413439352,0.8461501538422462,0.008722410713582698,1216,17,9,0.19190172959388052,0.011297706532185337,1.627939517757209e-05,1.6411737157516144e-06,6.655252775021062e-12,1.1540587170794084e-07,5.2601706242648155e-12,quercus_crassifolia_08.ab.jpg,Quercus_Crassifolia
138732.0,1530.195080757141,0.7463324098192627,0.744548354795965,0.9765595303390311,0.9344251950149084,420.2845090176399,1.7158794977703953,0.8123812002395553,0.003942853847677948,547,0,2,0.1826591399665582,0.00763318646543216,0.00013522269328404774,1.0322963217084619e-05,2.929239732505083e-10,5.553846260593762e-07,2.508934320969946e-10,quercus_crassifolia_09.ab.jpg,Quercus_Crassifolia
139900.0,1738.7047485113144,0.6706519081668497,0.5815350535543603,0.9270733242707194,0.8750646068454382,422.05001162000843,1.8859666846627,0.8410359782549645,0.008055754110021044,1127,13,7,0.19661717724940944,0.012158160266072303,0.00042088128696381817,6.697621380092079e-05,1.108944744882032e-08,6.961644527053451e-06,-1.864108708023068e-09,quercus_crassifolia_10.ab.jpg,Quercus_Crassifolia
139619.0,1662.5626147985458,0.6708420420388187,0.6347436518032853,0.9465277801253061,0.9013170822215582,421.6259384767245,1.8815905492515914,0.8448730164813869,0.008766715131831866,1224,16,8,0.19258037952071877,0.011238548399841833,0.00011234603056235325,1.0417897689048993e-05,2.2252616283339346e-10,3.303356087957134e-07,-2.784056010636277e-10,quercus_crassifolia_11.ab.jpg,Quercus_Crassifolia
139457.5,1618.8641259670258,0.6931631790810022,0.6686994117028894,0.9568628661736335,0.8984373856507458,421.3820164766218,1.731059666671311,0.7924542451073515,0.007973755445150143,1112,13,8,0.17865959814188406,0.006280055502536313,3.674489243858321e-05,3.3971595511911264e-06,3.486206668421789e-11,2.073217149465193e-07,1.5008029901407737e-11,quercus_crassifolia_12.ab.jpg,Quercus_Crassifolia
139845.0,1745.391037940979,0.6634013282700977,0.5768611932434229,0.9336569147098205,0.9026991134402377,421.9670415251514,2.2757016940117616,0.8970275765578086,0.010826271943860514,1514,19,10,0.2172755584852264,0.021208232439608107,0.00023412034200066156,5.5182779069617406e-05,6.118430611654582e-09,7.310501002918514e-06,-1.380655945858647e-09,quercus_crassifolia_13.ab.jpg,Quercus_Crassifolia
140183.5,1767.5748040676117,0.630310156289319,0.5638338669259374,0.9345286308015124,0.88087025152515,422.4774262837977,2.1599587880421485,0.8778308424473902,0.007889658911299191,1106,12,7,0.20483998597656577,0.016258264924342927,5.601045404461006e-05,1.2256782422896681e-05,3.209500343834983e-10,1.5627382113469488e-06,1.1148212333896298e-11,quercus_crassifolia_14.ab.jpg,Quercus_Crassifolia
139392.5,1629.373794078827,0.6469530307219579,0.6597931723322976,0.9633439647747987,0.9195681435246968,421.2838036757361,1.548886910720032,0.8368305838593915,0.006255716770943517,872,10,5,0.1903990959096722,0.010254422438567699,0.0001485277522105389,2.5109325055850597e-05,1.5332183965407837e-09,2.518606042729217e-06,-2.380535237993915e-11,quercus_crassifolia_15.ab.jpg,Quercus_Crassifolia
139369.5,1605.6336801052094,0.6864140070888178,0.6793360585196072,0.9651995055146477,0.8946933782191535,421.2490459692072,1.6968284584775282,0.797296789415012,0.007533929589992545,1050,21,9,0.18139512164592247,0.007204150554303281,9.418213813670786e-05,9.248527187856487e-06,2.719008575584656e-10,7.794912736581764e-07,-2.398063981067481e-11,quercus_crassifolia_16.ab.jpg,Quercus_Crassifolia
46607.5,1098.8254634141922,0.6734798566459529,0.4850742741245363,0.9752257200344157,0.9467119313658144,243.6031856960087,3.785806519606845,0.9645233247870069,0.009762377299581347,455,0,2,0.323338411236519,0.0790928642157401,5.90351527979321e-05,3.499963386243585e-05,1.590040069803196e-09,9.73941497635636e-06,-5.3153724095022033e-11,Quercus_Crassipes_01.ab.jpg,Quercus_Crassipes
63410.5,1279.4528784751892,0.7525754230962927,0.4867684821822865,0.9741598494300547,0.9420715701273389,284.1421407525273,3.7133333333333334,0.96233454191381,0.008642101859965745,548,0,2,0.3182489372815831,0.07576427219785624,3.4987936062445894e-05,1.9744207949664395e-05,5.183792823780524e-10,5.401159185177973e-06,-2.4158108163766604e-11,Quercus_Crassipes_02.ab.jpg,Quercus_Crassipes
41326.0,1013.2691133022308,0.6705718179939221,0.5058055917266762,0.9838469687537325,0.9486575132516769,229.38591374739065,3.7186318213944034,0.9638502176774719,0.00982432367009088,406,0,2,0.3187002904181422,0.07584217425821309,0.00022418277101769247,2.1846372777769886e-05,-1.20678831247716e-09,-5.214552264745698e-06,9.386696924789808e-10,Quercus_Crassipes_03.ab.jpg,Quercus_Crassipes
49806.5,1121.310744047165,0.6906442398262432,0.49778742483679495,0.9801342096784451,0.941714519421338,251.82455278398072,3.591240641591182,0.9587162102373336,0.009155431519798512,456,0,2,0.3050878289179292,0.06754128493628085,0.00015812540501411793,7.80259302165103e-05,8.62913599381883e-09,1.937260051902822e-05,8.072183141796821e-10,Quercus_Crassipes_04.ab.jpg,Quercus_Crassipes
64747.5,1278.2813062667847,0.7370401147352582,0.4979434141666868,0.9814614107672148,0.9443198368159246,287.12206014644704,3.7057893257789862,0.9625759262259241,0.007984864280350827,517,0,2,0.318899141804723,0.07603403925568662,0.00016035761185817515,2.498659375353484e-05,5.957019185625539e-10,-3.063094792510069e-08,-1.4651614953794024e-09,Quercus_Crassipes_05.ab.jpg,Quercus_Crassipes
54334.0,1180.7249573469162,0.684272832594274,0.4897608388857141,0.9797235770715089,0.941933346568279,263.0212870161659,3.651424915404939,0.9615628792531392,0.009055103618193854,492,0,2,0.3131380393014182,0.07200789164281012,0.000449507337788204,4.8191832020181376e-05,-3.108838182376644e-09,-8.466001011056137e-06,6.375378177156194e-09,Quercus_Crassipes_06.ab.jpg,Quercus_Crassipes
41882.5,1007.712765455246,0.7222615023673473,0.5182853593127459,0.9863060474522818,0.9510950371163442,230.9252156702911,3.4676684131722983,0.9564443310045837,0.009837044111267545,412,0,2,0.30342703646754293,0.06659190736308498,8.726092036254184e-05,4.20885787883984e-05,2.5403868330392803e-09,1.0351758568616168e-05,2.2893770386545205e-10,Quercus_Crassipes_07.ab.jpg,Quercus_Crassipes
38224.5,941.91377556324,0.7389375398569673,0.5414138735570501,0.9804170513752842,0.9489138756958753,220.61039181717896,3.1519204729647567,0.9455957998886741,0.010124396656329726,387,0,2,0.27869023063097803,0.05184589731609596,0.00025615468018403976,8.946248901453708e-05,1.2980987815202599e-08,1.575443433280363e-05,-3.860685276230083e-09,Quercus_Crassipes_08.ab.jpg,Quercus_Crassipes
47245.0,1043.9554051160812,0.7600546975424701,0.5447557499178575,0.9798208137836529,0.952589181321717,245.2635364072955,3.230662311379735,0.9442265074524993,0.0084453381308404,399,0,2,0.28919607430977223,0.05650260989300422,0.0010637453932465747,9.907103568101683e-05,-2.6856152267376003e-08,-2.1091303935289587e-05,-1.7695241621084303e-08,Quercus_Crassipes_09.ab.jpg,Quercus_Crassipes
58120.5,1201.310743689537,0.7387792197793498,0.5060908478320578,0.9850848721454041,0.9415825580832164,272.031834460197,3.463907104567614,0.9573996851760495,0.00829311516576263,482,0,2,0.3016486888056328,0.06550019553320481,5.802991887786308e-05,7.433087744427172e-06,1.874150796649511e-11,-4.714334645332426e-07,1.5323418292728737e-10,Quercus_Crassipes_10.ab.jpg,Quercus_Crassipes
47609.0,1092.7838324308395,0.7514046717053124,0.5009915505480332,0.9844706368696345,0.9460903453326155,246.20654232837998,3.6564885496183206,0.96031866174794,0.009830074145438256,468,0,2,0.3075223885339559,0.06904886021215324,0.00018826885327723368,0.00010512810636471952,1.4789915643269578e-08,2.7619726660403197e-05,-4.2632720865225705e-11,Quercus_Crassipes_11.ab.jpg,Quercus_Crassipes
51342.0,1113.4701266288757,0.77838083685903,0.5203858832951646,0.9855645563599347,0.956812168406951,255.67687557890864,3.585510514901684,0.9626759566364325,0.008959526313564732,460,0,2,0.3139905475517588,0.07305333621025983,9.492037672369023e-05,5.155817095238999e-05,3.6061829040221125e-09,1.3902900010615361e-05,6.845347733773373e-11,Quercus_Crassipes_12.ab.jpg,Quercus_Crassipes
61487.5,1217.3107446432114,0.7632509930391851,0.521427328105573,0.9854081861440205,0.9486957793877565,279.80049411483054,3.5033112582781456,0.9571295393336611,0.008164261028531584,502,0,2,0.30015370058911783,0.06462396727058659,6.238901657883352e-05,6.068999063628403e-06,-7.608693425280629e-11,-1.1993603616022311e-06,-9.031660767902642e-11,Quercus_Crassipes_13.ab.jpg,Quercus_Crassipes
52420.0,1149.0681029558182,0.7126543041939114,0.4989021117346704,0.9837757696706589,0.9400963649842762,258.3470861748149,3.57078265607328,0.9601572800875505,0.009175887065830297,481,0,2,0.3063052352388919,0.06839098562189394,1.604353977556533e-05,3.870542091424992e-06,2.530082461419577e-11,5.017694606966632e-07,1.703385844313294e-11,Quercus_Crassipes_14.ab.jpg,Quercus_Crassipes
55040.0,1158.5828223228455,0.759885133632098,0.5152691234228898,0.9818752675720374,0.9462498883522785,264.7245824290282,3.567070768097767,0.9572836903451812,0.008593749999843863,473,0,2,0.30169838493833756,0.06492567262375859,0.00044409513044193675,4.015244199651527e-05,-5.361054918723862e-09,-1.022919203104449e-05,8.586319226513259e-11,Quercus_Crassipes_15.ab.jpg,Quercus_Crassipes
45288.0,1068.2985504865646,0.7283839423454648,0.4986636684828668,0.9814706455804462,0.9423569085645898,240.13011577469004,3.4969348830749833,0.9595202611320957,0.00971559795067754,440,0,2,0.30646435035221936,0.06829281012141214,0.00017454702030089562,6.279812510112266e-05,6.303808988545293e-09,1.2746078550204928e-05,-1.86781452021981e-09,Quercus_Crassipes_16.ab.jpg,Quercus_Crassipes
138888.0,1556.0773329734802,0.7139156180570261,0.7207957796297122,0.9748886572470185,0.9203999629438049,420.52074133052855,1.7514869312551677,0.805373244954221,0.005241633546416957,728,9,4,0.18147578153513455,0.007438893512742768,1.0251081746449891e-05,9.05472345981064e-07,2.383963318410124e-12,5.298623696917366e-08,1.3881299905775304e-12,quercus_dolicholepis_01.ab.jpg,Quercus_Dolicholepis
138914.0,1645.3666546344757,0.7082245697002802,0.6448081199670588,0.9732676146068383,0.9296933382801998,420.5601004818935,2.1979866177320275,0.8820896136211986,0.00515426810828891,716,7,4,0.20345256284076513,0.015461770667466214,0.00024006999567010234,4.903508490673316e-05,5.258579371946687e-09,5.826011036198332e-06,8.074967675085693e-10,quercus_dolicholepis_02.ab.jpg,Quercus_Dolicholepis
138785.0,1588.1362074613571,0.70163597941021,0.691475662890924,0.9698394839940333,0.9112112710216812,420.3647823213424,1.7732103524128184,0.816462722631069,0.004712324818930631,654,5,4,0.18309879934797232,0.007999023710058567,1.841651819867945e-05,2.638929148160153e-06,1.8351506477734573e-11,2.3324608429682645e-07,-1.291993591230409e-12,quercus_dolicholepis_03.ab.jpg,Quercus_Dolicholepis
138821.0,1607.9940692186356,0.6884937757244036,0.6746773762631979,0.9716867554143624,0.9239487182161431,420.4192988430479,2.019664701263192,0.8447008193373169,0.004545421802144161,631,4,3,0.19178139985634468,0.011267553830604748,2.175238667135237e-06,5.81132564149154e-07,6.523105903665627e-13,6.146435217468173e-08,3.7378884683347326e-14,quercus_dolicholepis_04.ab.jpg,Quercus_Dolicholepis
138682.5,1603.408286690712,0.6966589306131741,0.6778651057744959,0.9753185833170971,0.9277759201130439,420.2095229319943,2.0808385681047272,0.8635332760086287,0.004672543399457952,648,3,3,0.19875773716296713,0.013960555430563699,1.5765149046789327e-05,2.1642266854265197e-06,1.246844279357116e-11,2.484531142767621e-07,-2.085379427032307e-12,quercus_dolicholepis_05.ab.jpg,Quercus_Dolicholepis
138752.0,1586.1118216514587,0.7498851543754836,0.6930770397916461,0.9820091440472913,0.934201167203355,420.31480263142447,2.156273356848036,0.8696153797459183,0.004288226475983854,595,1,3,0.20141396104889878,0.01509832924525329,2.98847232171896e-05,4.854654606994351e-06,5.472950019780572e-11,5.066324257532055e-07,-2.0588341018822374e-11,quercus_dolicholepis_06.ab.jpg,Quercus_Dolicholepis
139203.0,1668.6803637742996,0.6801272279516488,0.6282205637173082,0.968493336527007,0.9233074374122195,420.99734482033125,2.058086941043462,0.8788922769000742,0.00590504514984659,822,7,4,0.20526912972294808,0.01592907975377448,0.00035753867555523834,7.36713154240634e-05,1.168717910089718e-08,8.659022345300103e-06,-2.5241003558115904e-09,quercus_dolicholepis_07.ab.jpg,Quercus_Dolicholepis
139279.0,1616.6214871406555,0.6918976651729165,0.6696977043532946,0.9662289190828374,0.9081846964969096,421.1122540976084,1.851063829787234,0.8220808595217273,0.004796128633858685,668,8,4,0.18524433002163576,0.00872958852069204,1.9815628047689466e-06,8.567187220428189e-08,1.7644088759254782e-14,3.183252777811175e-09,3.057285152851419e-14,quercus_dolicholepis_08.ab.jpg,Quercus_Dolicholepis
139114.0,1563.3910402059555,0.711205860847169,0.7152295758121584,0.9725191373276065,0.914325776730771,420.8627401259078,1.7095343512086199,0.8038994470856072,0.00502465603745831,699,5,4,0.18013595171779337,0.0068640000863636206,5.49043807562378e-05,5.712538769466239e-06,1.0058213782315952e-10,4.639771395999601e-07,-1.088071019970399e-11,quercus_dolicholepis_09.ab.jpg,Quercus_Dolicholepis
139013.0,1636.680363893509,0.7161926841797208,0.6521350398036129,0.9730681328920655,0.9274747174351687,420.70993431611424,2.166773698085501,0.8802069113233071,0.004409659528213838,613,0,2,0.20302886588920893,0.015595222431534883,7.175898483162716e-05,1.3003824294612338e-05,3.685186777293837e-10,1.2649857833992125e-06,-1.4828233042372424e-10,quercus_dolicholepis_10.ab.jpg,Quercus_Dolicholepis
139044.5,1647.2661514282227,0.6911103931572588,0.6439262500879042,0.9710862558379497,0.9214529635422556,420.75759752846807,2.108187891913737,0.8697273333333031,0.005250117768014915,730,7,4,0.1990495537782446,0.013641924954827763,0.00022359321561406947,3.3902900565442106e-05,2.720844082633301e-09,3.0966617773085856e-06,1.1445685123100587e-09,quercus_dolicholepis_11.ab.jpg,Quercus_Dolicholepis
138931.5,1606.2955876588821,0.7277253394195874,0.6766430975231291,0.9787699460989906,0.9236453369209714,420.58659014449483,2.0837108980383587,0.8673373847178761,0.003843620777117906,534,0,2,0.19850825670861386,0.013918723324418632,1.68317988471039e-05,2.8267330794271475e-06,1.7754802416203728e-11,2.3566344368834257e-07,-8.058734414820135e-12,quercus_dolicholepis_12.ab.jpg,Quercus_Dolicholepis
138661.0,1551.0235086679459,0.7346355987839095,0.7243149198460453,0.9805982129212253,0.92657259365876,420.1769490494718,1.8343749684095323,0.8254086083151705,0.0043703709045487165,606,1,3,0.18615971593863256,0.009113966733134566,5.4065643999384864e-05,6.452338325764264e-06,1.2051351342560961e-10,6.159254187699614e-07,-2.0678187206016408e-13,quercus_dolicholepis_13.ab.jpg,Quercus_Dolicholepis
138742.5,1592.923005580902,0.7063562773612343,0.6871156031607554,0.9734744567475181,0.9241757100403982,420.30041343712514,1.897196261682243,0.8459371538112077,0.005254338072290363,729,4,3,0.1907144000708757,0.010455170008142027,0.00019610354238184895,2.7111805600000163e-05,1.9684926745905544e-09,2.7345429340379576e-06,-1.819133410017323e-10,quercus_dolicholepis_14.ab.jpg,Quercus_Dolicholepis
139148.5,1588.3199694156647,0.6980985827131664,0.6931263362332848,0.972682122091812,0.9204617148555712,420.9149234591009,1.9034281224506184,0.8322067144031249,0.0045706565287834885,636,7,4,0.18754913708532472,0.009595026307508532,4.862361793850616e-05,7.371738254219705e-06,1.3863859311462809e-10,7.095459732268419e-07,1.605947941075487e-11,quercus_dolicholepis_15.ab.jpg,Quercus_Dolicholepis
139031.5,1580.5209848880768,0.6873492129375922,0.6993950262935833,0.9692490022066733,0.9097030609101469,420.7379276507489,1.2916540291914471,0.8045465234027154,0.0059339070641837716,825,5,4,0.18118768564694232,0.007315634856379586,5.755285452487074e-06,7.590073209859566e-07,1.5847870607303025e-12,6.472318672870977e-08,7.067768897060135e-14,quercus_dolicholepis_16.ab.jpg,Quercus_Dolicholepis
248281.0,4158.359850645065,0.37732216021632364,0.180430192262967,0.6171354570566696,0.5810325423121344,562.2465539302051,1.110319983627551,0.7013777200939422,0.010472005509843797,2600,18,9,0.22847827547064203,0.007415461239437472,0.00015371997651335577,3.7826571823919324e-05,2.6452959047437115e-09,3.0970274282261867e-06,-1.1499434725558e-09,Quercus_Ellipsoidalis_01.ab.jpg,Quercus_Ellipsoidalis
239443.5,4276.769006729126,0.35567008012210655,0.16450584290735312,0.5743186601652022,0.5734934094202064,552.1493755586381,1.0024603558878151,0.689574992658647,0.01144320058798237,2740,30,12,0.24150915773239578,0.008513120457861637,0.00021940249524921837,5.328962232762485e-05,2.745413409890388e-09,4.856609455683398e-06,5.066074035727474e-09,Quercus_Ellipsoidalis_02.ab.jpg,Quercus_Ellipsoidalis
235865.0,4555.462443828583,0.35613015249832985,0.14282637824118546,0.5512216782141618,0.5410403494587683,548.0078879167335,1.073961629975031,0.6391014048336133,0.01158289699611395,2732,32,13,0.2576239019593599,0.0063293206837475675,0.0015151565503183668,0.00029388575824797864,1.9404513155526643e-07,2.2309745069035632e-05,2.8373521267984823e-08,Quercus_Ellipsoidalis_03.ab.jpg,Quercus_Ellipsoidalis
169466.5,3519.90191924572,0.3835558925369858,0.17188287119159093,0.5933939917027703,0.5741105033225579,464.5120550726982,1.049470288521899,0.7005474930972617,0.013294662956907148,2253,37,14,0.23564008889242272,0.0070270184359143995,0.0009001580458192579,0.0001595014574608011,5.753607296335017e-08,1.2926017207174487e-05,1.8501071068032704e-08,Quercus_Ellipsoidalis_04.ab.jpg,Quercus_Ellipsoidalis
391907.5,5866.003635644913,0.48479403760454626,0.1431227865235706,0.5776274249119682,0.526070837341284,706.3937477627444,1.0717412100823807,0.3118790740093899,0.009428245185383214,3695,36,14,0.22313858436827408,0.0006385202701996239,0.0003588631745246537,0.00011495172649954666,-1.5568440817175928e-08,2.7089800403544806e-06,-1.73989268763717e-08,Quercus_Ellipsoidalis_05.ab.jpg,Quercus_Ellipsoidalis
279278.0,5042.780328273773,0.3470680197540543,0.13800870786534736,0.5731013112791178,0.521578462760721,596.3118257879402,1.125354092782565,0.5505008381331093,0.011694440664815365,3266,40,15,0.23052947595389084,0.003502469790346526,0.0002071104839708723,8.396048128143338e-05,1.0140431632067971e-08,4.614634653983351e-06,4.444511841315659e-09,Quercus_Ellipsoidalis_06.ab.jpg,Quercus_Ellipsoidalis
304827.5,5704.787464380264,0.3328319830538152,0.11770233270127829,0.5367243575682017,0.49745979768693255,622.9915146474773,1.1266432363109082,0.3565274649477709,0.011727944493158497,3575,45,15,0.2421659379438431,0.000865827180173727,4.3642314141349964e-05,4.250795085210042e-05,-1.33748899890703e-09,9.806592293645405e-07,-1.250293294623217e-09,Quercus_Ellipsoidalis_07.ab.jpg,Quercus_Ellipsoidalis
265225.5,5200.287905454636,0.34026651647755346,0.12324529940923387,0.5518018697449373,0.4986719475854074,581.115818810808,1.0320465977958275,0.3886092104479006,0.012694857771923532,3367,59,21,0.2400403487379747,0.0003726858521950285,0.0004010752547130256,0.00011479779261114384,1.7930859378500337e-09,2.1344281842922065e-06,2.456742085826608e-08,Quercus_Ellipsoidalis_08.ab.jpg,Quercus_Ellipsoidalis
294460.5,5875.331627964973,0.34632307279717645,0.10719441023296078,0.5152901586492594,0.479712787251009,612.306094173893,1.075456954046549,0.3703767888483233,0.012595916939580704,3709,51,18,0.25092739732897323,0.0012794420200640882,0.0005500069295523953,8.999302260239979e-05,1.5332496311873627e-08,2.494124827092121e-06,1.287541694958768e-08,Quercus_Ellipsoidalis_09.ab.jpg,Quercus_Ellipsoidalis
206591.5,4919.670594453812,0.31949889500747825,0.1072630800277382,0.5165626914360669,0.4793705857543275,512.8747092674334,1.0217972905294184,0.4711955182141246,0.014656943775447406,3028,34,14,0.24962189162354587,0.003656534990971919,0.0006213097395088431,0.00012981379600125278,3.610577268656173e-08,7.7795865221774e-06,7.452085119646787e-09,Quercus_Ellipsoidalis_10.ab.jpg,Quercus_Ellipsoidalis
213187.5,4308.7690106630325,0.35095365559690156,0.14429961608707947,0.5558300395242425,0.5408354494392962,520.9978459103526,1.0145775133593105,0.6225659379933451,0.012557021401289677,2677,33,12,0.25637991382389247,0.006581929270189099,0.0004424243229563188,0.0002041283787062825,5.966708231542025e-08,1.6526964424940134e-05,1.4246708328941656e-08,Quercus_Ellipsoidalis_11.ab.jpg,Quercus_Ellipsoidalis
197093.5,4130.47045981884,0.3356485502427859,0.1451720884855518,0.5237822524694482,0.5589337612048745,500.9463426458564,1.0292394793136506,0.6226083313609143,0.012126224355383986,2390,25,9,0.27141057078163044,0.00762914836473225,0.0011309089523398905,0.00015039371016328844,6.074567262225737e-08,1.2177393771436565e-05,-1.2526544781294282e-08,Quercus_Ellipsoidalis_12.ab.jpg,Quercus_Ellipsoidalis
310749.0,5597.799663066864,0.37869156919521085,0.12461918321567343,0.5660422725180063,0.4910206338733474,629.0134460302952,1.0003330974469986,0.5125577985836384,0.01140470283086541,3544,35,15,0.22605490278477036,0.001772965951316506,0.0002811595768428028,6.501110994458851e-05,8.743575707691164e-09,2.737233269285589e-06,-8.960646657580261e-10,Quercus_Ellipsoidalis_13.ab.jpg,Quercus_Ellipsoidalis
301460.5,5447.081846117973,0.38014476396993735,0.1276769434860884,0.5803114842605636,0.49364384923641375,619.5413059479041,1.0058387963060782,0.6517240965968691,0.011318232405202943,3412,37,16,0.2380718809312905,0.005098550224179782,0.0006258572174174007,0.000154243723060557,4.654976365609277e-08,1.014929602060019e-05,1.1392326021282618e-08,Quercus_Ellipsoidalis_14.ab.jpg,Quercus_Ellipsoidalis
279623.0,5429.795485258102,0.3122242023078659,0.11918341100891482,0.5151411593581988,0.5114269012384661,596.6800325278871,1.034410158728167,0.5075236565951424,0.011969687758117287,3347,35,14,0.2686194116623402,0.003078095423761327,0.0019988370232375307,0.000376188417059142,3.1495519700753203e-07,2.0784223299800908e-05,-8.494685459714203e-08,Quercus_Ellipsoidalis_15.ab.jpg,Quercus_Ellipsoidalis
235225.5,4387.479689717293,0.33897876424458734,0.15355502259260337,0.551074912994772,0.5620422205756146,547.2644776797605,1.0899582559693857,0.5844499133084095,0.011890717630478453,2797,40,14,0.25718841030506767,0.005217701372285984,0.0005233338851269473,0.00030669344160168336,1.0115438444415361e-07,2.2137782349969027e-05,6.974846578401166e-08,Quercus_Ellipsoidalis_16.ab.jpg,Quercus_Ellipsoidalis
155308.0,1774.6214891672134,0.6856835069130569,0.619715300416802,0.961216033464679,0.8995783597496544,444.68448051818564,1.8709180073936718,0.8443876906464751,0.006071805702178434,943,11,6,0.1939544374033802,0.010886949055317976,0.0005578161032836361,8.173855567161326e-05,1.695931753018777e-08,7.866738730834566e-06,-4.124442573515834e-09,Quercus_Greggii_01.ab.jpg,Quercus_Greggii
139026.5,1634.6976059675217,0.7433379671670676,0.653781459534573,0.9721487034010177,0.9191488147086457,420.73036206830034,2.166648928535205,0.8779433856576356,0.004193445134530514,583,4,3,0.20388663623549325,0.01601303191699042,4.236141035115964e-05,6.918017483036491e-06,1.0072217608365255e-10,5.640377077558469e-07,-6.229323504655029e-11,Quercus_Greggii_02.ab.jpg,Quercus_Greggii
99123.5,1389.241763830185,0.6877653964593838,0.6454027787523994,0.9614539634718451,0.9089738014835338,355.25759669929073,1.8922113117391943,0.8495322683657542,0.006779421630523747,672,7,5,0.1952969400279721,0.012169832133856704,0.0002269105271653477,3.965201417074171e-05,3.742271033325944e-09,4.316295203810113e-06,-3.767666172074869e-10,Quercus_Greggii_03.ab.jpg,Quercus_Greggii
144382.5,1657.6092919111252,0.6752651812742018,0.6603285522070625,0.9620176835420265,0.9081203332173013,428.75810029400566,1.6551804241392927,0.8252148395366358,0.006191886135742269,894,8,5,0.19162336318265916,0.010013571841643459,0.0005266071638129526,6.964157520981543e-05,1.3335757069563558e-08,6.9593033400544035e-06,-1.530101266400172e-10,Quercus_Greggii_04.ab.jpg,Quercus_Greggii
118676.0,1504.028561592102,0.728002159292781,0.6592658755750115,0.9724631565066807,0.9187939129469723,388.71966275323683,2.0247349823321557,0.869984017191767,0.005965822912754342,708,7,4,0.20224578869050325,0.014633047952972177,0.00040820068067990404,6.63690636412572e-05,1.0336497303159945e-08,7.017177898437909e-06,-3.534492392686929e-09,Quercus_Greggii_05.ab.jpg,Quercus_Greggii
123924.5,1510.8397431373596,0.7187904203383924,0.6822290972152302,0.9728495953072793,0.9211098375976335,397.2223230906499,1.880794701986755,0.8514697518293106,0.005511420259871847,683,7,4,0.19546663790615434,0.012102975003915214,0.0003032332290985769,4.5351381864412304e-05,5.213100187463513e-09,4.757618737503197e-06,-1.052652474574709e-09,Quercus_Greggii_06.ab.jpg,Quercus_Greggii
122388.5,1705.5849088430405,0.6742202218928736,0.5286932756409618,0.9381951843915479,0.8695567232356075,394.7529328843795,2.3028023631643784,0.9009649260320077,0.008758992879161367,1072,15,7,0.22252768969881503,0.023140687213483443,0.00041764383437438,0.00012526666662163237,2.8652019975271383e-08,1.904061187874757e-05,-6.369836784934258e-11,Quercus_Greggii_07.ab.jpg,Quercus_Greggii
118353.5,1523.182888507843,0.6765647419258998,0.6410425617023389,0.9596528000116789,0.9214423234954697,388.1911339247885,1.9810769302896367,0.8587488024273399,0.005728601182003671,678,17,7,0.1978955702087702,0.012813165928651032,0.0004006034551735113,7.421083456415836e-05,1.279235662393585e-08,8.395963115822436e-06,-2.85008266297948e-10,Quercus_Greggii_08.ab.jpg,Quercus_Greggii
124445.5,1523.0407536029816,0.7032448194174739,0.6741647055989067,0.9682892289900616,0.9055172180593054,398.05644293785735,1.8375532422795613,0.8245252272600694,0.00571334439569359,711,6,4,0.18701531509079952,0.009231158054509279,0.00011891208221838073,1.4763688303631121e-05,6.183016143192309e-10,1.4149525631901616e-06,-1.8998112892079e-11,Quercus_Greggii_09.ab.jpg,Quercus_Greggii
118317.5,1564.4133360385895,0.6864238141610599,0.6075133552257681,0.9391060366067085,0.8889806086627224,388.13209070392855,1.838436108218658,0.850482954853232,0.009178692923623482,1086,13,8,0.19786685576855392,0.012766209184349455,0.00022489736967423014,3.5507621605666406e-05,2.9701155738511027e-09,3.192372011293253e-06,1.1164903418764522e-09,Quercus_Greggii_10.ab.jpg,Quercus_Greggii
153590.0,1696.763622879982,0.6891090352711788,0.6703939942308014,0.9645250221304797,0.9121623064662165,442.21811549943726,1.650154451947296,0.8138156673707609,0.0058923106972726584,905,9,6,0.18748317306769302,0.008499474012501064,0.0004690144181978849,5.795183288056727e-05,9.470724241889102e-09,5.270737760281289e-06,-1.2601284335105786e-09,Quercus_Greggii_11.ab.jpg,Quercus_Greggii
127887.5,1565.0996285676956,0.7180979493704484,0.6560757490488732,0.9656295893523787,0.9096285794742822,403.52375676943495,1.9049180327868853,0.8480879564698862,0.004652526634701183,595,11,5,0.19629897615566744,0.012412345276029394,0.00028986151689447816,4.453205900083361e-05,5.022978471470493e-09,4.912123496331402e-06,-6.065108837136116e-10,Quercus_Greggii_12.ab.jpg,Quercus_Greggii
118523.5,1500.4133368730545,0.7283489728276561,0.6615954351614698,0.9671124565418746,0.9218621901778975,388.46982788939744,1.9828211155197004,0.8608223118842473,0.004049829780557865,480,4,3,0.19691417748577952,0.012801123487726527,0.00022793094117149533,3.8066287028288837e-05,3.545201437777197e-09,4.3068758131494975e-06,6.43367040529175e-11,Quercus_Greggii_13.ab.jpg,Quercus_Greggii
198438.0,1981.391039967537,0.7282636220480391,0.6351763448650708,0.966969030263322,0.9186147173320276,502.6520752748925,2.0705285687162345,0.8862620809940387,0.0042028240558552145,834,20,8,0.21050918826795617,0.018118207454640087,0.0003559208477409265,7.803603724188496e-05,1.2894083766471557e-08,1.032322613318756e-05,1.696988419214905e-09,Quercus_Greggii_14.ab.jpg,Quercus_Greggii
138337.0,1682.0285608768463,0.7191044527809417,0.6144428368119134,0.9599669687524462,0.9087846132653086,419.6857620887659,2.1129568106312293,0.8806610598269613,0.00568900583353919,787,10,6,0.20905108124010235,0.01729280164061264,0.0004252561321096208,8.33366970767175e-05,1.5559032500970775e-08,1.0729775776599503e-05,2.010872597901015e-09,Quercus_Greggii_15.ab.jpg,Quercus_Greggii
118063.5,1480.4133356809616,0.7257897939943948,0.6769545951818282,0.9742177443230831,0.9164018221154746,387.71525245963676,1.9241379310344828,0.8495138429590652,0.005336111499275084,630,11,5,0.19462711129127924,0.012070687519776304,0.00017015182845632595,2.4773359230109792e-05,1.5611274963681076e-09,2.5137623998654996e-06,-3.871053030469755e-10,Quercus_Greggii_16.ab.jpg,Quercus_Greggii
140589.0,1861.9007066488266,0.5855532786860858,0.5096220052041218,0.9120716220321321,0.8393126689772245,423.08802199397206,1.630634046761146,0.8247656057360083,0.009808733257866485,1379,17,9,0.19159872540820141,0.009396854272334783,0.000391193442707669,8.70081739998429e-05,1.6016025726001982e-08,8.10834402143278e-06,1.0777711335844275e-09,quercus_hartwissiana_01.ab.jpg,Quercus_Hartwissiana
140322.5,1807.1727818250656,0.5915090124243702,0.5399304536170433,0.901502691862069,0.863490798626178,422.6868297168719,1.5319300425119777,0.8128194267630882,0.008701384311078399,1221,19,8,0.19141625533791584,0.008179425079593416,0.000983161583928377,0.00017365445051599753,7.047070315488784e-08,1.537051521381972e-05,-1.3505664390495902e-08,quercus_hartwissiana_02.ab.jpg,Quercus_Hartwissiana
140396.5,1818.7463773488998,0.5649122030492946,0.5333617446048459,0.8898695585979143,0.8585043711113471,422.7982683767878,1.5247036559449525,0.7744025889361136,0.007628395294700164,1071,12,6,0.18198946182913067,0.005351381744780982,0.0004408526929070139,7.001092460034064e-05,1.2278859643291656e-08,4.974982068545785e-06,-7.161618723380115e-10,quercus_hartwissiana_03.ab.jpg,Quercus_Hartwissiana
140122.5,1744.805255651474,0.6360935329497286,0.5783940540687867,0.9175575018356875,0.8544645131906857,422.38549703695185,1.3721406200262347,0.7700300139077354,0.007600492426215629,1065,13,7,0.17926036594268324,0.005559797478853852,0.0002392346318025537,2.8421940072079094e-05,2.2603302900140547e-09,2.0239642190637493e-06,-6.193532712447229e-10,quercus_hartwissiana_04.ab.jpg,Quercus_Hartwissiana
139949.0,1715.474299788475,0.668397172601641,0.5976008842249619,0.9384205320708872,0.8546615857743893,422.12391669525346,1.5962800524550693,0.8040012176768595,0.00908902528771846,1272,18,10,0.18541408313981003,0.007904138808951309,0.00028440856128178255,3.106181921013995e-05,2.8638436333104994e-09,2.568312083148363e-06,-5.674547524249284e-10,quercus_hartwissiana_05.ab.jpg,Quercus_Hartwissiana
140101.0,1757.8174459934235,0.6514477287808973,0.5697752210640301,0.9189240597596848,0.8597799964406732,422.3530909759523,1.8304588224517961,0.8468443085666213,0.01041391567504576,1459,14,10,0.1953727672461998,0.012106686564210042,5.829067766711544e-05,1.2478925628719789e-05,3.340079992077814e-10,1.371875004300709e-06,4.1385693171846643e-11,quercus_hartwissiana_06.ab.jpg,Quercus_Hartwissiana
140182.5,1805.1484007835388,0.6277821565771848,0.5406022426520105,0.9170106430936487,0.8427328907539001,422.4759194082391,1.64923230730952,0.8243717996961512,0.00942343017131651,1321,21,9,0.19039851803531638,0.009655958733805127,0.0001505244866719977,3.045858188792651e-05,2.016001218139332e-09,2.6769852755477076e-06,-4.3490085634345474e-10,quercus_hartwissiana_07.ab.jpg,Quercus_Hartwissiana
140551.5,1810.3443576097488,0.5843554073581665,0.5389183399810058,0.9207736905832437,0.8483847176217735,423.03159204939317,1.5545593939907412,0.8071727326871913,0.008431073307588811,1185,13,7,0.19315368720365178,0.009223192560223933,0.0007642594086202286,0.00012555084205264776,3.888054121877901e-08,1.2053093273539974e-05,9.04704485326195e-10,quercus_hartwissiana_08.ab.jpg,Quercus_Hartwissiana
139840.5,1712.403232216835,0.6516332711992002,0.5992813388523828,0.9362239859611343,0.8612770596973712,421.9602523408307,1.5314232167023754,0.8059085925831138,0.007351232296742709,1028,21,8,0.18716773957621352,0.008531927040879978,0.00032200820298293914,3.8022244920774e-05,4.2057969465892146e-09,3.465144870036415e-06,-1.074925395269976e-10,quercus_hartwissiana_09.ab.jpg,Quercus_Hartwissiana
139641.0,1732.018454194069,0.6571959713824491,0.5849487055647,0.9253815415343477,0.8846941726241633,421.6591553214075,1.9311125132628388,0.8490852175966023,0.008328499509396748,1163,12,7,0.19629190399951302,0.012336050147989356,0.00015523971510919684,3.190577914777149e-05,2.2196253858926e-09,3.4382034074080824e-06,-3.3964204390109054e-10,quercus_hartwissiana_10.ab.jpg,Quercus_Hartwissiana
139812.5,1728.6875009536743,0.6221243781509601,0.5879262912413336,0.9284499989977325,0.8780096270272274,421.91800607260757,1.5533368828610108,0.8216631481412311,0.006644613321365081,929,11,5,0.18958964583923577,0.009329072979249566,0.000278280816833251,4.391818800989835e-05,4.760165520459201e-09,3.8731871546551e-06,-9.559884892818005e-10,quercus_hartwissiana_11.ab.jpg,Quercus_Hartwissiana
140191.0,1771.4154257774353,0.6651878493377815,0.5614216459693039,0.9272719455710181,0.8607108853225034,422.48872767917396,1.8973461295530802,0.8408474638018423,0.008823676270168387,1237,13,8,0.1924239331189079,0.01094026374276803,0.00012711274436471112,2.526728124091194e-05,1.4281469514530527e-09,2.6318256459676815e-06,1.0449523209858007e-10,quercus_hartwissiana_12.ab.jpg,Quercus_Hartwissiana
140133.5,1775.432669878006,0.5985158135238281,0.5586546512560138,0.9148528490043162,0.8598601192288968,422.4020759207333,1.5597294713364707,0.7990156433892285,0.008006650800786346,1122,10,7,0.18674163933165927,0.007315845180072258,0.0006368861782917002,8.234501641109045e-05,1.787895501265347e-08,6.043169324205905e-06,-5.996067073936554e-09,quercus_hartwissiana_13.ab.jpg,Quercus_Hartwissiana
139953.0,1764.6458716392517,0.6527658582059106,0.5647769288631759,0.9421716270646063,0.8650694336543975,422.12994919138373,1.8294687971027905,0.8576198269105433,0.009288832679476047,1300,17,8,0.19780607317093568,0.012766102333088654,0.00029224542755594963,5.7636380145231904e-05,7.402059337307998e-09,6.293010341100533e-06,-1.0790634522834512e-09,quercus_hartwissiana_14.ab.jpg,Quercus_Hartwissiana
140614.0,1827.3321655988693,0.6235543493657605,0.5291800082894003,0.9199296055627306,0.8509882135439687,423.1256377760513,1.853922144397454,0.8555776939280407,0.00908871093910216,1278,16,9,0.1978045234073078,0.01206470126883554,0.0005455514176606926,9.859112918213248e-05,2.27270935597473e-08,1.0323226220152717e-05,-2.509109100760516e-09,quercus_hartwissiana_15.ab.jpg,Quercus_Hartwissiana
140270.5,1815.0062627792358,0.6493072753417366,0.5350815213764188,0.9187582692474241,0.8294217018085261,422.60850388956163,1.6786801053399831,0.8382704091111611,0.007963185416691583,1117,14,8,0.19191029297129844,0.010692135024278186,4.7644876999250503e-05,1.0653188467843955e-05,2.366176835977791e-10,1.0858591166394935e-06,-4.020435351241493e-11,quercus_hartwissiana_16.ab.jpg,Quercus_Hartwissiana
67722.0,1228.288446545601,0.6497236932933291,0.5640776674365625,0.966980559567542,0.9314431753662942,293.64319922067784,2.5621890547263684,0.9124381081827788,0.007368358878837478,499,0,2,0.2274263110932005,0.025658237743466584,0.00016310545376179998,5.494288715248534e-05,5.184491006725789e-09,8.524538429617845e-06,4.16260996139416e-10,Quercus_Ilex_01.ab.jpg,Quercus_Ilex
51798.5,1036.7909716367722,0.6541866632905509,0.6055425063570712,0.9634152011798753,0.935433076436049,256.8110172051899,2.3636261063843294,0.8826856370338114,0.008031120592140098,416,0,2,0.21086713532759674,0.01858035026900636,2.4622107890263596e-05,2.7316396874783905e-06,1.302581147289391e-11,8.695958070868379e-08,1.8226440417761343e-11,Quercus_Ilex_02.ab.jpg,Quercus_Ilex
56319.5,1126.6488372087479,0.6628943031937042,0.5575598709797295,0.966709006317192,0.9388320462499442,267.7838952209636,2.7239718900485523,0.9242071085200222,0.00813217446873406,458,0,2,0.24017498144766133,0.031911347463081545,8.440386683409345e-06,5.282544362046804e-07,-1.097906683893973e-12,-9.40647815940921e-08,1.9699114786653892e-13,Quercus_Ilex_03.ab.jpg,Quercus_Ilex
62076.5,1205.0752441883087,0.6445823165916144,0.5371662977380536,0.9644000124135533,0.9388321737916044,281.1374300920323,2.8888892313767514,0.9288401822619895,0.008070686974812197,501,0,2,0.24378686653776577,0.033368009710685584,0.00011971461444238967,1.4270639596363643e-05,1.8708445756005992e-10,-1.8298822138846453e-07,5.593906296374972e-10,Quercus_Ilex_04.ab.jpg,Quercus_Ilex
55145.0,1101.3178851604462,0.640342320993981,0.5713347251231365,0.95821857703441,0.9360495756199535,264.97697012084,2.4984955886421862,0.9035286324220021,0.0082328406925699,454,4,3,0.22040636958188153,0.022519431752364302,3.592295715387088e-05,2.6331984698710445e-06,-4.76318811774787e-12,-2.16179969033355e-07,-2.516326161434853e-11,Quercus_Ilex_05.ab.jpg,Quercus_Ilex
39799.5,987.3107435703278,0.6673289738318691,0.5130737010808605,0.9609227871707731,0.941027439985125,225.10952281209055,3.057554189021529,0.9381612868977979,0.010402140730149823,414,0,2,0.25937262634178165,0.041348888480636385,4.966582548919697e-05,4.462530066550503e-06,-2.8063336176699167e-11,-6.093759506932487e-07,-6.021737306559814e-11,Quercus_Ilex_06.ab.jpg,Quercus_Ilex
46648.5,1031.134120464325,0.6143376397532782,0.5513371176164917,0.9609727457931942,0.9432462807410389,243.71030938919725,2.732673083606565,0.9201714889435935,0.008810572687035797,411,0,2,0.23806343535067404,0.030786260105629987,1.967096013037465e-05,5.8359282701676335e-06,5.970441417336566e-11,7.129807003039529e-07,1.8579305601634537e-11,Quercus_Ilex_07.ab.jpg,Quercus_Ilex
50361.0,1016.9503509998322,0.6881892346070843,0.6119341749026449,0.9707489614971375,0.9422816793268133,253.22246486520015,2.5024434027406444,0.9098048607423178,0.007863227497312142,396,0,2,0.22558356049635134,0.025064306952398203,0.00013759045823829455,1.442093628094918e-05,1.7231665279103074e-10,-1.6764246995105748e-07,6.188250710219239e-10,Quercus_Ilex_08.ab.jpg,Quercus_Ilex
64372.0,1145.4600205421448,0.6586583718673653,0.6165197519581603,0.965111920703982,0.9372044714062396,286.2882742511329,2.292582107604632,0.8817823737605112,0.0069129435157069385,445,4,3,0.20992129783321764,0.018136240085725622,4.682447446857703e-05,8.487337872699967e-06,1.5567349489096992e-10,9.047842652739832e-07,6.628366457841416e-11,Quercus_Ilex_09.ab.jpg,Quercus_Ilex
53733.5,1150.9087225198746,0.6914173582874424,0.5097687759604849,0.9600582465121753,0.9387043462428454,261.56379160164136,3.194777551711275,0.9424019754487477,0.00900741622993091,484,0,2,0.26654908171830005,0.0451749565220801,0.00014489273367004427,6.009122009682599e-05,5.603943166353147e-09,1.2727090344944162e-05,1.8871562336723576e-10,Quercus_Ilex_10.ab.jpg,Quercus_Ilex
58590.5,1180.7909722328186,0.6468798993017105,0.5280694217403235,0.972206320349583,0.9380714692900743,273.12953254052474,2.9799209561986557,0.9396942837227499,0.008397265768197963,492,0,2,0.260769531478295,0.04205886864941956,0.00024370683760503343,9.067349201130261e-05,1.3293235841007756e-08,1.695977403401725e-05,-2.229474741546149e-09,Quercus_Ilex_11.ab.jpg,Quercus_Ilex
71354.0,1293.6610298156738,0.6531198799035879,0.5357808620978486,0.9619618337461566,0.9327266039473681,301.4145558446586,2.764664868926665,0.921953561937147,0.007469798469497579,533,0,2,0.24117819009906968,0.03196005675107533,0.0002554998561576774,7.891218571073927e-05,1.0868350683770287e-08,1.1639783869079275e-05,-2.7259373552073143e-09,Quercus_Ilex_12.ab.jpg,Quercus_Ilex
50173.0,1057.092487335205,0.6621924823056938,0.5642271251264619,0.9747440405460194,0.9426309081586501,252.7493772059534,2.7465286895114693,0.9250884565479407,0.008749725948044771,439,0,2,0.24138457396795332,0.032461641841427046,4.476942417781474e-05,4.60130830719645e-06,7.486503550684036e-12,-1.4884215505349406e-07,6.561515186801773e-11,Quercus_Ilex_13.ab.jpg,Quercus_Ilex
38806.0,899.8376567363739,0.660235470248737,0.602255002301584,0.9634300752013846,0.9379574103386924,222.2821040322246,2.46035929382603,0.899466599298464,0.008890377776403382,345,4,3,0.22066021913222644,0.022913785373100834,1.849585015720755e-05,2.558513250484924e-06,1.544670655388887e-11,2.9039481084847854e-07,-8.436100840299664e-12,Quercus_Ilex_14.ab.jpg,Quercus_Ilex
48922.0,1016.2640614509583,0.675531621089816,0.5952520940208629,0.9604130470869693,0.9424291600067042,249.57849468160038,2.514792899408284,0.9091510358669127,0.00809451780368557,396,0,2,0.22460069293148952,0.02464781358611517,1.222676631872708e-05,6.502808844368471e-06,5.795540541623893e-11,9.593249299300718e-07,-1.817016925484753e-12,Quercus_Ilex_15.ab.jpg,Quercus_Ilex
48082.0,1107.352372765541,0.6726260421818502,0.49274327646622884,0.9647561623852091,0.9451867176786711,247.4265624179346,3.2789115646258504,0.9480557135402666,0.009691776548194921,466,0,2,0.2809257834927916,0.052853101805152576,0.00033085106681554486,0.0001450934551740222,3.1584631644855175e-08,3.158971048263142e-05,3.6060223978969742e-09,Quercus_Ilex_16.ab.jpg,Quercus_Ilex
209507.0,2118.6946424245834,0.657258304861487,0.5865049277322456,0.975185954063177,0.9413718795656543,516.4809747694776,2.5694340903158444,0.9083224268554141,0.004248068083623707,890,0,2,0.22292719001200095,0.02385480306351831,5.1872227809661435e-05,2.1239663577610132e-05,7.046638069512157e-10,3.2532680436137597e-06,-2.175830210099136e-11,Quercus_Imbricaria_01.ab.jpg,Quercus_Imbricaria
256539.0,2371.807340145111,0.6771304591099737,0.5730657380378179,0.9845621858909142,0.9419999415828004,571.5204279523296,2.809838218140874,0.9254932768175046,0.003913634963869378,1004,0,2,0.24110378386145223,0.032435583462922586,9.187448823767682e-05,3.4128267367004725e-05,1.8898192663888287e-09,5.601448566594437e-06,2.839736629596767e-10,Quercus_Imbricaria_02.ab.jpg,Quercus_Imbricaria
210902.5,2152.1677314043045,0.677298097548148,0.5721888107370269,0.9815810295030178,0.9424566493871567,518.1982275958763,2.7577605011465964,0.9255412142547566,0.004338497646996415,915,0,2,0.24185396816028193,0.03286902891508996,2.9533123536263304e-05,2.1143092952820575e-06,-1.6567150864853487e-11,-3.8303978240379995e-07,2.1598440752197664e-12,Quercus_Imbricaria_03.ab.jpg,Quercus_Imbricaria
203157.0,2120.4692462682724,0.6855676365159395,0.5677768731403892,0.9812119953393132,0.940117301511151,508.5936749407738,2.8700044682894057,0.9302301534983007,0.004425149022655261,899,0,2,0.24647843000184302,0.03521103662576893,3.817805691478184e-05,8.594017899239065e-06,1.3730411778481857e-10,1.0112836869907461e-06,7.335068226387649e-11,Quercus_Imbricaria_04.ab.jpg,Quercus_Imbricaria
196488.0,2128.2438526153564,0.6964893375655892,0.5451338130695805,0.984243626440531,0.94567715494311,500.1762605981242,3.0410064323716877,0.938298280502727,0.004666951671325134,917,0,2,0.25799896908041414,0.040842441048539124,0.00011688512875475746,2.5960460283156582e-05,1.2046518852182e-09,2.8664329833447616e-06,7.706026797027918e-10,Quercus_Imbricaria_05.ab.jpg,Quercus_Imbricaria
259717.0,2407.523071169853,0.7027830769419903,0.5630789945160529,0.9849461386874756,0.9435724130076802,575.0495238151078,2.937853107344633,0.9345265937596461,0.0039620047975143634,1029,0,2,0.2528260426068898,0.038404779145410434,2.695287254660198e-05,8.006890595013199e-06,1.1295487424492796e-10,1.2677986520642775e-06,3.281396571158207e-11,Quercus_Imbricaria_06.ab.jpg,Quercus_Imbricaria
274429.5,2361.5058238506317,0.6982672417065551,0.6183902256617482,0.9867092612665241,0.9378439864037419,591.1129263024945,2.5462695728120823,0.9159103606255303,0.0035491811193638103,974,0,2,0.22998840381686125,0.027409313373297113,3.6462934476048155e-05,1.2208922835198002e-05,2.574493457615328e-10,2.008796283861871e-06,-8.738638331446298e-12,Quercus_Imbricaria_07.ab.jpg,Quercus_Imbricaria
192045.0,2102.1017179489136,0.6972703903773917,0.5461417961317596,0.9766026260337022,0.9437625202278535,494.48891632539585,3.005385201362672,0.9371055129422786,0.004634330495432663,890,0,2,0.25657541174407644,0.04018305949928163,2.8149754508827105e-05,1.4175632446653429e-05,2.8212386347229073e-10,2.736916870171856e-06,-2.434650635053015e-11,Quercus_Imbricaria_08.ab.jpg,Quercus_Imbricaria
196129.0,2138.528123855591,0.6563713153574993,0.5389168292587602,0.9786192581307762,0.9410444050663513,499.7191197756623,2.927756987025909,0.9357639128478736,0.004578619174091651,898,0,2,0.2507119595466891,0.03657319710359842,0.0004216216587129676,5.4951125223166915e-05,3.358733046854197e-09,1.4278955691624862e-07,7.660246499825734e-09,Quercus_Imbricaria_09.ab.jpg,Quercus_Imbricaria
263047.0,2404.7779039144516,0.6731228856697191,0.5716013838749251,0.9772432176356156,0.9376775474214359,578.7243234251955,2.7716315427162255,0.923040776866778,0.0038510228210021365,1013,0,2,0.23705374522049902,0.03052223434701187,0.00011857035578143823,3.216758603369311e-05,1.9122031732396826e-09,4.644898343181481e-06,-5.386609193161831e-10,Quercus_Imbricaria_10.ab.jpg,Quercus_Imbricaria
180657.0,2100.018456697464,0.6815702105158018,0.514776170389263,0.9792768863780394,0.9444406322134186,479.6036242911643,3.2251107271306174,0.9459244750789004,0.004992887073265952,902,0,2,0.2704975624425314,0.04753410493274903,5.8985669128213096e-05,2.9158824345154496e-05,1.2087585106168444e-09,6.275564978509141e-06,3.5642755599492725e-11,Quercus_Imbricaria_11.ab.jpg,Quercus_Imbricaria
213103.5,2171.907845020294,0.6505308562058876,0.5676983848325863,0.9790434842488271,0.9380428074802228,520.8951941815836,2.6265133548656943,0.9168131107090686,0.004303073389201477,917,0,2,0.2295362587201433,0.026810631967537888,5.895815252189858e-05,9.595341129075478e-06,1.6976441224296156e-10,5.195980336565953e-07,1.5253372782535102e-10,Quercus_Imbricaria_12.ab.jpg,Quercus_Imbricaria
148357.0,1845.5331746339798,0.6689980158699991,0.5473614332642059,0.9783790734954652,0.9397066611702439,434.6193727139582,2.8667647890422328,0.9318487743972147,0.005257588115119222,780,0,2,0.24661088725592617,0.03481169142733399,0.0002074497885246553,2.998585623560574e-05,1.3357056674849099e-09,8.296964392242721e-07,1.95169574162213e-09,Quercus_Imbricaria_13.ab.jpg,Quercus_Imbricaria
245554.5,2298.653013586998,0.6900021074796207,0.5839974143124574,0.9880713345821122,0.9436727521369096,559.1508739040569,2.7400185925766714,0.9313676460348309,0.003909519068052471,960,0,2,0.24676201048312815,0.03476972260216091,0.0005520380200041695,0.0001941849370883334,6.289371767728942e-08,3.371699156652253e-05,9.303755869507337e-09,Quercus_Imbricaria_14.ab.jpg,Quercus_Imbricaria
378684.5,2748.549541592598,0.6787336358801158,0.6299125406091269,0.9858802732539133,0.9366650159871215,694.3745965818902,2.381537091003862,0.8923298283514665,0.003007780883550798,1139,0,2,0.21276661731547702,0.019672679386845835,1.2753381322890681e-05,2.6953944087448195e-06,1.5394088926585627e-11,3.3097945457127766e-07,-3.57273641452176e-12,Quercus_Imbricaria_15.ab.jpg,Quercus_Imbricaria
342666.0,2760.6845395565033,0.6995068059136349,0.5649985233925463,0.9805964575379047,0.9414730606448878,660.5269879696206,2.8967844126963205,0.9329572604891418,0.0034377498788807823,1178,0,2,0.25048435769037186,0.03705675523147738,0.0001233359195707154,9.573063297503562e-06,-2.9525197995487096e-10,-1.7358196406545657e-06,-1.4501735112772176e-10,Quercus_Imbricaria_16.ab.jpg,Quercus_Imbricaria
177232.5,2094.545367836952,0.6413566620806204,0.5076608637700605,0.9239930869581646,0.8818257081276701,475.03623820954414,2.439668876823028,0.9228582285516395,0.007566332359992854,1341,11,7,0.24488032207524285,0.03295046186713012,0.0006919333421560526,0.00015580236332845822,4.725529535427606e-08,2.1486116682928728e-05,1.9591645387921612e-08,Quercus_Infectoria_sub_01.ab.jpg,Quercus_Infectoria_sub
92376.5,1479.9524409770966,0.6564934049643492,0.5299999746391503,0.9295187208729082,0.88520240603388,342.9539514340486,2.3914239572852978,0.9098919136137281,0.009212299664858354,851,10,6,0.2279102793055687,0.02563978636996011,0.0003271906421839366,9.922817975980706e-05,1.7711366029366245e-08,1.5234566748038011e-05,-2.445507554157195e-09,Quercus_Infectoria_sub_02.ab.jpg,Quercus_Infectoria_sub
122286.0,1676.278344154358,0.6572819917405331,0.5468828881376365,0.9265740491608234,0.8571837796415704,394.5875960638957,2.0212905303908806,0.8532943684963521,0.008790867310985797,1075,14,7,0.1956327724313222,0.012323208914259972,1.0411694387665768e-05,9.382878954799433e-07,2.8184999834204556e-12,9.463319546574868e-08,-8.103565318700556e-13,Quercus_Infectoria_sub_03.ab.jpg,Quercus_Infectoria_sub
113256.5,1589.467159152031,0.6678371573253383,0.5633390824644214,0.9407779974337483,0.8610788961025898,379.7402460871088,1.9358795360107648,0.8666488843779079,0.008635265966998493,978,14,7,0.2018067985321167,0.014605722284572608,0.00020618079833543203,3.473504769829942e-05,2.9389527041457578e-09,4.197555593426116e-06,-5.75887654938479e-11,Quercus_Infectoria_sub_04.ab.jpg,Quercus_Infectoria_sub
70405.0,1247.5432795286179,0.6768214721679165,0.5684628980843983,0.9420052314914871,0.9081991862797687,299.4034571394912,2.462935918539725,0.9106190122082842,0.008777785668506814,618,12,5,0.22784241769727864,0.02608877932258934,1.2059664079310314e-05,2.1895412514403087e-06,1.0084854302526266e-11,2.1823167742443964e-07,4.988418228116505e-12,Quercus_Infectoria_sub_05.ab.jpg,Quercus_Infectoria_sub
90995.0,1455.9696834087372,0.6703328274816912,0.5394146399297062,0.9407939289512591,0.9182670423831941,340.37983543855256,2.6987589013504265,0.921207719979729,0.007110280784580359,647,7,4,0.23941063808441543,0.03134188334348891,0.0001297199145715433,9.212464620416377e-06,-3.1294403927145045e-10,-1.6173816646063046e-06,5.906345136874468e-11,Quercus_Infectoria_sub_06.ab.jpg,Quercus_Infectoria_sub
89721.5,1453.7859200239182,0.6440513107600134,0.5334644371528182,0.9371957716073998,0.8837560586523152,337.9895883203444,2.2627807576808276,0.8962228736504888,0.008682422830551402,779,5,5,0.22103737942627458,0.022689065891968174,9.051990068083645e-05,7.182176432426303e-06,1.7402417649722472e-11,-2.2932933455110692e-07,1.8229984733657204e-10,Quercus_Infectoria_sub_07.ab.jpg,Quercus_Infectoria_sub
94792.0,1454.7981125116348,0.6571369150734341,0.5628285154490871,0.9531192655842309,0.9161328092567455,347.40886995661975,2.530453659550511,0.9137032305739531,0.006572284580907964,623,1,3,0.22798315598345242,0.026085658909793336,0.00012627179022563,2.0601513411262937e-05,8.800891567557969e-10,2.1473912607173734e-06,5.740480269361248e-10,Quercus_Infectoria_sub_08.ab.jpg,Quercus_Infectoria_sub
93875.0,1483.2245186567307,0.6427901371469855,0.5362237209567841,0.946163188573008,0.9109739875328074,345.7244021789804,2.607886860497256,0.9204987668995074,0.007691078561835515,722,2,4,0.23905642016625067,0.030971754215876068,0.00021861324221527067,2.2765292802148348e-05,2.4357750149987013e-10,-9.120228800406951e-07,-1.587430728517682e-09,Quercus_Infectoria_sub_09.ab.jpg,Quercus_Infectoria_sub
97757.5,1420.6976088285446,0.7089784965680894,0.6086346194730072,0.94258165601116,0.9068515543386036,352.801239785871,2.1868934527874653,0.8778827383447647,0.006679794389108971,653,7,4,0.20555845764185068,0.016474269186028682,2.6245892788358694e-05,2.209092329215261e-06,2.948926539529699e-12,2.108958420955591e-09,-1.6560478189394217e-11,Quercus_Infectoria_sub_10.ab.jpg,Quercus_Infectoria_sub
142492.5,1847.089524269104,0.7007460264345112,0.5248388554287478,0.9261359574089827,0.8857080183883493,425.9425851311127,2.626301817416397,0.9229691922828361,0.00898994683924424,1281,17,10,0.23775214199963995,0.030346355425677443,1.632219946437647e-05,3.2216742623578405e-06,2.3013401270183262e-11,4.766752266127061e-07,-4.021297687889824e-12,Quercus_Infectoria_sub_11.ab.jpg,Quercus_Infectoria_sub
134194.0,1750.9301447868347,0.6378405612457086,0.5500539943964549,0.9406363247587627,0.9148282916750685,413.3534897230099,2.5485505696569786,0.9154061365462082,0.005655990580758782,759,6,4,0.23526157930433367,0.028602147677195416,0.0005220754124991474,3.7352580869546864e-05,-4.962431796546459e-09,-6.110552950466486e-06,-1.6069145980321311e-09,Quercus_Infectoria_sub_12.ab.jpg,Quercus_Infectoria_sub
81466.0,1433.0579993724823,0.6600499092505506,0.49849260661221123,0.9159349246043429,0.8851450913277691,322.0647958895768,2.4636002307485034,0.9248068899061604,0.009488621019695474,773,9,6,0.23901412700291128,0.029987433078212156,0.0004645734260752119,0.00012166525495718916,2.8036080955276835e-08,1.8491700127446503e-05,-7.116735999728996e-09,Quercus_Infectoria_sub_13.ab.jpg,Quercus_Infectoria_sub
113562.0,1542.479353070259,0.6775128865938961,0.5997968458152255,0.9369067606009686,0.8996936507119492,380.2520600591331,1.9118357289136603,0.8841134337538685,0.008083689966643035,918,7,7,0.20833807701907953,0.017132461257783435,0.00024616273652965917,5.815175732491756e-05,6.86124953621543e-09,7.331609031312581e-06,1.1534958951512303e-09,Quercus_Infectoria_sub_14.ab.jpg,Quercus_Infectoria_sub
108528.5,1563.2905362844467,0.6647953151854212,0.5580514834984164,0.9307761577964772,0.8544301085984634,371.7294418401509,1.9678476660457425,0.8434859741607426,0.009960517283386755,1081,12,8,0.19267634266095174,0.011206211341895403,3.7430085281414504e-05,5.341394792011204e-06,6.748088846465558e-11,3.9932396092451854e-07,-3.3917543705200147e-11,Quercus_Infectoria_sub_15.ab.jpg,Quercus_Infectoria_sub
129104.0,1792.2783433198929,0.6515073525668316,0.5050549686009413,0.9182491927273627,0.8421840803017678,405.4384271174705,2.191827493975975,0.88274718091621,0.009085698351646071,1173,15,8,0.20980454765462808,0.01795446059366463,1.4089741135186397e-07,3.3845550158031956e-09,6.678863432286994e-17,-4.4130646946854265e-10,-3.1654120139984863e-17,Quercus_Infectoria_sub_16.ab.jpg,Quercus_Infectoria_sub
140549.5,1957.6580654382706,0.6600427350396354,0.4608562620364509,0.9090406369392674,0.8802192583711831,423.02858224091045,2.863970588235294,0.9380116898866179,0.008922123522254279,1254,18,8,0.26351277128603895,0.04286059368532984,0.00034931419588493683,0.0001422477523356881,3.1672844842278656e-08,2.933863769880259e-05,-1.504117035052866e-09,quercus_kewensis_01.ab.jpg,Quercus_Kewensis
142180.5,2211.741325378418,0.6199821218304628,0.36524244045513987,0.8702175842282326,0.7504454494004639,425.4760100055205,2.315292681029561,0.9127069478858418,0.010936802163370245,1555,23,9,0.2376883784601379,0.02826244297122384,0.0007659841399483851,0.00024759662947154183,1.0767002064443535e-07,4.105710495650382e-05,5.813743610132988e-09,quercus_kewensis_02.ab.jpg,Quercus_Kewensis
140586.0,1968.6458727121353,0.6027835422822183,0.45584451880834587,0.8970377578146275,0.8885324816364171,423.08350787538103,2.73929103096885,0.9308296352933696,0.007546981918487281,1061,14,7,0.26021156878732066,0.04012594235278154,0.0010152935477187605,0.0003654761637944049,2.197422278696994e-07,6.638671179648316e-05,3.5743992737550514e-08,quercus_kewensis_03.ab.jpg,Quercus_Kewensis
139773.5,1778.4621042013168,0.6920850663463454,0.5553227595179638,0.941156468304411,0.8804716100292991,421.8591560059355,2.283488712003002,0.8968689333013542,0.008656862709965359,1210,20,8,0.21587875453144512,0.020880920831126828,4.0743046866488296e-05,2.6973396139884273e-06,-2.3510375066256328e-11,-3.3664121416730604e-07,1.571112512186883e-11,quercus_kewensis_04.ab.jpg,Quercus_Kewensis
140795.5,1968.97177195549,0.5908875347258626,0.4563727013993852,0.8920621042004159,0.8872331879145513,423.39862815172137,2.757163405393868,0.9286478773309679,0.009801449620124213,1380,21,8,0.24212210563910738,0.032242149233163084,0.00013094009819804685,7.018659583574636e-05,6.719807109637388e-09,1.2233722936892243e-05,3.417128033564237e-10,quercus_kewensis_05.ab.jpg,Quercus_Kewensis
140586.5,1900.2854803800583,0.5957004601630677,0.4892330443347483,0.8930095915588324,0.8917628379266546,423.0842602318242,2.466026334308458,0.9091892475355898,0.008891323135515206,1250,14,8,0.23010693482854763,0.025966714358132678,0.00026994547379323913,8.065679147265332e-05,1.1836943423765824e-08,1.2948422754593255e-05,1.2373343530134095e-09,quercus_kewensis_06.ab.jpg,Quercus_Kewensis
140794.0,1998.219467163086,0.59342150738608,0.44310600967543806,0.8865869669884254,0.8833572013589108,423.3963727542343,2.795329170869889,0.930281140272989,0.008906629543809347,1254,23,9,0.2552180606369883,0.038292879585878556,0.00019514049510315512,6.853611192205955e-05,7.923115291005297e-09,1.3401656276409153e-05,2.130281768430354e-10,quercus_kewensis_07.ab.jpg,Quercus_Kewensis
140264.0,1874.5037370920181,0.6433980871968835,0.5016299550116651,0.9170698538005265,0.8828636244541004,422.5987121404097,2.5081585972400986,0.9032041443539598,0.007507272001315324,1053,10,6,0.22115053502579618,0.0227362351265657,0.00013228935667619163,2.42492266326891e-05,1.1700808077278658e-09,1.8732350346556754e-06,-7.191973693531108e-10,quercus_kewensis_08.ab.jpg,Quercus_Kewensis
140105.5,1849.7758166790009,0.5939895366953517,0.5145491364750768,0.9229550529909357,0.9084067823730266,422.3598738456251,2.4594770136132906,0.9064633829448268,0.00714461602144709,1001,9,5,0.22898957546754722,0.025652226747180228,0.0004017521619127425,0.00011333827221297702,2.4075761227122107e-08,1.7885013804602534e-05,2.294840471299253e-09,quercus_kewensis_09.ab.jpg,Quercus_Kewensis
140666.5,1932.2022210359573,0.6105316840251279,0.47347318915476616,0.9126365712446952,0.8823668004704491,423.2046200356144,2.6366785283388334,0.9235355205781574,0.009710911979684494,1366,17,8,0.25557910022251473,0.03804021739613673,0.0009212754065506733,0.00035376848519894885,2.0186946106362257e-07,6.86599894524596e-05,6.1710516867047105e-09,quercus_kewensis_10.ab.jpg,Quercus_Kewensis
140218.0,1905.3077774047852,0.6554754625573562,0.4853816479123351,0.9103793950785417,0.8454931694285339,422.52941019966295,2.3464402589227698,0.9074150227379918,0.009585074669374936,1344,16,8,0.2249756063318323,0.024178471040528334,0.00025479417341841274,7.618179714222592e-05,1.0547189776139409e-08,1.1642146447983136e-05,1.1873854255399138e-09,quercus_kewensis_11.ab.jpg,Quercus_Kewensis
139522.5,1760.663118839264,0.6514567866617572,0.5655898140037107,0.9253719959215558,0.8691659532442748,421.48020639208164,1.9930755883304767,0.8533337506428578,0.006952283681793601,970,16,7,0.20176643770443697,0.013878934428210305,0.00041692909386436595,8.530633428427443e-05,1.604745010438929e-08,9.892915019235028e-06,1.1420322776214325e-09,quercus_kewensis_12.ab.jpg,Quercus_Kewensis
141596.0,2097.1555384397507,0.5977541371133158,0.4045754870008733,0.8625802599945016,0.8127870050067997,424.6005494300733,2.4868302697461426,0.9158726771917003,0.010063843611330376,1425,22,9,0.247575519952598,0.03280911751589845,0.0004815505260738608,0.00015968310273505753,4.4261488616244684e-08,2.8771807456362823e-05,1.2864448378657268e-09,quercus_kewensis_13.ab.jpg,Quercus_Kewensis
142055.5,2206.770763158798,0.5932822418952837,0.3665670918922317,0.8650053280507535,0.815331811017767,425.2889372498724,2.8517521609971497,0.9358076593681393,0.010890109851354645,1547,21,10,0.27533802513023525,0.04716980864298416,0.0011257493518163927,0.00043419971705805564,2.996962717120638e-07,8.880770873281018e-05,4.832517031414207e-08,quercus_kewensis_14.ab.jpg,Quercus_Kewensis
140705.0,1952.503736257553,0.6438379983589173,0.4638052361585884,0.8991338076938125,0.8612855734417637,423.2625309922449,2.600508700075377,0.915900128985229,0.010710351444435447,1507,22,10,0.23527443050542918,0.02891762452584382,0.00015935239414061576,4.8318756450041854e-05,4.238567959634304e-09,8.205002880412257e-06,-1.0521693773595878e-10,quercus_kewensis_15.ab.jpg,Quercus_Kewensis
139820.5,1791.83469247818,0.6234833249324503,0.5472488190776117,0.917165468988431,0.893934856299734,421.9300768665856,2.264316271242421,0.8811001496836784,0.007173483144408913,1003,5,5,0.21659941123829093,0.019832907404247875,0.0006141387403318663,0.00018196379884366452,6.081380187215791e-08,2.55681180509508e-05,1.3600763102388083e-09,quercus_kewensis_16.ab.jpg,Quercus_Kewensis
272802.0,3008.3170090913773,0.5110776390175109,0.37880021386576634,0.8608212452127871,0.9018876874808764,589.3575267041576,2.9745360125935507,0.9457158669443942,0.00540685185590499,1475,4,3,0.316375250195733,0.06669690015301952,0.0030046334213186506,0.0009798228184639624,1.668576500628927e-06,0.0002152763292750189,2.0556221992653244e-07,Quercus_Nigra_01.ab.jpg,Quercus_Nigra
256967.5,3489.09369969368,0.3872138474329339,0.26525452309536696,0.7016761805400813,0.8602775519481483,571.9975373301295,3.2155630781705886,0.9524222919310943,0.007654664500344772,1967,16,6,0.41092649540116477,0.13094927306111126,0.003201902227300382,0.001695742440757458,3.919108571328998e-06,0.0005993321262619125,5.036243307693921e-07,Quercus_Nigra_02.ab.jpg,Quercus_Nigra
278493.5,2777.010438799858,0.48444183518071854,0.45380565425819164,0.8432080804507613,0.8938021046819704,595.4737081951663,1.931799557800791,0.861672060156966,0.005088090027217554,1417,6,4,0.21724227578209016,0.015888859511116106,0.0003208558738710061,8.216218862510691e-05,1.3012136826727838e-08,8.808880297309273e-06,2.9403687718260276e-09,Quercus_Nigra_03.ab.jpg,Quercus_Nigra
346751.0,3271.277466416359,0.5165842815804281,0.40718598546760415,0.870140526973977,0.870222763110512,664.4524703667392,2.3321301328739112,0.9162767618546286,0.005257374888593667,1823,7,5,0.2687571436702157,0.0394438248431581,0.003707358309445366,0.00130089442965252,2.851596200546146e-06,0.00025505579602717133,-1.7403694597232587e-07,Quercus_Nigra_04.ab.jpg,Quercus_Nigra
155162.5,2331.800200343132,0.4766384566929005,0.3586030358381283,0.8294022530724998,0.8648702344660074,444.47613081015913,2.6160732517025163,0.933986849705303,0.007817610569513782,1213,7,4,0.2969953474728368,0.05609671614966786,0.0013027068257862656,0.0005890819959638343,5.113116663204806e-07,0.00013685023314372182,-6.97286107417964e-08,Quercus_Nigra_05.ab.jpg,Quercus_Nigra
197904.0,2463.772849559784,0.4888063387922879,0.4096973040037563,0.8367361607277355,0.8461558781380382,501.9752970627814,1.9693414922796693,0.8775561449107243,0.006887177621438236,1363,8,4,0.23705358077000538,0.023973576601663407,0.00012531640431607177,7.669360568841675e-06,2.1816053034382988e-10,7.718668848259993e-07,9.453474058076658e-11,Quercus_Nigra_06.ab.jpg,Quercus_Nigra
215483.5,2543.932230949402,0.5181162208028937,0.4184203606824627,0.8642883213839928,0.8586564937810246,523.795870008479,2.1783363896011685,0.9007662353011012,0.006320669563997612,1362,7,4,0.2525588190426717,0.031952598657689076,0.0015456662366558317,0.0004030117478567305,3.1804942567114804e-07,7.020734621438709e-05,4.306244359930383e-09,Quercus_Nigra_07.ab.jpg,Quercus_Nigra
251737.0,2498.3514981269836,0.6111159663034712,0.5068154388875618,0.9401766540272257,0.9010408858715705,566.1461854265166,2.4783989063280267,0.9163049962116091,0.005164119696329248,1300,4,4,0.25209846244733347,0.03560239860709236,0.0009532859630886632,0.00031526120446019525,1.7279883330775604e-07,5.91343064525661e-05,3.2455233887507986e-09,Quercus_Nigra_08.ab.jpg,Quercus_Nigra
241335.5,2802.5352652072906,0.5418618174947756,0.38612587209325144,0.8903052895800527,0.875050315551728,554.3265302585046,2.7361313559315517,0.937771630396988,0.006053813052758281,1461,4,4,0.2968548558230682,0.056795016042608996,0.003829881722758344,0.0015575660516556984,3.8022878115945027e-06,0.0003688688412348528,-1.2033976104302087e-07,Quercus_Nigra_09.ab.jpg,Quercus_Nigra
356592.5,3052.324145793915,0.5726158302854105,0.4809730739923995,0.9073635141077959,0.904985397767186,673.8157554969856,2.5031943270286297,0.9198125184749492,0.004500935942274442,1605,4,4,0.25884634205190077,0.03872210050068305,0.00045574655521001597,0.00011937109605342851,2.7781546237553525e-08,2.341833131417018e-05,-1.843501104514174e-09,Quercus_Nigra_10.ab.jpg,Quercus_Nigra
321502.0,3018.0226361751556,0.5816345729389067,0.443556101110755,0.9032934182183082,0.9227403708362768,639.8039231760339,2.9708972453017766,0.94961725094693,0.004469645600946589,1437,5,4,0.2987526736887746,0.05925259942013853,0.002139369365429548,0.0002166841978690217,-3.509495300481337e-08,-2.5470681523020434e-05,1.4329614949179e-07,Quercus_Nigra_11.ab.jpg,Quercus_Nigra
225872.0,2787.037789583206,0.5045986948943996,0.3654151479288556,0.8536582600414461,0.8802903777604835,536.2734027046472,2.7612010328433403,0.9435748988660957,0.006317737479606513,1427,6,4,0.3108779101998097,0.06496840106252527,0.0007024905338225698,4.2402250444021355e-05,-7.069731100615753e-09,-1.0785553962768751e-05,1.8907106437911606e-09,Quercus_Nigra_12.ab.jpg,Quercus_Nigra
331568.5,2874.535264134407,0.615534058082872,0.5042522525222338,0.9376446650813302,0.918706488468147,649.7431230790526,2.5727086736252884,0.9359763148049605,0.004427441086820891,1468,4,4,0.26544696633213405,0.041342618171698736,0.0025393945823240396,0.0008729875372760733,1.2802318630667692e-06,0.00016513645725054626,2.2470268842216279e-07,Quercus_Nigra_13.ab.jpg,Quercus_Nigra
358863.0,3183.4784759283066,0.5313340242811203,0.44497407782446025,0.8920915351922964,0.875684041421893,675.9575154862135,2.2057096951357793,0.9040200722752159,0.004868153027743545,1747,6,4,0.25142011583076257,0.032567697783232714,0.001724842043577358,0.000537576094749277,5.167609547323577e-07,9.54562357588144e-05,-3.029232434990402e-08,Quercus_Nigra_14.ab.jpg,Quercus_Nigra
254675.5,2936.383021235466,0.5238512012495395,0.3711689369388133,0.8166000262901354,0.8861612717408501,569.4408816332034,2.960134144345462,0.9434840206238982,0.006243238945221495,1590,7,5,0.32025331832923576,0.07170937977690939,0.0018277607641239526,0.0009246393425668449,1.1994496304743702e-06,0.00024714447073054735,-7.884249909097361e-08,Quercus_Nigra_15.ab.jpg,Quercus_Nigra
287566.5,3132.039878487587,0.497569825344935,0.36837791844953477,0.8335502478308544,0.8839406854624936,605.0958928476413,2.8692049932706687,0.9429810805274574,0.005856036777559778,1684,7,5,0.3212328705283153,0.07233718537618608,0.001000159528675964,0.0005720249205551527,4.320130065051171e-07,0.00015360388569221677,-2.3839707862815252e-08,Quercus_Nigra_16.ab.jpg,Quercus_Nigra
219642.5,5022.661371231079,0.25801561420707503,0.10941035934474283,0.4443258770745218,0.5484434690196383,528.826546898407,1.1133328597693744,0.38711340660874555,0.01415481976387013,3109,39,15,0.30176520609084684,0.0003626284873956375,0.006433093660563971,0.00018311317025262015,1.500101916100101e-07,5.436182970782355e-07,1.303658774368657e-07,Quercus_Palustris_01.ab.jpg,Quercus_Palustris
166860.5,4166.563827514648,0.28742489699125046,0.12078342104590566,0.4799717529142966,0.5409839760611269,460.9266612534814,1.0752703740901992,0.46454025248352854,0.01576766220875661,2631,35,16,0.27868500430459875,0.00041833134768607554,0.0034873608666773316,0.00022828390432795526,1.8715604687898122e-07,4.623332807521743e-06,-8.037810315468751e-08,Quercus_Palustris_02.ab.jpg,Quercus_Palustris
196141.5,4358.872482776642,0.2963704193935795,0.1297271951148373,0.5069985111187615,0.5484662802399168,499.73504396196984,1.0829590513666432,0.2901475660536632,0.014922900049123092,2927,51,19,0.2636721386062417,0.0003185731784139573,0.0029198136133852365,0.0003494801299493651,2.9395985079749513e-07,8.005926565156508e-08,-1.9549323778639296e-07,Quercus_Palustris_03.ab.jpg,Quercus_Palustris
224068.0,4987.28164088726,0.2751035622462816,0.11320403660869745,0.5026527073306638,0.5204745157834166,534.127548727566,1.0675455547795922,0.33509334250230954,0.014281378867065883,3200,47,16,0.2704784221250812,0.00024856721952380944,0.004579973928784241,0.0005994113330974383,8.61041248512829e-07,7.793224642559015e-06,-4.94947903740718e-07,Quercus_Palustris_04.ab.jpg,Quercus_Palustris
209249.5,4954.935534000397,0.3700256410249867,0.10710217143022545,0.5076979814547063,0.48510285580682766,516.1634800293997,1.168114394136569,0.35932297991534445,0.015784983954485982,3303,64,23,0.2382040510381669,0.00032563624289936,0.0014120560380622416,7.820766631666857e-05,1.1802251274120023e-09,-1.3287048065555625e-06,2.5962809939310845e-08,Quercus_Palustris_05.ab.jpg,Quercus_Palustris
149052.5,4586.411586523056,0.2632134279856904,0.08904367521128233,0.44864588271455963,0.47987656321727884,435.6369328255329,1.0066608825559034,0.3439309288269229,0.01867127354443118,2783,51,19,0.2874640424414058,0.00021498470134833934,0.0018776954533420436,0.00032645461552833176,2.0102825773142917e-07,-4.776114351767343e-06,1.5784413801881521e-07,Quercus_Palustris_06.ab.jpg,Quercus_Palustris
193158.0,4498.369955539703,0.2960888459676775,0.11995330663771625,0.5069597454138461,0.5395084133883395,495.91975558748874,1.1339124576278288,0.4906593133914539,0.014713343480390596,2842,36,14,0.2785199548607096,0.0009389909537998397,0.008837291002539566,0.000331321080547151,5.163272720457712e-07,5.032933670699091e-07,2.3413951561695401e-07,Quercus_Palustris_07.ab.jpg,Quercus_Palustris
128157.5,3378.5495414733887,0.27881661619265435,0.14108904952302959,0.4766513990918429,0.5825761776898717,403.949498024687,1.0125655668358715,0.2242770791456067,0.016924487446954534,2169,32,14,0.27027093649937306,0.0016368411531628652,0.0007805761272031461,0.00022137041220633285,7.431352179325944e-08,8.831772245462053e-06,-5.4271232330738524e-08,Quercus_Palustris_08.ab.jpg,Quercus_Palustris
209701.5,4603.416636705399,0.27552496524721454,0.1243514446903225,0.46860827466356064,0.5648872292734631,516.7206618573334,1.0121362812966381,0.5446915508600529,0.013767188122098472,2887,44,15,0.29701519832977635,0.0016709701569920098,0.003989582510380228,0.0003120796127870602,2.0564822343754848e-07,-1.2075073833464023e-05,-2.8101691514517265e-07,Quercus_Palustris_09.ab.jpg,Quercus_Palustris
134853.5,3241.922124505043,0.2537625890070044,0.16123782461644884,0.46430840157601044,0.645536268372446,414.3679632234414,1.029952797806178,0.4173652871544288,0.01536482182505189,2072,37,13,0.28527753621561097,0.0018902343635936833,0.001482300532014031,0.00010938972077391387,-1.7938782139710676e-08,1.8154864278065969e-06,4.0230415660294165e-08,Quercus_Palustris_10.ab.jpg,Quercus_Palustris
170967.0,4098.438936710358,0.31221374882155417,0.1279043212614374,0.49507722957920425,0.5400630254488806,466.56397765444405,1.068401644514769,0.3159844073664121,0.01478063018000678,2527,24,12,0.27215056631948975,0.0001444595460116068,0.0016828171486491263,0.00023148297997618666,1.403568929378663e-07,2.515725986275275e-06,3.4254739306143566e-08,Quercus_Palustris_11.ab.jpg,Quercus_Palustris
140313.5,3989.7110098600388,0.2711686379091853,0.11077109363273079,0.45933192131396444,0.5318237154073053,422.67327436235814,1.02006197058847,0.48923717668841965,0.01769608768922665,2483,45,17,0.2790690618985011,0.00030188022676188534,0.0017723342195582227,0.00028134690603514234,4.8930054999400026e-08,1.436696526686211e-06,-1.9255206442172212e-07,Quercus_Palustris_12.ab.jpg,Quercus_Palustris
198664.5,4270.303938508034,0.2742462058356075,0.13690287186365693,0.4720054550475903,0.5796760749996492,502.93886063321725,1.1146871486925252,0.39949771404079293,0.013600819471955981,2702,36,13,0.27884533069101747,0.0006394880476289836,0.00101796114310797,0.00016271818381798284,5.765682014285999e-08,-9.872078706749614e-07,-3.2579082098403884e-08,Quercus_Palustris_13.ab.jpg,Quercus_Palustris
230888.0,5989.50111079216,0.2635027949407305,0.08087791117361562,0.42184384023835353,0.4791996250507275,542.1952895450239,1.0155669388716122,0.42369127906699744,0.015635286372545843,3610,51,18,0.3076874722030488,0.0005025779416686043,0.005993363745381754,0.00034840808570728055,3.3696504657981153e-07,-7.344182726196466e-06,3.7407173498736577e-07,Quercus_Palustris_14.ab.jpg,Quercus_Palustris
170521.0,4567.021755099297,0.23854095264707484,0.10273574488050338,0.413054799928268,0.5425501617779998,465.95501972592234,1.0077448555516295,0.17511494454915133,0.016238469162060752,2769,36,15,0.3294523590417031,0.0035138900580834994,0.009527301025036954,0.0010604145033607393,3.310846106724486e-06,6.058349493126908e-05,6.314925508805652e-07,Quercus_Palustris_15.ab.jpg,Quercus_Palustris
189755.5,4818.033948898315,0.26135177273279764,0.10272225036587268,0.4234044974397357,0.5308183987826589,491.5325080103992,1.0555034832066326,0.33260238144750676,0.015614830663587539,2963,48,17,0.31031346951291566,0.0008220864008646067,0.003499891864077304,0.00037306295319170033,1.5240062560113323e-07,-2.907675960153388e-06,3.9811220180237753e-07,Quercus_Palustris_16.ab.jpg,Quercus_Palustris
140542.5,2069.643786072731,0.7261489576030062,0.4123123380557151,0.9832856997863781,0.9528591280126779,423.01804774257755,4.676623169433111,0.9758433098428062,0.006353949872769063,893,0,2,0.3827149852847954,0.1210012299715022,3.1727887570454785e-05,9.482376393119575e-06,1.4459145177354907e-10,1.7805685993569042e-06,7.838939874875857e-11,quercus_phellos_01.ab.jpg,Quercus_Phellos
140274.5,2066.2123254537582,0.7107112457658091,0.4128941194777012,0.9779485838711777,0.9502412826270986,422.6145294685839,4.494764526280306,0.9711139806749886,0.006558569091270626,920,0,2,0.3608407833585402,0.10419082330672287,0.0006188785780477147,0.0002031615283772041,6.595577272727476e-08,4.158374447017836e-05,-2.897219355635731e-08,quercus_phellos_02.ab.jpg,Quercus_Phellos
140720.5,2125.0407534837723,0.6609761481993209,0.39159100477168013,0.9714006633764102,0.9489376815604731,423.28584355598815,4.576169448091797,0.9719388623650147,0.006722545755545762,946,0,2,0.36417442916404036,0.10677869494033987,0.00015399161281499457,3.323124277807677e-05,1.6598574896516094e-09,2.831790886886241e-06,1.701770514503276e-09,quercus_phellos_03.ab.jpg,Quercus_Phellos
140141.5,1980.7564834356308,0.7247473702681715,0.4488636672743563,0.9788741740288973,0.9498235143274172,422.4141328820602,4.134166948172994,0.9702960236143893,0.006250825058913663,876,0,2,0.35068826434584643,0.09748536658663252,2.6698521729021443e-05,2.6239226129632525e-06,-2.0374083034897204e-11,-7.810935770728661e-07,8.198921046167893e-12,quercus_phellos_04.ab.jpg,Quercus_Phellos
140159.5,2003.1828892230988,0.690617793717156,0.4389258913754827,0.9820868017532576,0.9471262532247642,422.44125978685844,4.139497643010398,0.9686945103946168,0.0063356390397630155,888,0,2,0.34408521501234673,0.09278805920045981,3.671237620244209e-05,1.675750689054872e-05,4.1118217084747225e-10,4.517164090932133e-06,-6.073084631145939e-11,quercus_phellos_05.ab.jpg,Quercus_Phellos
140577.5,2068.2123272418976,0.6778412652457793,0.41298610025746574,0.9779780580551541,0.9477831950136544,423.0707176111428,4.184684684684685,0.9723003542914412,0.006515978730547093,916,0,2,0.3541105208456566,0.09956712359558431,0.0004244198424524858,0.0002924257229714979,1.030023439866683e-07,9.141368329640825e-05,-1.9027780453984407e-09,quercus_phellos_06.ab.jpg,Quercus_Phellos
140070.0,2056.8569880723953,0.7291666666628708,0.4160512197755369,0.9819275419144893,0.94932428237633,422.306361580138,4.539862925743979,0.9735247615829661,0.006511030199139637,912,0,2,0.3708800867463902,0.11199766458732212,0.00011438161500126339,2.249019914671696e-05,6.877406215407471e-10,1.524216902576399e-06,9.100489474679611e-10,quercus_phellos_07.ab.jpg,Quercus_Phellos
140224.0,2030.1706957817078,0.6948730909092514,0.42753050336028225,0.9792794239793053,0.9487928899345639,422.5384502278384,4.487780401154987,0.9724237730215982,0.006931766316700908,972,3,3,0.3683489483099039,0.10998547735372573,0.0002148824734224851,2.0865944044060987e-05,-1.39132507617063e-09,-6.906224731674969e-06,1.2795773869674402e-10,quercus_phellos_08.ab.jpg,Quercus_Phellos
140144.5,2032.2123262882233,0.6837651248990839,0.4264300094713568,0.9856593767843268,0.949374041749976,422.4186541538347,4.231006968748347,0.9712191948266063,0.006464756019633558,906,0,2,0.35098237568073043,0.09742252345199781,0.0005315999933548171,0.0003137288525638777,1.2779405736427328e-07,9.293862855170935e-05,9.163022795373987e-09,quercus_phellos_09.ab.jpg,Quercus_Phellos
139908.5,1961.3838988542557,0.7154542014363675,0.4570132091878625,0.9814834301359437,0.9522621192101233,422.0628328158966,4.1333637392098606,0.9674845175605926,0.006168317150093323,863,0,2,0.337606084223418,0.08840862484112094,0.00011102914925831729,2.6013748762256946e-05,1.0712316735194163e-09,2.8805624958739123e-06,-8.983364823203974e-10,quercus_phellos_10.ab.jpg,Quercus_Phellos
139975.5,2001.241763830185,0.7061017872510879,0.43920044994021856,0.9841350750816684,0.9520119528570757,422.16388037594686,4.28880658958038,0.969875830479299,0.006351111444457415,889,0,2,0.3520156329609408,0.09839068262740731,4.5540972549347514e-05,6.153362683825057e-06,6.805992842940458e-12,-5.167927030201011e-07,1.0278266383723118e-10,quercus_phellos_11.ab.jpg,Quercus_Phellos
140426.0,2054.655977010727,0.699593971848551,0.41800276790901053,0.9766183547933303,0.9502547857307867,422.8426850602715,4.490478743699405,0.9744279816575765,0.006494523806086518,912,0,2,0.37491744042818165,0.11501226094832424,4.99428030182156e-05,1.772429612373238e-05,4.928591552241147e-10,4.145222691882691e-06,1.8755359895605774e-10,quercus_phellos_12.ab.jpg,Quercus_Phellos
139845.0,1965.2833943367004,0.6816553337687034,0.4549948050749503,0.9830655025448629,0.9465490496582537,421.9670415251514,3.7965844846827483,0.9641186017358919,0.006149665701268191,860,0,2,0.31910541128901837,0.07595639558754075,0.0005203177334312893,0.0003301187900332761,1.3679992894178114e-07,9.044885620115587e-05,2.1535910406516184e-09,quercus_phellos_13.ab.jpg,Quercus_Phellos
140090.0,1949.1412580013275,0.7214625981680367,0.46337262223022185,0.9786648409924364,0.9488119944281731,422.33651016925944,4.016251164607568,0.968261157505116,0.005817688628697139,815,0,2,0.3421809463059922,0.09155976626211182,8.85014582913935e-05,3.518221973788872e-05,1.8963261991400653e-09,8.560806722388679e-06,5.079583922798326e-10,quercus_phellos_14.ab.jpg,Quercus_Phellos
140516.5,2035.099629163742,0.7111698762521893,0.4263495780627495,0.9802405318420062,0.9516826085011351,422.97891730886363,4.403733713969562,0.9726746904800483,0.0064476413801479,906,0,2,0.36437861571963936,0.1073139636488482,8.949334360027267e-05,5.0735321532294294e-05,3.4067777038711943e-09,1.5702998227299448e-05,-2.8526374534463936e-10,quercus_phellos_15.ab.jpg,Quercus_Phellos
139635.0,1916.9991244077682,0.7333771008364843,0.47748565022355005,0.9846799358215561,0.9516056616579259,421.65009644146227,3.8071748615042322,0.9653623924075524,0.005901099294547204,824,0,2,0.32518949129695984,0.080112969397608,0.00035732788688489604,0.00021516751558746454,5.963481353223554e-08,6.023632577320537e-05,1.8041144284409204e-09,quercus_phellos_16.ab.jpg,Quercus_Phellos
89903.5,1336.1290664672852,0.7006741485410282,0.632833760281134,0.9829332691811257,0.9326275980104691,338.3322204728626,2.3365610669716115,0.8969141348475809,0.006773929824681198,609,8,4,0.2152827184210882,0.020602600220711552,0.00014750140612119198,2.9889227946821315e-05,1.8416140791920656e-09,3.1881584917392587e-06,-7.396234509031475e-10,Quercus_Phillyraeoides_01.ab.jpg,Quercus_Phillyraeoides
61794.0,1116.9503543376923,0.7317402425074396,0.6224270123396338,0.9842865220731869,0.9383953418466423,280.4969953981052,2.6110768621912595,0.9132885233323856,0.007379357219028071,456,4,3,0.23082064307982064,0.02771115315093552,9.308000594994499e-05,1.0232372153514087e-05,8.254422065980956e-11,-1.3362760216874106e-07,-3.048067693582755e-10,Quercus_Phillyraeoides_02.ab.jpg,Quercus_Phillyraeoides
83986.0,1306.087436914444,0.7069528619469112,0.6186888048257743,0.98232112048911,0.9321928036154284,327.00809837697807,2.461187214611872,0.9052855168586738,0.007560783940090483,635,11,5,0.2209996452046937,0.023189319731897255,9.283706156343127e-05,1.6832656666780587e-05,5.710150648318792e-10,1.4855040915684319e-06,-3.4163286332991886e-10,Quercus_Phillyraeoides_03.ab.jpg,Quercus_Phillyraeoides
76848.5,1216.7320977449417,0.7230282160497237,0.6523119414527343,0.9859070907028378,0.9360065425846487,312.8043304584835,2.349056603773585,0.8998794634940637,0.006337143860890751,487,4,3,0.21683137909359815,0.02154806877963289,3.265135261747459e-05,4.016278658933251e-06,2.672979731229318e-11,1.3869957236319044e-07,3.7427549271008196e-11,Quercus_Phillyraeoides_04.ab.jpg,Quercus_Phillyraeoides
80356.0,1228.146311879158,0.7401716959513267,0.6694651241892244,0.9852257819180096,0.9385401689108324,319.86315332769846,2.2903225806451615,0.8933259075739274,0.006035641395713629,485,4,3,0.2128296819110401,0.01984281966983622,2.997737405220619e-05,2.6325158812628696e-06,1.948083509583145e-12,-8.728690018069633e-08,2.330457652886768e-11,Quercus_Phillyraeoides_05.ab.jpg,Quercus_Phillyraeoides
71922.0,1214.8914787769318,0.7163545816661718,0.6123456652543608,0.9790834280446908,0.9302792795887886,302.6118545867666,2.5175879396984926,0.9107618460074725,0.007438614054010754,535,12,5,0.2264275266593277,0.025808626911735785,1.3597551559583329e-05,5.1073757376427404e-06,4.255999435481132e-11,8.204629216066899e-07,4.613007441056742e-13,Quercus_Phillyraeoides_06.ab.jpg,Quercus_Phillyraeoides
82680.0,1306.288446545601,0.6991374936521297,0.6088806330547364,0.9809923827035312,0.929773954000269,324.4556141580898,2.5050579062056126,0.9103688721138979,0.0062288340589474024,515,8,4,0.22639299890923711,0.025733153812217694,1.719322492422912e-05,5.756624016755296e-06,5.707287191635863e-11,8.964522544951013e-07,-4.75287712632953e-12,Quercus_Phillyraeoides_07.ab.jpg,Quercus_Phillyraeoides
72965.0,1183.8031656742096,0.6982296650650888,0.6542827295506604,0.9844835728127306,0.9340995168088836,304.7981682714008,2.274325597152621,0.8888679168699503,0.006318097717997423,461,0,2,0.21167483275643234,0.019174206594619457,0.00010702457634998615,2.0174971309053777e-05,8.670891355833705e-10,2.105595284221822e-06,-3.564010164221869e-10,Quercus_Phillyraeoides_08.ab.jpg,Quercus_Phillyraeoides
65941.0,1168.2051857709885,0.690944716871087,0.6071935274430917,0.9802365078157553,0.9311032462473727,289.75625760176666,2.562857490263532,0.9134811836615688,0.008098148344609604,534,4,3,0.23017938375517066,0.02753802088019112,4.9618972396688085e-06,1.9319763321365354e-06,5.980852055317368e-12,3.2047777116123106e-07,1.023040853365277e-13,Quercus_Phillyraeoides_09.ab.jpg,Quercus_Phillyraeoides
83727.0,1243.3178853988647,0.7416228951987952,0.6806299133186224,0.9860617944661019,0.9398944242295613,326.50348751895586,2.1738008855139994,0.8800301436328509,0.006521193880032473,546,1,3,0.2092769531669067,0.018278992693676194,2.5044760398421718e-05,3.586141114134521e-06,2.4543033994538036e-11,1.951788244820137e-07,2.3509248239056732e-11,Quercus_Phillyraeoides_10.ab.jpg,Quercus_Phillyraeoides
72387.0,1227.8620406389236,0.7236167341358164,0.6033527485024525,0.9830515379780941,0.9391363513986775,303.5885223863778,2.6391752577319587,0.9210825279799735,0.007086907870099785,513,7,4,0.2348120903170181,0.02948805188606317,0.00014168872242652865,4.2180774906949405e-05,3.167778245477354e-09,6.218385082779796e-06,7.737876713755846e-10,Quercus_Phillyraeoides_11.ab.jpg,Quercus_Phillyraeoides
74987.5,1222.5899603366852,0.705048045274403,0.6304303152214288,0.9816338418915752,0.9338629448551106,308.99360893201015,2.4985148169159963,0.9070570222000783,0.0065077512917951965,488,4,3,0.22401982627813616,0.024777016931117134,1.4053262394523274e-06,5.335527587899064e-07,4.611776199146685e-13,8.218849259802638e-08,-2.777848416537274e-14,Quercus_Phillyraeoides_12.ab.jpg,Quercus_Phillyraeoides
77600.5,1213.7026584148407,0.7098991876398758,0.6619874820722347,0.9822102118702098,0.9305942257527079,314.3310759234934,2.1838565022421523,0.8834675531425901,0.0061468676103098975,477,4,3,0.20711617401732446,0.017394169313170924,4.241251578842513e-05,1.0747168610509695e-05,2.2898384377386055e-10,1.401141542107214e-06,1.461894807516773e-11,Quercus_Phillyraeoides_13.ab.jpg,Quercus_Phillyraeoides
89733.5,1331.84479534626,0.7145524765033082,0.6357073543569458,0.987748564876052,0.9340696087851613,338.0121901462915,2.4552544633914297,0.9089866040815534,0.006664177815345839,598,3,3,0.22424973739802523,0.024781838207230282,7.352723329180648e-05,1.825731398448886e-05,6.439880577456911e-10,2.4462142965587285e-06,1.8095353680033716e-10,Quercus_Phillyraeoides_14.ab.jpg,Quercus_Phillyraeoides
78855.0,1192.9747371673584,0.7376658122627396,0.6962682730819147,0.9847950294922129,0.9333094452481127,316.8616485157067,2.097777777777778,0.8697346613065196,0.005998351404400503,473,4,3,0.2014698319058738,0.015153932656883681,3.0405977027383075e-05,5.186108591030651e-06,6.110781654466752e-11,5.24005024227533e-07,-2.2516354268216928e-11,Quercus_Phillyraeoides_15.ab.jpg,Quercus_Phillyraeoides
73448.5,1170.933106303215,0.7232315175792349,0.6731760005713101,0.9833977118166332,0.9306334208754203,305.806367987131,2.162037037037037,0.8787180931474583,0.005391532842666746,396,4,3,0.2055952842281814,0.016806152187508114,2.559929245370622e-05,6.238919368672768e-06,7.882483986171562e-11,8.076653038325415e-07,-1.8137813779489707e-12,Quercus_Phillyraeoides_16.ab.jpg,Quercus_Phillyraeoides
139362.0,1671.4742974042892,0.6459001501610746,0.6268372964727004,0.9615350117570977,0.9211460965400461,421.2377113143857,2.0467965016673326,0.8620076496921182,0.006450825906585361,899,7,4,0.19898205978494507,0.01363627853723611,0.00013943064644504787,2.51552019626352e-05,1.4637483774761847e-09,2.6730413506243267e-06,2.77257610073807e-10,quercus_pontica_01.ab.jpg,Quercus_Pontica
141588.5,1824.0945792198181,0.6401939728228236,0.5347405758512724,0.946852262993882,0.8200988786204473,424.58930424556695,1.3518291231112984,0.8106806371022146,0.014167817301446319,2006,37,17,0.18366480454048778,0.007887416126808487,1.4229769953473617e-05,1.1971728059399892e-06,4.547949016029613e-12,7.872130219027901e-08,1.9317909769604422e-12,quercus_pontica_02.ab.jpg,Quercus_Pontica
140957.0,1804.479352593422,0.6371110628960012,0.5439922065608969,0.935537716651774,0.8297274663215194,423.64138903940244,1.1366495723459247,0.7828451757473234,0.017147073220789694,2417,45,19,0.1800264264250993,0.006451641987604656,7.436931892743111e-05,6.920280077672238e-06,1.3218523218286895e-10,3.1892836611367967e-07,8.470010141036288e-11,quercus_pontica_03.ab.jpg,Quercus_Pontica
141599.0,1838.2783427238464,0.5931096590408264,0.5265595683653785,0.9339687355653719,0.8638637766556824,424.6050474204873,2.01507133570967,0.85342877848525,0.011624375878278628,1646,24,12,0.1962989828101276,0.012185803460423196,0.00017017283304424444,2.546186373356066e-05,1.5162537787181992e-09,1.963923683704892e-06,-7.14165995747061e-10,quercus_pontica_04.ab.jpg,Quercus_Pontica
141376.0,1819.1067667007446,0.6018407362919558,0.5368700478105711,0.9330856122619743,0.8476878497878623,424.2705668279127,1.3613296058292728,0.8304592111657398,0.01177710502481484,1665,32,13,0.18599938589726106,0.008604378775302046,1.0142796433175847e-05,1.5016320020254963e-06,5.734398897393052e-12,1.2633409527325772e-07,-1.2084957764387255e-12,quercus_pontica_05.ab.jpg,Quercus_Pontica
141143.0,1821.7341866493225,0.6401043083871197,0.5344402905432885,0.9493327773080434,0.8722647630121872,423.9208051777538,2.235414212415696,0.8872111201383396,0.011846141856047794,1672,25,13,0.21142686618525863,0.018706783810850388,6.341735154192605e-05,1.0463474605971932e-05,2.4677728573900166e-10,9.558189241639956e-07,1.0840209455758217e-10,quercus_pontica_06.ab.jpg,Quercus_Pontica
141197.5,1767.4082847833633,0.6213639444079715,0.5680193080555201,0.9375477248066933,0.8502010700297212,424.0026422296719,1.2919364620407863,0.8065894445684545,0.012046955505500827,1701,41,14,0.1826875933274201,0.007458445214129111,2.0097724662728503e-05,2.322628563664056e-06,1.5799443168347935e-11,1.922719819413828e-07,1.4816387484554525e-12,quercus_pontica_07.ab.jpg,Quercus_Pontica
141212.5,1828.378845691681,0.5959590630909645,0.530824097508669,0.936798251281603,0.8593540145378706,424.0251634171186,1.9146033913841822,0.8366340387859982,0.00941842967152753,1330,20,9,0.1934576902822951,0.010974292067450035,0.0001041232034110006,5.501584569363073e-06,-7.995632118728552e-12,-2.3476808768172507e-07,1.314326634856801e-10,quercus_pontica_08.ab.jpg,Quercus_Pontica
140314.5,1699.0895216464996,0.655310831824101,0.6107730894657903,0.9543548568040622,0.8902157289935569,422.6747805343276,1.9774431206149679,0.8389255038638909,0.010091615620551749,1416,27,11,0.19190552991643925,0.01093963503767675,8.356712228217407e-05,1.0642988569447564e-05,2.6828757985812843e-10,7.577954277932887e-07,-1.6960957662831415e-10,quercus_pontica_09.ab.jpg,Quercus_Pontica
140857.5,1727.3494089841843,0.6146902492641797,0.593238664630626,0.9550729403563444,0.8838485489624018,423.4918407390315,1.4471675016542207,0.8243072938375435,0.008398558827123877,1183,18,7,0.18778312624165827,0.008919006803296006,0.0001315518089641327,7.370651183736106e-06,1.1598944773990453e-10,1.262529492537651e-07,-1.9804707388324708e-10,quercus_pontica_10.ab.jpg,Quercus_Pontica
140085.0,1690.8224987983704,0.6576019603394097,0.6157514770353038,0.9610991046553387,0.8891654437013257,422.328973223748,1.6700247146680443,0.8450273083293716,0.009123032444522089,1278,24,10,0.19249060882809096,0.011216055019090494,7.020520359750409e-05,9.62069315802758e-06,2.471719130749802e-10,9.611150623903515e-07,-3.77046938408586e-11,quercus_pontica_11.ab.jpg,Quercus_Pontica
140137.0,1828.7047481536865,0.6358303085270607,0.5265935011313455,0.9490229540549757,0.8954178075528642,422.40735088366006,2.3591794451569617,0.8993208197547986,0.011153371343676877,1563,29,11,0.2177481470382598,0.02129237143019407,7.925039705875595e-05,5.571593265441079e-06,-5.05224119935735e-11,-5.458947825671737e-07,-1.0561438841076239e-10,quercus_pontica_12.ab.jpg,Quercus_Pontica
140588.0,1753.5087887048721,0.6604809801854743,0.574569042704502,0.9503780542562766,0.8748639409221245,423.0865172931266,2.066878403718302,0.8527666171504348,0.010712151819424757,1506,32,13,0.19425460510555392,0.01207271358169757,8.724426739466395e-06,1.1563080098013042e-06,3.638260390499772e-12,1.246079180728802e-07,5.013683256382068e-13,quercus_pontica_13.ab.jpg,Quercus_Pontica
140093.5,1690.8397409915924,0.7035137143797467,0.6157762804185,0.9549008247498132,0.8699158192550996,422.34178595108904,1.770357843362398,0.8353351334325356,0.01209192432188437,1694,34,14,0.1895490949050742,0.01033846459297387,3.210832822211996e-05,2.900248461694485e-06,2.1179248495775906e-11,1.545103990222091e-07,-1.8295648239901292e-11,quercus_pontica_14.ab.jpg,Quercus_Pontica
140544.0,1741.7930607795715,0.6562661972260712,0.5821421717817845,0.9560361071176472,0.8741669541971068,423.0203051571623,1.866020164709721,0.8532994103535796,0.010331284152931955,1452,34,13,0.19641183276912777,0.012798425613560205,5.219958663917594e-05,1.342075849215342e-05,3.5457976645954925e-10,1.4875536160232555e-06,-2.1340889128550992e-11,quercus_pontica_15.ab.jpg,Quercus_Pontica
141110.0,1790.88137280941,0.640111410501256,0.5528839939238434,0.9504020905953203,0.8635005106807566,423.87124478735143,2.1028137544376486,0.8676153580751744,0.009992204662958032,1410,29,12,0.20117618571714624,0.014690193930113187,3.599568256989803e-05,5.954780032911398e-06,7.766724645589774e-11,5.02262744890649e-07,-3.9602950505892115e-11,quercus_pontica_16.ab.jpg,Quercus_Pontica
87941.0,1803.3321659564972,0.547175798600361,0.33982068055704906,0.8265442309783588,0.6961430325915985,334.6191249817544,1.387371749959802,0.7853609353602014,0.015442171455686857,1358,28,11,0.18896824827856057,0.006543365286509675,0.0002854362739893347,3.2863501729774725e-05,3.058855374436924e-09,2.543560925637718e-06,8.799804214725911e-10,Quercus_Pubescens_01.ab.jpg,Quercus_Pubescens
105261.5,1850.604240655899,0.6361210824622834,0.38623561027008485,0.867209866568348,0.7123403711136262,366.0916611152736,1.6489903061190956,0.8059834122386175,0.01343321157295466,1414,21,10,0.18949502518547365,0.008561400378520436,3.462156796349615e-05,3.308947884901064e-06,3.376568100151617e-11,2.7132509206682684e-07,-1.06874868227754e-11,Quercus_Pubescens_02.ab.jpg,Quercus_Pubescens
106655.5,1998.001209974289,0.6163917656813976,0.3357388714395803,0.853192808424669,0.6613989687331238,368.50780217452814,1.1066176861430996,0.765339663052744,0.013398277632063998,1429,33,14,0.18536838948315298,0.006145968253026707,0.00013286868346583394,1.2968714912831119e-05,5.373523749957942e-10,1.014942742219044e-06,3.2595836545879075e-11,Quercus_Pubescens_03.ab.jpg,Quercus_Pubescens
90860.5,1787.4915447235107,0.5926741288625841,0.3573526393576289,0.8488581211353966,0.7036596597837984,340.1281841518125,1.3645362875168372,0.8084919874818457,0.01634373572656607,1485,34,15,0.19296019288408953,0.008955094132807305,0.00044806196939280705,5.462390893715897e-05,8.246466086661638e-09,4.847336049190062e-06,-2.2412704206950165e-09,Quercus_Pubescens_04.ab.jpg,Quercus_Pubescens
67743.0,1536.597101688385,0.62158665491612,0.3605406771863402,0.856243640696236,0.7150904381670983,293.6887237859059,1.911764705882353,0.8621881025934611,0.01535213970424469,1040,19,10,0.2077109997361601,0.015157574967559935,2.746235135965919e-05,2.5490542824526017e-06,2.1023046699223455e-11,2.616399131820416e-07,-3.5900696523006838e-12,Quercus_Pubescens_05.ab.jpg,Quercus_Pubescens
94290.0,2063.3565477132797,0.6111417182447344,0.2783088000303095,0.8348126341810593,0.6230268925843048,346.4877439002403,1.7886562984180188,0.8390395616732246,0.01566443949500833,1477,39,14,0.20156312697286918,0.011479630359107349,0.0001360055728842813,8.359982793506556e-06,8.914590863489217e-11,-9.577478143452538e-08,-2.674274706094501e-10,Quercus_Pubescens_06.ab.jpg,Quercus_Pubescens
83713.5,1618.0945769548416,0.5525096525060059,0.4017885526975197,0.8583931052427529,0.7498609126945704,326.47716402251945,1.3325692073282667,0.7869918828073611,0.012721962407345029,1065,21,9,0.18979102724551566,0.007433732546006605,0.0003537800233170456,4.852144656311686e-05,6.033208935365063e-09,3.905380478566622e-06,-2.003656698814589e-09,Quercus_Pubescens_07.ab.jpg,Quercus_Pubescens
75457.5,1737.3494089841843,0.5468965167310732,0.31415062979201186,0.8185753106554073,0.6703335245071613,309.9604377123854,1.3271585314646415,0.7700285432268045,0.01631381903699018,1231,32,13,0.1940373029420601,0.0077492163204727444,8.109489153684842e-05,1.2279872872600358e-05,3.487975803741753e-10,1.0437078147319345e-06,-1.6884151483289079e-10,Quercus_Pubescens_08.ab.jpg,Quercus_Pubescens
72290.0,1406.0285609960556,0.6007346097543484,0.45951511711632037,0.8750068085567048,0.7822506221190458,303.3850469105307,1.3029475720487231,0.7832489427894476,0.014054502697274112,1016,25,10,0.18714518626858537,0.007288400197811381,0.00012849693097115745,6.797201302058075e-06,1.603618253258373e-10,2.2191348794422977e-07,1.2098663336094484e-10,Quercus_Pubescens_09.ab.jpg,Quercus_Pubescens
88854.5,1916.9473904371262,0.5419807983180721,0.30385676039727716,0.8006641075475719,0.6624789202718416,336.3525875144571,1.1656548280817831,0.7735388417863405,0.01569982386918277,1395,30,12,0.19299974312994211,0.007557678215893544,0.00014310875541092142,1.573150996268745e-05,5.539025066041633e-10,1.362675095272564e-06,5.003486894750276e-10,Quercus_Pubescens_10.ab.jpg,Quercus_Pubescens
96493.0,1873.6164342164993,0.5874120339896546,0.3454174699223252,0.8554002721446804,0.6789149779136197,350.5120588369679,1.1009561759996462,0.7841017792760628,0.013389572300442628,1292,23,10,0.1871634452245886,0.006771096238368318,8.999020922846777e-05,5.856262146743916e-06,1.327517926649619e-10,3.972982329263775e-07,-2.1238315173407325e-11,Quercus_Pubescens_11.ab.jpg,Quercus_Pubescens
85207.5,1680.1189669370651,0.5558944415412584,0.379321638651303,0.8356584889757156,0.725539338418188,329.37753188100334,1.3847018229876957,0.7601139988993548,0.013191327054388507,1124,18,9,0.18757966145582683,0.006340916263444659,8.45309775172401e-05,1.3511210046530538e-05,4.536216736278348e-10,1.0695171733488658e-06,-5.219012910404207e-11,Quercus_Pubescens_12.ab.jpg,Quercus_Pubescens
73897.0,1606.2539557218552,0.5975820798916579,0.35992188218417126,0.8447157398896371,0.7112080144339247,306.73862266968325,1.6731151085113727,0.8249568832176862,0.017781506691505997,1314,33,14,0.19353869766385032,0.009539736030654018,0.0002395616668369208,4.138783890310618e-05,4.0568348283640065e-09,3.90203627556385e-06,-7.252026671054542e-10,Quercus_Pubescens_13.ab.jpg,Quercus_Pubescens
64647.0,1407.3422693014145,0.595144719393549,0.410165167760282,0.8747902570923575,0.7612655580603461,286.8991405502883,1.5794444653577464,0.8524578354828202,0.01500456324322854,970,23,9,0.20114721511742395,0.012886235012155649,0.00026191321276394184,5.101917973541139e-05,5.8469164185202075e-09,5.791522711822078e-06,7.719005883560835e-10,Quercus_Pubescens_14.ab.jpg,Quercus_Pubescens
68082.0,1512.798115849495,0.6030505952327536,0.3738352237891866,0.845539562080434,0.7226550580481718,294.4226463515661,1.7520920106696773,0.8467514384845612,0.015554772186252539,1059,26,10,0.20497202710500323,0.013777537787520158,6.652605081792366e-05,4.237128682045222e-06,6.715738369778128e-11,4.876379432118034e-07,-2.3463599563237605e-11,Quercus_Pubescens_15.ab.jpg,Quercus_Pubescens
53982.5,1303.5605232715607,0.5903597987686969,0.39920912308600476,0.8422920892363506,0.7430426163167067,262.1691319047037,1.3138125728216419,0.7853530167933319,0.016042235909488403,866,17,8,0.18819845754400766,0.007478446475593905,6.157766041939343e-05,7.766703367905336e-06,1.487189040963518e-10,5.911224048835509e-07,8.204790490345657e-11,Quercus_Pubescens_16.ab.jpg,Quercus_Pubescens
273404.5,4437.234085202217,0.43150962752457145,0.17449815585749398,0.693272527180975,0.5519677334625417,590.0079839362725,1.2928092175963495,0.7788046194620322,0.009392676418971185,2568,26,10,0.2251357860941553,0.011214666280096671,0.0007142927005967747,6.397319226979932e-05,1.3085124214199059e-08,6.572707355549691e-06,-3.9738987116824104e-09,Quercus_Pyrenaica_01.ab.jpg,Quercus_Pyrenaica
202195.0,2915.20848941803,0.5458091510310547,0.2989792415885134,0.8060699926813809,0.6610431772662474,507.3880859339587,1.3228464449026225,0.8085744874036005,0.009505675214473623,1922,22,10,0.1958341771455068,0.008381202700622545,0.00013262489267352158,1.2120778474764377e-05,4.5276630106484014e-10,6.92934752617148e-07,1.7654531665812634e-10,Quercus_Pyrenaica_02.ab.jpg,Quercus_Pyrenaica
211445.5,3470.092825770378,0.46571539327200223,0.2206612764369142,0.7066556379897512,0.605668874167778,518.8648881513365,1.1087182501765822,0.766656057641951,0.009974201389909105,2109,24,10,0.2165695364958291,0.010427452037077881,0.00021839828095285356,9.756101633127132e-06,2.3922537055101304e-10,9.961115949356307e-07,3.815442190266246e-10,Quercus_Pyrenaica_03.ab.jpg,Quercus_Pyrenaica
229889.0,4000.1832238435745,0.43624270600989373,0.18053785858628224,0.671761859397601,0.5858144916985272,541.0210399786887,1.6292489109172192,0.8555548601979563,0.01076606536193221,2475,27,12,0.24613982578631338,0.022667736364189818,0.0003991033233380301,0.00023519088955885656,7.00672038990953e-08,3.4692465219077196e-05,-1.6814640308987273e-08,Quercus_Pyrenaica_04.ab.jpg,Quercus_Pyrenaica
214219.0,3253.576021552086,0.4811099133079973,0.2542997505933662,0.7380258010478967,0.6649268890893206,522.2567395770224,1.8075203109371165,0.8323975240234552,0.009583650376439141,2053,18,9,0.22065564953016328,0.015525579949740317,0.0006204172864436878,0.00012271031761674903,3.373522206764634e-08,1.5243353378252685e-05,-2.8828651453172016e-09,Quercus_Pyrenaica_05.ab.jpg,Quercus_Pyrenaica
210491.0,3172.120173096657,0.49989550430926,0.26287188035395026,0.7876610704760869,0.6235400243794591,517.6924424896013,1.2268388782753255,0.7964657679364024,0.009287808029752874,1955,18,9,0.19936961457332952,0.00834530477601865,2.0282672263642723e-05,8.60800863998273e-06,5.277342631018327e-11,7.620923319972315e-07,1.0075691477813844e-10,Quercus_Pyrenaica_06.ab.jpg,Quercus_Pyrenaica
293585.5,4168.096999406815,0.49011540650955804,0.21235810037866457,0.7651543089599534,0.5884783989315486,611.3956725074567,1.700080846005934,0.837870922050673,0.008917334132615822,2618,25,11,0.2142625237002979,0.013305052920682252,0.0002405930510309176,3.786477388227123e-05,3.4241392001054236e-09,3.6385359315977884e-06,1.1561376581091412e-09,Quercus_Pyrenaica_07.ab.jpg,Quercus_Pyrenaica
279353.5,4198.499018669128,0.5185658543457659,0.19914796319146094,0.7903431378767511,0.5743556953455513,596.3924237950833,2.019878460337477,0.8674216782535498,0.00929288517949733,2596,25,11,0.2258548145210164,0.018211491371031063,0.00017322283021335453,3.350809943804134e-05,2.1562249773964053e-09,4.318594593052678e-06,-1.366673269361617e-09,Quercus_Pyrenaica_08.ab.jpg,Quercus_Pyrenaica
258977.5,3968.131492495537,0.4934182950240569,0.20668063547639492,0.770733108241547,0.5749062557240867,574.2302623483463,1.4600918500511757,0.82412635882787,0.009622457549363854,2492,22,12,0.21176933004836093,0.01197684676841787,0.00023727368839842223,1.862131430348884e-05,1.1237737020208331e-09,1.5392058471563046e-06,-5.18854118283005e-10,Quercus_Pyrenaica_09.ab.jpg,Quercus_Pyrenaica
272773.0,4477.050318598747,0.4208816862849335,0.17101227838211497,0.6950569121417794,0.5427410283798789,589.3262002796453,1.2272410296830392,0.7671782664439376,0.01001198798997697,2731,29,11,0.21713667393998815,0.008897004879703642,0.000485364566729248,4.311144251593554e-05,6.0609356756054195e-09,3.9700094263508845e-06,-1.4682493756483656e-09,Quercus_Pyrenaica_10.ab.jpg,Quercus_Pyrenaica
236781.0,3906.0410870313644,0.42041931669202093,0.19502177277138938,0.7287901359181744,0.5820333449448303,549.0709723177292,1.5940931346056992,0.7910373892832704,0.010359783935322683,2453,27,12,0.2147120044709206,0.010129949147076114,0.00025597599984814636,8.55429921981125e-05,1.2484799996376853e-08,8.495808417294032e-06,-2.0887769066396606e-09,Quercus_Pyrenaica_11.ab.jpg,Quercus_Pyrenaica
206851.0,3055.149613380432,0.5194911848899505,0.2784854586423008,0.7786188568990204,0.6690168697628576,513.1967196582741,1.3785696381179018,0.859762419561078,0.009775152162620556,2022,19,10,0.22196151030991632,0.018091786711351168,0.0001646711969677284,2.8960595709878796e-05,1.9574279394733753e-09,3.620705389737801e-06,-4.102350530701585e-10,Quercus_Pyrenaica_12.ab.jpg,Quercus_Pyrenaica
239623.0,3951.03603720665,0.4191822183029662,0.1928929625904654,0.6968985755064916,0.5868449081890541,552.3562975363583,1.249002104089061,0.7848988427914292,0.009873843495783486,2366,28,12,0.2333283489713923,0.014375778817603291,0.00048774420302160145,4.9195239920615824e-05,7.390535996362059e-09,5.607065329622288e-06,-1.8577548782909377e-09,Quercus_Pyrenaica_13.ab.jpg,Quercus_Pyrenaica
148671.0,2606.1647670269012,0.4975169496613497,0.2750631348022647,0.7707933150278499,0.7034135779126831,435.0790690843693,2.165291862496452,0.8992666128548145,0.0113270241001182,1684,19,10,0.25127578450452254,0.030822653795102885,0.0009697990794768345,0.0002479520955986213,1.1979530547888105e-07,3.766003216800751e-05,-2.0805096704832127e-08,Quercus_Pyrenaica_14.ab.jpg,Quercus_Pyrenaica
229986.0,3769.105013012886,0.4273339427849983,0.20343926984798558,0.7068792761093858,0.5949278955812606,541.1351678975052,1.2968950968451454,0.791824285075203,0.010091918638481943,2321,33,12,0.23073858900223002,0.013947824243480143,0.0007454828265147876,1.8385855784196177e-05,2.047329448287082e-09,9.72559448429807e-07,-6.646269677002685e-10,Quercus_Pyrenaica_15.ab.jpg,Quercus_Pyrenaica
257713.5,3877.715188026428,0.4578114313621569,0.21537496396056413,0.7116493688116419,0.612117451917839,572.8272160190238,1.422337342784025,0.8268781927851326,0.009134174189520013,2354,20,10,0.2298697083977358,0.01627911924584155,0.0007697257142606803,0.00024373314882460747,1.0544939420629071e-07,3.1050930151881796e-05,-5.041634780285921e-09,Quercus_Pyrenaica_16.ab.jpg,Quercus_Pyrenaica
173228.5,2115.065138697624,0.6924431386629394,0.4866107675745439,0.985319337117816,0.9444256689627555,469.6396240471572,3.466417910447761,0.9556008271699298,0.005305131661329948,919,0,2,0.2968482984511653,0.0623282167469454,7.929501035193696e-05,8.171260388558612e-06,-7.867603896268086e-11,-1.2586068660363727e-06,1.9254277492278e-10,Quercus_Rhysophylla_01.ab.jpg,Quercus_Rhysophylla
285454.0,2830.8712671995163,0.6742009844196114,0.4476161589747698,0.9779472474280537,0.9332796056272757,602.8692403853685,3.684934689023548,0.9610951355869527,0.004445549895939641,1269,1,3,0.31055097133266674,0.07039283203342436,0.0001770403182332458,2.323940403718559e-05,3.2325966798442074e-10,-5.216241519944771e-07,1.4551697426902e-09,Quercus_Rhysophylla_02.ab.jpg,Quercus_Rhysophylla
239111.5,2549.1727845668793,0.6702006300853471,0.46239356495510514,0.9828634025292496,0.9372002444993759,551.7664518625085,3.592830854981563,0.9600134411149135,0.0047801966864630925,1143,1,3,0.3081569353153252,0.0691835728337829,5.687246979386811e-05,2.2150208650391167e-05,7.697500978142532e-10,4.954724930699749e-06,1.59849250199204e-10,Quercus_Rhysophylla_03.ab.jpg,Quercus_Rhysophylla
276162.5,2548.61852312088,0.6415639839037998,0.5342750568534446,0.9594905879294859,0.9356907897399366,592.9764040608399,2.7878218567572657,0.9247018361028362,0.0038817725071148986,1072,0,2,0.24126165059065122,0.031870809256194337,0.0001929053738480108,3.265577545195264e-05,2.0066088291290064e-09,2.8849617090612013e-06,1.6405116926685302e-09,Quercus_Rhysophylla_04.ab.jpg,Quercus_Rhysophylla
281931.5,2659.197170495987,0.7045821462470521,0.5010169121636388,0.9812849254338758,0.9334320860443251,599.1379930420884,3.299571308627632,0.9523685361286536,0.004128662458774104,1164,4,4,0.2896150921484097,0.05786573119168213,0.00045178056894530606,0.00017207703288517882,4.683311074741324e-08,3.449449684659986e-05,1.042169839196923e-08,Quercus_Rhysophylla_05.ab.jpg,Quercus_Rhysophylla
216803.0,2275.8418308496475,0.6796971502000825,0.5260063658744136,0.9748248666784703,0.9249144960354821,525.3971383793572,2.8722982041988123,0.9368100267070373,0.004483332795189719,972,4,3,0.25606006696932027,0.03923391895536,0.0005543861210064584,0.0002392127741973199,8.697347855358566e-08,4.610832356111196e-05,4.927501069176313e-09,Quercus_Rhysophylla_06.ab.jpg,Quercus_Rhysophylla
238465.0,2404.327111005783,0.6697815377164266,0.5183790037704759,0.9808692146918307,0.9407963920930532,551.0200250764672,3.2299355525000992,0.946299781228748,0.004285744239178556,1022,0,2,0.2751020480532302,0.04999215925195002,0.00013040445527112406,5.801602422045626e-05,5.021758897313607e-09,1.242228227904973e-05,4.964937303903134e-10,Quercus_Rhysophylla_07.ab.jpg,Quercus_Rhysophylla
198881.5,2137.751429438591,0.7423610696341139,0.5468772281867236,0.9746274361778964,0.9385983140322264,503.21346416431095,3.0033557046979866,0.9465566575434978,0.0044348016280828795,882,0,2,0.27307048447860505,0.048623772548335206,0.00022499788997084035,2.0718926074713324e-05,-7.25048252950298e-10,-3.1584312876971613e-06,-1.214684094035479e-09,Quercus_Rhysophylla_08.ab.jpg,Quercus_Rhysophylla
155330.0,1936.989020228386,0.6409060901112357,0.5202485619066232,0.9673873441784718,0.9360737852432112,444.7159750714076,2.8909534888119293,0.9323340185568898,0.005291959054881272,822,0,2,0.254010500311656,0.038348987394816854,0.00011290630856228857,4.3421314090208774e-05,3.0201297400358526e-09,7.710622809156524e-06,-3.4945296073169545e-10,Quercus_Rhysophylla_09.ab.jpg,Quercus_Rhysophylla
201755.0,2311.1900285482407,0.6794470263329984,0.47463838788657386,0.9790343830247699,0.9328398083751843,506.83571731680746,3.4436860068259385,0.9548478410178955,0.004971376174047873,1003,1,3,0.2935793178994096,0.06043519449731138,4.9786557886965195e-05,2.3186694637003796e-05,7.845716519564102e-10,5.329246279214024e-06,-7.121385150163803e-11,Quercus_Rhysophylla_10.ab.jpg,Quercus_Rhysophylla
230140.5,2321.790097475052,0.6291911354597148,0.5364842878070504,0.9548031505823655,0.9260805526243691,541.3168992790846,2.648896820974859,0.9134902849092765,0.004397313814802708,1012,4,4,0.22815273160600644,0.025748763124934473,0.00016951634247735977,6.617057959247823e-05,6.992728962909292e-09,1.0312878191891439e-05,4.646118632051935e-10,Quercus_Rhysophylla_11.ab.jpg,Quercus_Rhysophylla
319746.5,2833.58908700943,0.6592521040616163,0.5004283680839245,0.9784194566048904,0.9329068554276378,638.0547688801187,3.1351156477643083,0.9431036382253204,0.003806140176659303,1217,0,2,0.2699400801838183,0.04682673342800935,0.0002477372672603703,0.00012005925403046272,2.070037818565487e-08,2.595609181573752e-05,4.677664226917769e-10,Quercus_Rhysophylla_12.ab.jpg,Quercus_Rhysophylla
236373.5,2312.9372841119766,0.6751136740107073,0.5552402435568304,0.975975672189932,0.9308668031398522,548.5982934055272,2.744873633587504,0.9272828515587452,0.005102094777946335,1206,8,5,0.24663246342766887,0.0349952201217279,0.0001458275262948508,3.5434532219287135e-05,2.3463975942560687e-09,4.695140897720936e-06,-9.912363424828507e-10,Quercus_Rhysophylla_13.ab.jpg,Quercus_Rhysophylla
179716.0,2045.190028309822,0.673641124057104,0.5399198253527053,0.9757204595251823,0.9392742413712615,478.35292203730137,2.9489262886303003,0.9441994932897733,0.004657348260563014,837,0,2,0.2693886383057932,0.04613991791501475,0.0006799101220078419,0.00024306982765818624,9.58522271388134e-08,4.346457928116173e-05,2.4015211923182786e-08,Quercus_Rhysophylla_14.ab.jpg,Quercus_Rhysophylla
225236.5,2355.197168946266,0.6737072420745334,0.5102630174336965,0.9721774411059437,0.9293203295907551,535.5184578683927,3.0468571559478534,0.9403369012320779,0.005864946400757138,1321,8,5,0.26721409664341145,0.045176254669781,0.0005632684337013947,0.00025187239765925713,9.469176255843291e-08,5.240834243455128e-05,-5.811484880509311e-09,Quercus_Rhysophylla_15.ab.jpg,Quercus_Rhysophylla
246174.0,2663.4154250621796,0.6700380780759274,0.4360880893868356,0.9767840491975923,0.9345347118558698,559.8557597146197,3.6222240192170023,0.9645648052921979,0.004850227887572001,1194,5,4,0.32514244160345146,0.07936091952588965,0.0012154999366155428,0.0007814473659587389,7.61595369199173e-07,0.00022013902970842236,-2.721597423018984e-09,Quercus_Rhysophylla_16.ab.jpg,Quercus_Rhysophylla
391287.0,5564.451456308365,0.4240917707417635,0.15880368183355337,0.6210362587383307,0.5387091845620033,705.8343160691379,1.091372198008287,0.7522030937473045,0.010741476205417657,4203,60,21,0.2103152498333971,0.008505574738982412,6.064698310351045e-05,2.0479232506592563e-05,-7.055662747355368e-10,1.8343509808843498e-06,1.5189234210054042e-10,Quercus_Rubra_01.ab.jpg,Quercus_Rubra
271206.5,4872.689921975136,0.4106495284148269,0.1435398232065627,0.6340533672157984,0.5015103594107432,587.6315517305184,1.042463935762437,0.5472255258351275,0.013049097274537855,3539,50,21,0.1992968692202211,0.002319249013651315,9.632208202818083e-05,1.7144516663233305e-05,-3.8006752321631906e-11,7.459086192662083e-07,6.95670560924767e-10,Quercus_Rubra_02.ab.jpg,Quercus_Rubra
532462.0,6581.543950080872,0.4936493161653239,0.1544695607517923,0.6906887858501939,0.493768932140102,823.3782086433756,1.1582221872841953,0.6605824425614059,0.010032640826932188,5342,70,25,0.18660097392240682,0.0030551591339799114,6.892462522430461e-05,6.84994201214049e-07,-2.546910849434798e-12,2.800411830508288e-08,-3.9580772152647216e-12,Quercus_Rubra_03.ab.jpg,Quercus_Rubra
187547.0,3728.536479830742,0.3845414134447413,0.1695286846755705,0.5875320907906277,0.5743392726459523,488.66374624729997,1.1803773566289522,0.7256042142860447,0.014055143510618377,2636,18,13,0.21345828433350206,0.009900572608177177,6.514836509157288e-06,4.969081654970483e-05,-7.498892818202878e-10,4.9434700840951045e-06,4.868333967238206e-10,Quercus_Rubra_04.ab.jpg,Quercus_Rubra
281057.0,4273.746719360352,0.47035364759671194,0.19336893684573364,0.711370122184776,0.555643269935292,598.2080630722313,1.0686587505876879,0.6826809795991928,0.01255617187968079,3529,39,21,0.18636581004878044,0.0036413492843372086,9.227362579053009e-05,4.769770628278274e-07,2.5444058794144865e-12,-1.2959632093934893e-08,1.8812585429375703e-12,Quercus_Rubra_05.ab.jpg,Quercus_Rubra
259814.5,4333.670590162277,0.4378846866881756,0.17384470023393647,0.651994268390201,0.538859923306103,575.1574529601385,1.0091476673849225,0.6413369051394966,0.012428097738915926,3229,54,21,0.19932654412165102,0.004382035898191144,1.342756937966976e-05,1.6585888845018896e-05,-1.4470887693017414e-10,1.088663157634228e-06,2.0080964334304535e-10,Quercus_Rubra_06.ab.jpg,Quercus_Rubra
402116.5,5505.816905975342,0.4435273148005383,0.16669333206659567,0.6687335411560771,0.5245719403892594,715.5352048575228,1.0446574649758338,0.5875689861498004,0.0105218263861082,4231,45,20,0.19145050218452053,0.0022756031751512192,4.763624314288324e-05,3.7504881702291876e-06,-4.289152704009261e-11,1.742258327608579e-07,-2.5949288981247022e-11,Quercus_Rubra_07.ab.jpg,Quercus_Rubra
339149.5,5990.885010123253,0.3565562180065029,0.11874602418315995,0.5225857051827626,0.501794402202169,657.1290246041169,1.1283493140159462,0.708306340909212,0.011101298984633322,3765,35,15,0.23524648629952888,0.01017460147551895,0.00042144213773642075,0.00022145814804267475,6.744028959812436e-08,2.1224210541897846e-05,5.398607915740238e-09,Quercus_Rubra_08.ab.jpg,Quercus_Rubra
546996.0,6778.72980928421,0.4285361739662539,0.14958821047871687,0.6201076183661801,0.5194621167890762,834.5399559110127,1.1618891578021615,0.7120251005442821,0.00875143511102686,4787,50,18,0.21052907112076752,0.007761395006759091,0.00019572673245560172,2.1407142955804056e-06,-3.4858824301870675e-11,1.1491797950482699e-07,2.655132942782884e-11,Quercus_Rubra_09.ab.jpg,Quercus_Rubra
269526.5,4532.096994996071,0.4413337612505443,0.16489707186153574,0.6184921290545263,0.5442127610160197,585.8086702619396,1.0861889355006733,0.7498439526165275,0.011646350173316366,3139,31,14,0.21076778722265696,0.009343068363737689,1.2259929339284895e-05,3.526686211891076e-05,-3.348982306981095e-10,3.404380646283092e-06,-6.523826257936595e-10,Quercus_Rubra_10.ab.jpg,Quercus_Rubra
243505.0,4597.736611127853,0.40515290672455967,0.1447536656984468,0.6252736318391904,0.5172863828284424,556.8125315945537,1.1516485688470102,0.7396587913536006,0.013699924026144433,3336,59,22,0.21187614940707475,0.007885353370914772,0.0001516817492023234,1.1772331751940435e-06,-1.572579683764093e-11,-8.54136773028745e-08,4.1026195877175545e-13,Quercus_Rubra_11.ab.jpg,Quercus_Rubra
320373.5,4595.386322259903,0.43190991695368863,0.19064367239488844,0.6289460846131456,0.5791388876491012,638.6800523620655,1.1785554524092223,0.6791967179162048,0.010724981935114094,3436,53,19,0.2002985499182861,0.005438440498255794,1.575848718797877e-05,5.577551994585394e-05,1.271658725178224e-09,4.04242991920784e-06,1.0569670387360634e-09,Quercus_Rubra_12.ab.jpg,Quercus_Rubra
293850.0,4894.412802100182,0.4015397481301085,0.15414674832450753,0.6275165527898112,0.5281701744991947,611.6710228713042,1.0566908209294588,0.7204610149532981,0.012128637059683074,3564,47,20,0.20875427151195505,0.00865972336567109,9.150506738490348e-05,1.972506030194206e-05,2.0906416011621662e-10,1.5017805272727196e-06,8.115145012386536e-10,Quercus_Rubra_13.ab.jpg,Quercus_Rubra
354457.5,4998.430041670799,0.4323369485665521,0.17828171284864322,0.6416466863426159,0.5596273503302795,671.7955834388641,1.0877313686514472,0.6887099035462507,0.01041027485661776,3690,45,18,0.20347302985094542,0.005922345335027181,5.561341544459779e-05,7.05633720729628e-05,4.299031785354795e-09,5.07393329708185e-06,1.028596243064249e-09,Quercus_Rubra_14.ab.jpg,Quercus_Rubra
354788.5,6490.840420007706,0.3557329710377495,0.1058223823414112,0.5492745254062421,0.46250373953538026,672.109178792606,1.0320552208158396,0.7050979439135067,0.011933870460818391,4234,47,20,0.23090560047440262,0.0108292862958271,7.914478769481249e-05,0.00010601193825579277,8.140479147090472e-09,1.1025050041975992e-05,-5.294068410222757e-09,Quercus_Rubra_15.ab.jpg,Quercus_Rubra
291035.5,4502.332498908043,0.377780272928689,0.18041834780082822,0.59393181841251,0.5908567095622824,608.7346774431127,1.01975639220631,0.7873608624564544,0.010823421884921861,3150,34,14,0.2216852540605713,0.012211364467139264,9.970053028174165e-05,0.0001113471732536215,1.1025461270847276e-08,1.2302872358973241e-05,4.0095085739398325e-09,Quercus_Rubra_16.ab.jpg,Quercus_Rubra
140081.5,1722.0357023477554,0.7187020609580947,0.5936170208218531,0.9202175705220824,0.829978718659413,422.3236972818583,1.3852410113574374,0.7241296791147995,0.0150269664444268,2105,37,18,0.1711940075291427,0.0036501318748725885,1.978568383446122e-05,7.151271899912433e-07,1.9091947544278786e-13,-3.0977598858795296e-09,2.683205059722106e-12,quercus_semecarpifolia_01.ab.jpg,Quercus_Semecarpifolia
141039.5,1877.3494079113007,0.7122559565256075,0.502875414611226,0.9095449679432658,0.7629482906846784,423.7653463529964,1.3035375460123377,0.7017330186130406,0.018143853317558953,2559,51,21,0.16951244391868536,0.0031275832379028374,9.461681654865107e-07,2.0790460622169103e-08,-2.0054693897002766e-15,-7.384203967842676e-10,-2.1168058764904822e-15,quercus_semecarpifolia_02.ab.jpg,Quercus_Semecarpifolia
138378.5,1509.040753364563,0.7666398891924285,0.7636186831025344,0.9578222769743768,0.9095364510105307,419.7487085639868,1.248424452800221,0.6310559983730865,0.008100969442448784,1121,15,8,0.164471549669728,0.0015381599571041014,3.9531357719669234e-06,7.112561635461333e-08,2.2376543705773644e-14,9.252814476052807e-10,-3.035925098261939e-14,quercus_semecarpifolia_03.ab.jpg,Quercus_Semecarpifolia
138771.0,1534.0529477596283,0.7597437792518149,0.7410165076026236,0.9408713692882267,0.9067928370705439,420.34357954231115,1.156232186601935,0.5317667430098868,0.00666565781030139,925,16,9,0.16220201457142366,0.0007491288734536619,2.2564556661814538e-06,1.87356915494468e-08,-2.938453578475675e-15,-4.587564620504041e-10,2.491096527472209e-15,quercus_semecarpifolia_04.ab.jpg,Quercus_Semecarpifolia
140002.5,1726.864132642746,0.7157592024503284,0.5899691688595388,0.9151596761640122,0.8168062631757335,422.2045941978659,1.239951766287421,0.659277345812989,0.01370689809100761,1919,32,14,0.16618668840150033,0.0020640560166553306,6.561944481625091e-07,5.300155082111739e-09,-2.8098710343786523e-16,-1.8016038403350085e-11,-1.369199929361968e-16,quercus_semecarpifolia_05.ab.jpg,Quercus_Semecarpifolia
138884.0,1556.822500705719,0.7511547156708646,0.7200851927436006,0.9492707065947448,0.8933697903017912,420.5146857494971,1.2432491540636883,0.6067215745085925,0.009309927709388339,1293,13,9,0.16388528589695178,0.0013148665553365806,2.1838945517616235e-05,2.6695116551799435e-07,1.1262473025217439e-13,1.0392069731826243e-09,-6.346445247505885e-13,quercus_semecarpifolia_06.ab.jpg,Quercus_Semecarpifolia
139507.5,1665.2072739601135,0.7202877898384459,0.6322237720178698,0.9236460540193084,0.8482655280116125,421.4575492112352,1.213959153638268,0.6545006760520625,0.011053169184373218,1542,25,11,0.1659944977659063,0.001847569194447843,4.291490439217193e-05,4.837884393805496e-07,-1.386039459134625e-12,-1.0078696681238774e-08,1.7141192032218203e-12,quercus_semecarpifolia_07.ab.jpg,Quercus_Semecarpifolia
138819.0,1567.1656429767609,0.74868943348606,0.7102789950103823,0.9516852738569055,0.8892949247323719,420.4162703328578,1.2423619263105738,0.6147128246243309,0.005950194137647222,826,10,5,0.16435352446040663,0.0014224360504244131,1.501158851961589e-05,6.853296543225283e-08,6.040206060709088e-14,2.0613721568373105e-09,3.4403083350572807e-14,quercus_semecarpifolia_08.ab.jpg,Quercus_Semecarpifolia
139470.0,1678.6803617477417,0.7273495314197717,0.6219488158733197,0.9182272755641845,0.8440306796753374,421.4009009295224,1.282596436774444,0.6686731206599648,0.013859611385861765,1933,39,16,0.16668779305332038,0.0021900833718183524,8.659352619158215e-06,1.6615085065707522e-07,1.6976981687230487e-13,6.920646534937295e-09,1.0438743285145235e-13,quercus_semecarpifolia_09.ab.jpg,Quercus_Semecarpifolia
139006.0,1571.650926232338,0.727513476732467,0.7071820435876067,0.9424455066209536,0.883959291635945,420.6993417578117,1.25151204111748,0.6552577120764992,0.010783707178029843,1499,24,11,0.16617888559306548,0.0020445518903843634,2.127173903311256e-05,4.459966432634938e-07,1.029814346768598e-12,1.4227359829802713e-08,9.091725926658812e-13,quercus_semecarpifolia_10.ab.jpg,Quercus_Semecarpifolia
139103.5,1591.124015569687,0.7179572539692181,0.6904621239869788,0.9428029211858088,0.8800164192668922,420.84685695757275,1.4024659533333883,0.724369790728421,0.009309614783170016,1295,25,10,0.1700844405495373,0.0033979932375989837,1.1576574456566618e-05,4.903518431144418e-07,6.832575893570609e-13,1.4988473060670247e-08,9.476642144270182e-13,quercus_semecarpifolia_11.ab.jpg,Quercus_Semecarpifolia
139411.5,1602.0357018709183,0.7194615321061893,0.6825965415567978,0.9439883263807806,0.8708038404136565,421.3125144009446,1.236493906590347,0.6533647610260572,0.013112261183524225,1828,29,14,0.16596513572564447,0.0020372599826247286,5.736767841608983e-06,8.201944534725896e-08,2.834253357298201e-14,1.6221285570955512e-09,4.860063571260726e-14,quercus_semecarpifolia_12.ab.jpg,Quercus_Semecarpifolia
138608.5,1517.9524416923523,0.7602985058211362,0.7559331615380142,0.9612973250319976,0.9094334481910917,420.0973975596895,1.237363843408712,0.638048608279797,0.006132380048798361,850,10,6,0.16521978273072016,0.0017686360850192138,2.7956811497226876e-05,5.418685670300694e-07,1.6729695954887991e-12,1.8146674502032847e-08,-1.2842200917374674e-12,quercus_semecarpifolia_13.ab.jpg,Quercus_Semecarpifolia
138593.5,1479.6092966794968,0.7488706975698445,0.795533776780426,0.9628192614499042,0.9250545634445647,420.0746657955616,1.2386659794764838,0.6248955642957231,0.005858860624734502,812,14,6,0.16448817986764297,0.0015817114438396015,7.057012746720367e-06,9.225312317659916e-08,-2.8625946496701805e-14,-1.6639437003456179e-09,-6.87113440525312e-14,quercus_semecarpifolia_14.ab.jpg,Quercus_Semecarpifolia
138445.0,1490.8813736438751,0.7730557044538269,0.7827101430605948,0.9663054668483742,0.9243709296688977,419.84955492516553,1.3576511801120688,0.7075713780441213,0.006558561161424691,908,11,7,0.16899166636414958,0.0030641469118262155,6.63617978883349e-06,1.3287362104196773e-07,-3.939303247592094e-14,-9.514389964221823e-10,1.1839023394336083e-13,quercus_semecarpifolia_15.ab.jpg,Quercus_Semecarpifolia
139397.5,1637.5504202842712,0.6918814151527135,0.6532440871983184,0.9238383055088403,0.8539856136480027,421.291359319438,1.119713996367,0.6108565239493718,0.011700353306108786,1631,20,11,0.1643088368294959,0.0014232974279369411,1.4504418111494053e-05,2.3153841002442467e-07,3.1922331708399183e-13,6.49979394137771e-09,2.795293522967648e-13,quercus_semecarpifolia_16.ab.jpg,Quercus_Semecarpifolia
221144.5,5120.0280203819275,0.3584375526763812,0.10600865666643558,0.5519340008771465,0.45699188628489196,530.6316259899,1.0621819544859894,0.3744900413601827,0.015229861018405478,3368,77,25,0.23496878470564764,0.00169652419405355,0.00031513208449363223,0.0001826426478517106,4.314978146315694e-08,7.401212741538731e-06,7.621510249937904e-09,Quercus_Shumardii_01.ab.jpg,Quercus_Shumardii
224878.0,4147.212664365768,0.3682841748409487,0.1643025190604864,0.5772296682450855,0.5594207988722951,535.0921064087509,1.0222865574328392,0.5568907798969137,0.012486770604450028,2808,40,15,0.23158017187188873,0.003983575479547518,0.0003575977730083768,7.111824139674414e-05,4.863623097891803e-09,4.4463388799089724e-06,1.0245674994532766e-08,Quercus_Shumardii_02.ab.jpg,Quercus_Shumardii
403967.5,6538.4241107702255,0.35642126029725063,0.11874357386096271,0.5530445222959861,0.4839205187297483,717.180169683882,1.1115770486695606,0.5167740528667459,0.011020688545462145,4452,55,20,0.23940792048874715,0.0038287817518649196,0.00022936025846720718,5.690293479493863e-05,4.6024933613140264e-09,2.8830778620780515e-06,-4.590897736522732e-09,Quercus_Shumardii_03.ab.jpg,Quercus_Shumardii
277402.5,4568.616771578789,0.394058912270273,0.16701319152947822,0.6215139576110207,0.5444142952537774,594.3061776629921,1.0040839076306407,0.4555196058226576,0.011903281333038083,3302,56,20,0.2121570176903834,0.0011342470408334093,0.00011171150909072292,2.0509145343170635e-07,-1.9756969125246795e-13,-6.353186298523604e-09,9.6159421758258e-13,Quercus_Shumardii_04.ab.jpg,Quercus_Shumardii
248610.0,5064.53054690361,0.34278268782612986,0.121800779500889,0.5534327142143599,0.491257475849009,562.6189502821682,1.0829149737507646,0.5252467695844013,0.013462853465212732,3347,55,21,0.2389259264373981,0.0021540745854717346,7.175584081864177e-05,3.9647026772820006e-05,2.114386436533909e-09,1.676357662740738e-06,-3.5207761858512786e-11,Quercus_Shumardii_05.ab.jpg,Quercus_Shumardii
227380.5,4759.812731862068,0.37043514385264337,0.12611982180590525,0.5564554613897004,0.5061239306028466,538.0611901091303,1.0083723083755305,0.6591318874486521,0.01406892851403674,3199,52,21,0.24745411199357467,0.008086894455720771,2.9623072859993062e-06,2.0927337923104515e-05,-1.6422825576085535e-10,1.8315573534726642e-06,1.3387295445488476e-11,Quercus_Shumardii_06.ab.jpg,Quercus_Shumardii
160246.0,3667.9679337739944,0.37770350536369407,0.14967387448526098,0.5933564633939231,0.529893931614972,451.69851016538775,1.1759679467818256,0.5920224238670062,0.015338916415914661,2458,60,20,0.22901959829500285,0.003050233988264076,6.2196001433209e-05,5.157378991603052e-05,-1.2323655695818882e-09,2.283354876621455e-06,2.648254277036721e-09,Quercus_Shumardii_07.ab.jpg,Quercus_Shumardii
221421.0,4191.354795575142,0.4216001005338588,0.15838710526114683,0.6260666723198856,0.5265050106128245,530.9632503618348,1.1134019297435043,0.6207361130609128,0.012934635829424784,2864,46,18,0.21409218391935003,0.0036844084778574777,0.00022264700664678208,2.6000009830150026e-06,-6.202644321641572e-11,-9.051647808038013e-08,8.1221037506012e-12,Quercus_Shumardii_08.ab.jpg,Quercus_Shumardii
253361.0,4014.869514107704,0.3526249130127312,0.1975180359826414,0.6022002469529367,0.6253839233853754,567.9694043640428,1.132145196866472,0.626637907335472,0.010972485899522924,2780,38,14,0.22507873360395816,0.00408374031074584,0.0006830765833623507,1.0052757748079587e-05,4.514667210937115e-10,3.906876206294355e-07,-7.000877059022074e-10,Quercus_Shumardii_09.ab.jpg,Quercus_Shumardii
346144.5,5255.719363570213,0.3594133209837175,0.1574718626495402,0.6018214014661937,0.549247205646445,663.8711212220189,1.0423940515644585,0.5481752136089904,0.01066317679463154,3691,47,20,0.2222886238198763,0.0021500156320386874,1.103341057803004e-05,9.214574379114758e-05,-1.2574475193696273e-09,4.127164729175507e-06,2.6554296269884496e-09,Quercus_Shumardii_10.ab.jpg,Quercus_Shumardii
299611.5,5961.203767418861,0.36121620057536635,0.10594986517970771,0.5481206184953457,0.4585124765243728,617.6384135215516,1.0544360401826642,0.5382584344941795,0.013167051331430311,3945,57,21,0.2389024518184213,0.0028959535083386725,0.00010732748275294246,1.1086912398491619e-05,-1.434724776062191e-10,5.959208517678461e-07,3.545157943478105e-10,Quercus_Shumardii_11.ab.jpg,Quercus_Shumardii
307260.5,5315.282854914665,0.3768402914045614,0.13666705489655112,0.5915710029397685,0.5165856991258231,625.4727964788705,1.007925885523033,0.5923573540618761,0.011696915158272226,3594,48,20,0.23009705028453692,0.0033406305910878764,0.0007146144273389064,1.0317713856777975e-05,8.484138396462937e-10,5.218487053283379e-07,2.551631130975311e-10,Quercus_Shumardii_12.ab.jpg,Quercus_Shumardii
374363.0,6502.666752815247,0.36481968193977266,0.11125506377032507,0.5551637257176316,0.47586935635360256,690.4011701074164,1.1333012920809766,0.7081904915203525,0.01182007837309825,4425,81,26,0.24167539107011804,0.007876324047241527,6.932434033942792e-05,1.315276119480513e-07,3.9354938033927194e-13,8.859566526776437e-09,-5.345058854255759e-14,Quercus_Shumardii_13.ab.jpg,Quercus_Shumardii
345876.5,5681.900160551071,0.3736458603401028,0.13463058196755917,0.5832001976159786,0.5076384220654306,663.6140726315194,1.0533075360030948,0.4942885269298641,0.0115590391367683,3998,60,22,0.22514612188928226,0.0019568261646934985,0.00018966293538556924,2.7397179722203355e-06,3.6133001682805784e-11,-2.417638617863174e-08,5.093843761916289e-11,Quercus_Shumardii_14.ab.jpg,Quercus_Shumardii
306496.5,5223.341728448868,0.34335573853095464,0.14116872880811102,0.5583658367283972,0.5351405908927548,624.6946967302674,1.1070885777926087,0.6643066614488587,0.011778274792659041,3610,65,21,0.24413016209099758,0.007957556082010212,0.00040231171511886986,6.582744610514128e-05,1.0668787305996429e-08,5.246790403174472e-06,-9.67041629771081e-10,Quercus_Shumardii_15.ab.jpg,Quercus_Shumardii
274336.0,5554.638194322586,0.2976839473589603,0.11173291105532512,0.47030748553009316,0.5105881397882565,591.0122196236433,1.0304843256994203,0.31665266781512463,0.012779948676029468,3506,51,18,0.2791757992411622,0.002240210802400239,0.002180698516157583,0.00033097301752159613,2.1866259411142603e-07,1.5664113810739798e-05,-1.767758169094918e-07,Quercus_Shumardii_16.ab.jpg,Quercus_Shumardii
56313.5,1046.6488384008408,0.6766009852135456,0.645981964564392,0.9390356764532131,0.9252862432358431,267.7696306574806,1.9955902013307547,0.846785179164852,0.006268479138993874,353,0,2,0.19275971284497032,0.011134457779133288,2.0796540420004298e-05,2.8190179143708344e-07,1.37994587571747e-13,1.6560896883949702e-08,6.684674973965662e-13,Quercus_Suber_01.ab.jpg,Quercus_Suber
28088.0,722.6416956186295,0.7040834231392955,0.675903426260113,0.9733513531907907,0.9309657989891023,189.11042364851613,2.072463768115942,0.8692473063209216,0.009790657931864474,275,0,2,0.20005196382224094,0.014416935831176685,3.991232920141871e-05,7.079351466866955e-06,1.1879793707173304e-10,8.450525255140072e-07,6.9166883781796725e-12,Quercus_Suber_02.ab.jpg,Quercus_Suber
42914.5,910.3645666837692,0.6662087059012325,0.6507036299862247,0.9693263312221057,0.9313100633035439,233.7529431740639,2.1813789578028127,0.8760576978367374,0.008039240815853867,345,0,2,0.20561106453093642,0.01664000451639467,1.417941136237174e-05,7.257342882938179e-07,-2.3267389378038564e-12,-9.16071335304615e-08,7.863913677869655e-14,Quercus_Suber_03.ab.jpg,Quercus_Suber
35668.5,796.2813062667847,0.7055524785238447,0.7069060027410432,0.9817783955359332,0.9406738670655708,213.10688562640615,1.9722501845095564,0.8615511292560083,0.007261308997932032,259,0,2,0.19735119070944201,0.013283756764772017,0.00010356900883831646,2.1132768513438014e-05,9.861780007115587e-10,2.3967534833509393e-06,7.009266212178328e-11,Quercus_Suber_04.ab.jpg,Quercus_Suber
41146.0,879.6955201625824,0.7001905928680793,0.6681480805325679,0.9552065559086904,0.9241619654164368,228.88581062982695,1.9068770416887144,0.8467111388007208,0.007120983813563384,293,4,3,0.19456984474426034,0.011918625416689201,0.0001071763368285935,1.4168799390693726e-05,5.287841333189315e-10,1.4191602180627488e-06,1.5888885522688654e-10,Quercus_Suber_05.ab.jpg,Quercus_Suber
28470.5,738.6833283901215,0.6818301561288957,0.6556746054177928,0.9570237654725529,0.9304490108100277,190.3937143352754,2.0327089553555333,0.8634492630611611,0.00825415781218264,235,0,2,0.20150801808792942,0.014820891385063414,2.3885200032129704e-05,3.5802411064908847e-06,2.6328630999530917e-11,1.6627480540963303e-07,-2.0073424793603543e-11,Quercus_Suber_06.ab.jpg,Quercus_Suber
34002.0,814.2396770715714,0.6904239765941678,0.6444805341314779,0.9402427895655714,0.9293059031142897,208.0689573196468,2.1390728476821192,0.8532699508070039,0.008499500029160063,289,0,2,0.19631813951982333,0.012708333532856827,1.3179283445729489e-05,2.8877335456942314e-07,4.374004235692993e-13,2.8259491846677603e-08,-3.5503363505069794e-13,Quercus_Suber_07.ab.jpg,Quercus_Suber
38386.5,863.5950152873993,0.6704479957965165,0.646797192437075,0.9572931993077809,0.9326560775296763,221.07738415309768,2.07692314095873,0.8725601987462694,0.00870097560317557,334,0,2,0.2010842897533634,0.014548568037943918,4.421862916920882e-05,1.8177947630101533e-06,-1.590426501501171e-11,-2.1895702331700658e-07,3.558305636428905e-12,Quercus_Suber_08.ab.jpg,Quercus_Suber
42588.0,896.8082164525986,0.6901312591040328,0.6654232211571107,0.9690653620577038,0.9374253346107148,232.86203153623202,2.1420118343195265,0.8783563898680518,0.009838452145913439,419,4,3,0.20423990677815324,0.016119308499636914,1.2744686051827137e-06,6.622804748092122e-08,-1.902291956053397e-14,-8.053769454924731e-09,2.88866250529866e-15,Quercus_Suber_09.ab.jpg,Quercus_Suber
28172.5,790.3401823043823,0.6260555555416432,0.5667703545201562,0.9238702695309283,0.9059746938836852,189.39467013105562,2.2437357440694448,0.879667032242856,0.01164255923288162,328,4,3,0.2106156364383064,0.017312861219746435,0.00038790937537664863,4.627196511915648e-05,5.1453777666854146e-09,4.56400702066044e-06,3.457788602474824e-09,Quercus_Suber_10.ab.jpg,Quercus_Suber
30020.0,758.3818111419678,0.6540305010750755,0.6559107292532509,0.9630283101784256,0.92746338667017,195.5061409085392,1.907532585420421,0.8449752681748188,0.010026648900398845,301,4,3,0.19516669530184771,0.011865621352303606,0.00015176692516354097,2.2182597238373515e-05,1.2299297222932457e-09,2.1490402702374003e-06,3.792889905873634e-10,Quercus_Suber_11.ab.jpg,Quercus_Suber
38101.0,835.009230017662,0.7126477629673678,0.6866946852417916,0.9665520871404621,0.940900153604234,220.2537170945236,2.013241561353029,0.8631267712265505,0.00824125351019025,314,4,3,0.19959030576689557,0.014087482484414455,4.572345134701003e-05,1.0737828220746152e-05,2.312950559442042e-10,1.150756995630699e-06,-5.578505362829394e-11,Quercus_Suber_12.ab.jpg,Quercus_Suber
36088.0,865.9554052352905,0.6734971912607823,0.6047580016779132,0.9368153262827263,0.9138812168545397,214.35640576013247,2.20065458585434,0.8712201727618214,0.008313012635548853,300,0,2,0.20426528474726893,0.015495564816594726,0.00010334855904238086,7.622575978944307e-06,1.6861989480071327e-10,6.858658165720881e-07,1.316828246302873e-10,Quercus_Suber_13.ab.jpg,Quercus_Suber
39224.0,881.8965309858322,0.6768710417664348,0.633762408781873,0.9428732827503786,0.9223158525032127,223.47605666534395,2.063931136435386,0.867765168689641,0.007801346114424808,306,0,2,0.20077415683551153,0.014337418938476074,6.588493302736229e-05,5.360708048678567e-06,9.064376741644194e-11,5.422402900669653e-07,4.3970361633659885e-11,Quercus_Suber_14.ab.jpg,Quercus_Suber
53477.5,937.3351310491562,0.7244899341490166,0.7648762417857599,0.9646274700620574,0.9283538503116373,260.9399696358813,1.015337677180802,0.7101372302803561,0.00534804356962558,286,0,2,0.17020035342524406,0.003209813244713726,7.747112232012689e-05,2.3738267201463063e-06,2.7974340974312517e-11,1.1311554942787526e-07,1.5929204858655784e-11,Quercus_Suber_15.ab.jpg,Quercus_Suber
34569.5,785.9381593465805,0.6757662835116943,0.7032766710282587,0.9577232618759202,0.9295321271468364,209.7981278317855,1.8060760229241246,0.7977877218269449,0.00824426155980722,285,4,3,0.18212001606081601,0.007373776674786293,1.5937866094799537e-05,3.747957297049015e-07,-3.6169030040307204e-13,-3.4252735928887816e-09,-8.415942086014936e-13,Quercus_Suber_16.ab.jpg,Quercus_Suber
182363.0,3384.2034319639206,0.340715760366305,0.20009381701236748,0.60098140665893,0.6301048926351716,481.86282601642813,1.0256891047185148,0.6540177717703523,0.012518986855817687,2283,27,11,0.2390461930036774,0.009577796724974857,0.00017653643691884234,6.324105696701247e-05,5.239985125724816e-09,4.565412337590811e-06,-4.1465178184473395e-09,Quercus_Texana_01.ab.jpg,Quercus_Texana
246771.0,3955.708048224449,0.3705303651378683,0.1981780373978063,0.5942272752980353,0.6139262861226049,560.5342056412265,1.0605767838140443,0.7083024004823948,0.010734648722861541,2649,31,12,0.2367897094335394,0.009588562113671541,0.00021707825995133332,6.281909154776351e-06,1.891843547521808e-10,6.491448653818758e-08,-1.3424896936593873e-10,Quercus_Texana_02.ab.jpg,Quercus_Texana
225987.0,3635.056246638298,0.3575743670880418,0.21491713892119654,0.5975488511050066,0.6667635697506777,536.4099038944613,1.1268351698626646,0.797593063068971,0.010058100687163164,2273,25,10,0.2572335535759327,0.02097236305789797,0.00023920328297891006,1.2504620524158762e-05,-4.037526507997251e-10,-1.5039124801415024e-06,5.519927390384104e-10,Quercus_Texana_03.ab.jpg,Quercus_Texana
258774.5,4072.6613652706146,0.38108313084400103,0.19605356355560244,0.5932779659643304,0.6205559978045765,574.0051624933955,1.003686404289634,0.7137945379183007,0.010526539516024468,2724,35,13,0.24613200322328227,0.012394891849884656,0.0002762917452902949,1.7362930475025113e-06,-3.0420435767369705e-11,1.0949497543082836e-07,2.282160884443928e-11,Quercus_Texana_04.ab.jpg,Quercus_Texana
274875.5,4085.6908041238785,0.3983448881514826,0.2069259235200356,0.6030662806743732,0.6360384632620217,591.5930666250664,1.1335173344199136,0.7220305303658128,0.009808076747437265,2696,25,11,0.2346387330800341,0.010058363523783625,0.001001542495843165,0.0001795927109098236,7.407074182619098e-08,1.79998352698419e-05,1.7747144122293693e-08,Quercus_Texana_05.ab.jpg,Quercus_Texana
220212.0,3636.262307405472,0.4088068761943141,0.20928612498050367,0.616186177697581,0.6288310380095412,529.5116869581063,1.0564914562895538,0.7382520582605406,0.010812308139380177,2381,32,11,0.23598386428819912,0.011114653553153915,0.0008880472313171832,0.00021162908658654324,8.803468633004868e-08,2.2156237384870962e-05,-2.5826095772107728e-08,Quercus_Texana_06.ab.jpg,Quercus_Texana
169915.5,3082.3973050117493,0.35070568177993067,0.2247323686586539,0.6318111506888984,0.6769397989791353,465.1270083143394,1.2247165384171834,0.756071851670044,0.011953000167660084,2031,28,10,0.24046085592542793,0.011477436443667598,9.335666878816172e-05,2.8333723658290387e-05,-5.812603414408624e-11,2.8968352764624427e-06,-1.4560704419110157e-09,Quercus_Texana_07.ab.jpg,Quercus_Texana
214301.0,3700.0024248361588,0.38458128750612924,0.19671163325600224,0.5936118466959723,0.6185976790710216,522.3566862559434,1.2116578063925914,0.7320200879924759,0.011390520809462436,2441,31,11,0.2366216536583587,0.010877875960665799,0.0006440135972629323,0.000193946059013887,6.832463261642619e-08,2.021523289689022e-05,5.478500048802812e-09,Quercus_Texana_08.ab.jpg,Quercus_Texana
266060.0,4186.820747256279,0.37711726268886747,0.19073074958371902,0.5952791139935222,0.6074202023721497,582.0293061970655,1.0403124432958584,0.7432492894683048,0.010290911824361832,2738,27,12,0.24169478283133447,0.011764041697478085,0.00014514408097420053,2.0439649277266217e-05,5.764834035386633e-10,4.350659416246622e-07,9.524128111923975e-10,Quercus_Texana_09.ab.jpg,Quercus_Texana
266411.0,4451.496930480003,0.38112834510664984,0.16894675719569613,0.5818263219664616,0.5712236495696059,582.4131011167584,1.0028946539073065,0.6617603041021406,0.010547612523467321,2810,32,12,0.23922974413558507,0.008804919075315202,3.022181969203403e-05,2.3345873507436996e-08,-1.7309830352109397e-14,1.7696636243586333e-09,9.215105022708178e-15,Quercus_Texana_10.ab.jpg,Quercus_Texana
231536.5,3990.837988138199,0.33822921459877114,0.18268426110767028,0.5505701604711315,0.6176114991026456,542.9561933062123,1.0379251116571586,0.6942120975164406,0.010991787471906192,2545,32,11,0.26637109875888304,0.015868578418162742,1.933884000281656e-05,3.976196722007089e-07,8.443256168963688e-14,4.753206505346797e-08,1.0993599937902577e-12,Quercus_Texana_11.ab.jpg,Quercus_Texana
209535.5,3668.848093867302,0.35599689426159553,0.19561764031905285,0.5575814908971082,0.6375210003993854,516.5161029685858,1.0762678151061151,0.7148071454625522,0.010890755981631318,2282,20,9,0.24856111600467246,0.011719736653932262,0.00029978989997326574,5.972099543526419e-05,6.983634148337531e-09,6.43356290556358e-06,-3.883854382829424e-09,Quercus_Texana_12.ab.jpg,Quercus_Texana
286563.5,4691.739572644234,0.3262684075933373,0.1635923315093851,0.5311511842129562,0.5954853240877535,604.0397174670841,1.1206723991979142,0.6811209220870516,0.01047935274377065,3003,39,13,0.25587289386714,0.013259734609324166,0.00044709036964519675,0.00010279190349191018,1.5294390351990215e-08,1.0893453689567552e-05,-1.5864242872757927e-08,Quercus_Texana_13.ab.jpg,Quercus_Texana
201762.0,3662.914107441902,0.3768188482255048,0.18897126420266402,0.5904031181947749,0.6097261412676399,506.84450971166285,1.0749150738739213,0.7094352679056187,0.012405705732435216,2503,34,14,0.2435883926864309,0.011729938498558896,6.698403415543805e-05,2.4045413375120725e-05,4.3592459232783917e-10,2.6004563269215677e-06,8.609433876719488e-10,Quercus_Texana_14.ab.jpg,Quercus_Texana
165267.0,2846.816570043564,0.4034060813456306,0.2562577671490499,0.6522482985050063,0.7020907706290327,458.72048116445177,1.4460025551615778,0.7976062568574108,0.011448141492182661,1892,23,9,0.23228481450691557,0.015567578961103518,0.0003787762239159117,0.00010911922518469588,2.11258164760553e-08,1.349254459377047e-05,6.770336765304823e-09,Quercus_Texana_15.ab.jpg,Quercus_Texana
177630.0,3437.326234936714,0.4053619229522403,0.18892293081355507,0.6341086405891855,0.5874464375100376,475.56864944117893,1.0130611432571677,0.7348727096124827,0.013094634915199601,2326,37,14,0.23455738931910497,0.011682628577676605,0.0003306936125143087,8.924764879453992e-05,1.4618697373294847e-08,9.531112603137983e-06,-4.623196324488071e-09,Quercus_Texana_16.ab.jpg,Quercus_Texana
140260.0,1784.6214855909348,0.6424632184510413,0.5534156852467627,0.9359214749408732,0.8535323028330575,422.5926863358545,1.8566212586890332,0.8628302414434124,0.013168401539903262,1847,39,16,0.19964973632718613,0.014117809223546676,2.498689284092055e-05,5.391296346681281e-06,6.238564345199866e-11,6.219419535657421e-07,-4.855236652149282e-12,quercus_trojana_01.ab.jpg,Quercus_Trojana
139624.5,1765.20727288723,0.6662745752974505,0.5630929353708711,0.948275100933858,0.8796296837796856,421.63424293322606,2.213228715753199,0.8924934652798939,0.009740410887704231,1360,16,8,0.21372682138626806,0.01998327746211732,7.693316284359484e-05,2.088140015762983e-05,8.286956197002717e-10,2.803474417258902e-06,1.1721023812249728e-10,quercus_trojana_02.ab.jpg,Quercus_Trojana
140107.5,1746.236711025238,0.6492469879487986,0.5773843652213009,0.9454968147644448,0.8740340263899989,422.3628884194039,1.9910977717387568,0.8610855290828742,0.012290562603627282,1722,29,13,0.19888461254568524,0.013650594677690581,0.00011722032019222928,2.790432139454933e-05,1.5883203626680073e-09,3.1714961833790124e-06,1.554674537874595e-10,quercus_trojana_03.ab.jpg,Quercus_Trojana
139902.5,1748.7808693647385,0.6806913832497412,0.5748632579259474,0.9489225614282493,0.8774209551920895,422.0537826004064,2.1423948220064726,0.87227852016424,0.010635978627897029,1488,24,10,0.20602521055804737,0.01672826847569991,0.00010519195095535148,2.4133798057933202e-05,1.2146941425739568e-09,3.105806487642212e-06,5.610888673411127e-11,quercus_trojana_04.ab.jpg,Quercus_Trojana
140296.5,1841.4915426969528,0.6214684385354531,0.5198969187080879,0.9308203432050687,0.8313409312735668,422.64766861765224,1.8472041816323128,0.8505336459069919,0.012901248427345647,1810,35,14,0.19656162726026724,0.012437052452507381,0.00014698411514613667,3.432677502146095e-05,2.429856702996622e-09,3.82777863242665e-06,2.025751852348009e-10,quercus_trojana_05.ab.jpg,Quercus_Trojana
139906.5,1715.9179507493973,0.6614683063100791,0.5971105176618964,0.9483257642449107,0.8759408697630402,422.05981609896253,1.9247682720017463,0.8496623557464197,0.013001540314331345,1819,36,14,0.19441387482136185,0.012106477281068196,4.131331725348157e-05,6.850435824324464e-06,1.1385725035612683e-10,7.222071457875523e-07,-1.7831196061205643e-11,quercus_trojana_06.ab.jpg,Quercus_Trojana
140655.0,1861.7686746120453,0.6829968242836048,0.5099335678105991,0.9401412333964518,0.8331774730707302,423.1873204205489,2.2002133129957073,0.8923165017862915,0.015683765241081483,2206,33,16,0.21295119135115795,0.01971482521500769,5.905857784330164e-05,1.7101506575210932e-05,5.429913961822844e-10,2.3822155728048384e-06,-2.331852714005044e-11,quercus_trojana_07.ab.jpg,Quercus_Trojana
139930.5,1731.6092936992645,0.6367858199247456,0.5864384455251739,0.9450485253233667,0.861767438214997,422.09601527918227,1.6090045757313678,0.8388403431136435,0.01029082294417378,1440,24,11,0.1905302747708585,0.010429113764069601,1.679834462369086e-05,4.497082515979222e-06,3.862496886985658e-11,4.518447498827385e-07,5.990456801293563e-12,quercus_trojana_08.ab.jpg,Quercus_Trojana
139440.0,1719.5920499563217,0.6718801948535833,0.5925791693915463,0.9436797011346375,0.8679233790799873,421.35557682065996,1.8983631581273588,0.8454343366117358,0.010764486517421366,1501,21,11,0.19384439110842588,0.01178368413281614,0.00010195371305352007,1.4247902651928456e-05,5.193140293379772e-10,1.2948387419220476e-06,1.5874539371638387e-10,quercus_trojana_09.ab.jpg,Quercus_Trojana
140590.0,1854.5382252931595,0.6320242398058297,0.5136800702401423,0.937963886482699,0.8406653025449251,423.0895266894662,1.9792047186469073,0.8690400706717352,0.012945444199353114,1820,33,14,0.20484761143004349,0.01568228872704033,0.0002565541623770192,7.10794781919226e-05,9.598543155773975e-09,8.88221285521439e-06,1.5373817326384112e-11,quercus_trojana_10.ab.jpg,Quercus_Trojana
140168.0,1784.1362055540085,0.6771368254226929,0.5533535846940815,0.947926529060054,0.852309990808739,422.454069108629,2.084745875361639,0.8708660663502306,0.012242451914757702,1716,25,12,0.2032341409804972,0.015649146966440628,4.640028136093867e-05,9.306706175016844e-06,1.8792565399542918e-10,1.0128806225966365e-06,4.568519219696891e-11,quercus_trojana_11.ab.jpg,Quercus_Trojana
139679.0,1738.9646322727203,0.65917413874158,0.5804428724868786,0.9489932840243569,0.8768002882721639,421.7165237088331,2.0545367386219158,0.8744089635501855,0.01064583795695383,1487,24,10,0.20615892910813874,0.016677038332126314,9.096838894481117e-05,8.34574581513276e-06,1.184373723852093e-10,1.974886196043698e-07,1.971089069751784e-10,quercus_trojana_12.ab.jpg,Quercus_Trojana
140439.5,1879.893565416336,0.6436923062790763,0.4993816913228508,0.9334195152041219,0.8562006822496275,422.8630097831139,2.3317639846277194,0.9009992833868404,0.013365185720446418,1877,33,13,0.22236318763205573,0.02334423398268303,0.00030126049686028596,9.099987237401489e-05,1.5022211710111893e-08,1.369276314734696e-05,-1.163346052199426e-09,quercus_trojana_13.ab.jpg,Quercus_Trojana
140174.5,1759.1483999490738,0.6565980907382376,0.5692118390373575,0.9392587083115445,0.8734263085680463,422.46386421027665,2.0793401661113573,0.870882511680691,0.012805467470810985,1795,35,14,0.2032319938693875,0.015557201603306405,7.04906435384728e-05,1.7571444695586685e-05,6.161683251419153e-10,2.170401776476896e-06,-5.26146005937041e-11,quercus_trojana_14.ab.jpg,Quercus_Trojana
139868.0,1756.396091580391,0.6959992038181927,0.5697486500493537,0.9445084089870749,0.8649832466539745,422.0017400947747,2.0803357133272264,0.8734329801470162,0.01121056996588776,1568,25,11,0.20423057194761796,0.0160088227608595,8.218374069200562e-05,1.8269901587683387e-05,6.986608181973603e-10,2.1915460595535204e-06,-1.1425401907809352e-10,quercus_trojana_15.ab.jpg,Quercus_Trojana
139915.0,1749.3666553497314,0.6789880813694823,0.5745296579747168,0.9441818249236996,0.8751878963149592,422.07263699702247,2.087067514637482,0.885050600841512,0.011607047135678039,1624,33,13,0.2096775337728164,0.01821690682022577,0.00010159704424147004,2.389587646575074e-05,1.164314716897621e-09,3.035119295752405e-06,-1.7506591970485577e-10,quercus_trojana_16.ab.jpg,Quercus_Trojana
140296.0,1830.2783411741257,0.6561560227268612,0.5262848545653844,0.9543166544162768,0.9067051300663335,422.64691548402953,2.5982131094466463,0.9193514597348454,0.010855619547165594,1523,23,11,0.23483469711414243,0.029433316578941503,3.715084677148653e-05,3.088261891079244e-06,-1.3276221092266011e-11,-3.0956817978716667e-07,-3.029815452979866e-11,quercus_variabilis_01.ab.jpg,Quercus_Variabilis
141087.5,1927.1483982801437,0.6338589752201008,0.47738424863843043,0.9275847786292909,0.88950864411632,423.83745028940314,2.7774285401106273,0.9200231812106527,0.012247718614248266,1728,25,12,0.23627986801487572,0.030005094777379275,2.4037924330331433e-05,1.247508073456808e-05,2.1602471360261937e-10,2.150248736400003e-06,1.4726601493851996e-12,quercus_variabilis_02.ab.jpg,Quercus_Variabilis
140911.0,1890.7880091667175,0.6755696827578946,0.4953008599877813,0.9410283722218554,0.8823837367556683,423.5722576942174,2.7454021546951184,0.929023548938814,0.01454109331411642,2049,43,17,0.24614881604592045,0.03496099546010912,3.8995903746660063e-05,1.440188695609666e-05,3.3866037333705446e-10,2.486386646928205e-06,4.238014915936131e-11,quercus_variabilis_03.ab.jpg,Quercus_Variabilis
140395.5,1817.231656551361,0.6403297530243764,0.5342474580671658,0.9453573989654243,0.8775856116728113,422.79676264473164,2.270967741935484,0.8929574771193788,0.014195611682609516,1993,41,16,0.21350395348131063,0.019778148455957753,2.9286904225668893e-05,4.983305509869779e-06,5.3542338710349864e-11,4.090286982843257e-07,2.7523327358639106e-11,quercus_variabilis_04.ab.jpg,Quercus_Variabilis
140892.0,1921.8763202428818,0.6382076625477292,0.47934182664684133,0.926244650282187,0.853547607285425,423.5437001500867,2.5749802970174325,0.916647962258418,0.013847486017560631,1951,39,17,0.233691603824013,0.028949755802555856,2.4494751765670022e-05,2.045682260048512e-06,-6.956122258350876e-12,-2.261406355798539e-07,1.2700674149784138e-11,quercus_variabilis_05.ab.jpg,Quercus_Variabilis
140390.0,1831.758569598198,0.6640964995238217,0.5257866731525449,0.9454445050478113,0.907671936447851,422.788481022567,2.7025089605734767,0.921715576118145,0.010107557518269765,1419,16,8,0.2373400667437413,0.030672973916921545,1.8512897852239366e-07,4.3286905085621626e-08,3.793939640227539e-15,7.332019311591047e-09,-7.884590721055133e-16,quercus_variabilis_06.ab.jpg,Quercus_Variabilis
140981.0,1873.4742999076843,0.6582268433971966,0.504748423348411,0.9490889873946077,0.8815475138639597,423.6774530893849,2.6329307030599742,0.9211521797503118,0.013952234698193712,1967,48,18,0.23583594883948902,0.02967983704791078,0.00019242686826335937,1.7613073253977617e-05,-1.9479185496852588e-10,-1.485764379228831e-06,-1.0067093876457241e-09,quercus_variabilis_07.ab.jpg,Quercus_Variabilis
140014.0,1843.0478934049606,0.6686724835323931,0.5179741484613154,0.951744577291254,0.9175260693722377,422.2219340779788,2.849338610780126,0.9317184080672317,0.00992043652770494,1389,22,8,0.24985849484352343,0.03589082832714188,0.000606829939109396,0.00010741307014856974,1.973179475859534e-08,7.870705178404562e-06,1.9044470531037075e-08,quercus_variabilis_08.ab.jpg,Quercus_Variabilis
140692.0,1883.793060541153,0.6807172371049209,0.49821050654701055,0.9375060388221702,0.9071818307437067,423.24297752931415,2.9336262345227695,0.9324866305607318,0.010860603303593234,1528,22,10,0.2504585350952954,0.03706331534493489,3.9786129934843885e-05,3.022455728470917e-06,-3.0477695433269995e-11,-5.534430507196182e-07,-1.3024558305696255e-11,quercus_variabilis_09.ab.jpg,Quercus_Variabilis
140077.5,1795.0306479930878,0.6429348424733654,0.5463041631880845,0.9468470538867059,0.8932606024705901,422.31766755327646,2.308794837085471,0.8951543029057314,0.012457389659206813,1745,26,13,0.213773646704359,0.01983871292259622,7.373646629352418e-05,2.492433580424899e-05,1.0682213257228292e-09,3.5089660425715648e-06,-2.4618988897058516e-11,quercus_variabilis_10.ab.jpg,Quercus_Variabilis
141792.5,2031.491545677185,0.648787462820184,0.43175073466776265,0.9226056855757311,0.844758779299384,424.8950672187906,2.7590241829984987,0.9277114693092745,0.017377505862317275,2464,42,19,0.24800537821667637,0.0355012930572835,0.0002486774743659085,7.940161304287209e-05,1.0892035199851912e-08,1.292652123541079e-05,-2.4188200231804195e-09,quercus_variabilis_11.ab.jpg,Quercus_Variabilis
140923.5,1896.687501192093,0.6442629471113842,0.4922681303734591,0.9364309920862752,0.870174779284428,423.5910445022247,2.547278269659733,0.9113697586889469,0.015909340883416112,2242,40,17,0.22888852001169346,0.026645707571258264,2.0976317175621356e-05,1.5986993115251068e-06,-2.920073511687264e-12,-1.402662437698104e-07,8.78537407678264e-12,quercus_variabilis_12.ab.jpg,Quercus_Variabilis
140714.5,1908.1189604997635,0.6729917546646723,0.4856661351992528,0.9518509123436872,0.9019484206552779,423.27681949007797,3.0076045627376424,0.9369466077752389,0.012791858692510068,1800,29,12,0.25555645643708286,0.03962546670081413,2.329397416141502e-05,1.2246036936664072e-05,2.0682663478272532e-10,2.4372169554943826e-06,1.3073931144854228e-12,quercus_variabilis_13.ab.jpg,Quercus_Variabilis
141696.5,2004.2367137670517,0.6101874101033934,0.443272674837525,0.9207708153219478,0.8690937461328905,424.7512061790596,2.7761512893826925,0.9220243639555984,0.01598486906863624,2265,52,19,0.23681375079181066,0.02974681809451896,0.0002817407700439179,0.0001122013487428791,1.9918683174067633e-08,1.8701496121113178e-05,-1.1000868431950154e-09,quercus_variabilis_14.ab.jpg,Quercus_Variabilis
140124.5,1792.0012100934982,0.6786347345957059,0.5483367362595072,0.9454743582326872,0.8931235564879749,422.3885114278587,2.46361920997484,0.909874126619495,0.013231090922620732,1854,37,14,0.2264294233774034,0.025704160955179856,1.916528549779617e-06,3.6388554673115794e-07,2.9113127977930753e-13,4.8687560165998325e-08,-8.710221965348473e-14,quercus_variabilis_15.ab.jpg,Quercus_Variabilis
140110.5,1810.9473881721497,0.674984102205096,0.5368696832398683,0.9563726092411272,0.9099911655968599,422.36741023972957,2.68320968034146,0.9210617418691986,0.011212578643205094,1571,21,10,0.2358175765784066,0.029794917196811568,0.00013385398596554442,4.145677185674089e-05,3.0258423688572558e-09,6.1748204297483045e-06,6.17583247931862e-10,quercus_variabilis_16.ab.jpg,Quercus_Variabilis
115246.0,1801.5331749916077,0.5993062886411301,0.4462222242601422,0.9031075029021663,0.7701751698761377,383.06104549085717,1.3889074589868275,0.7798511007178376,0.011696718324178743,1348,29,10,0.18325822875806497,0.005679389035857483,0.0005788060346771001,6.657298369978737e-05,1.2712888990252873e-08,4.532958209422965e-06,3.0263118067040915e-09,Quercus_Vulcanica_01.ab.jpg,Quercus_Vulcanica
177360.5,2613.8977422714233,0.5608414495302275,0.3262042245928309,0.8559353320824953,0.6674868260436915,475.20774643728276,1.2780292724580808,0.7542343811791482,0.011445615004403767,2030,34,14,0.18057654044338758,0.003879928028348125,0.0005325805886888462,4.698159789424477e-05,7.4268314517100166e-09,2.9264128091319028e-06,-2.671439102958995e-10,Quercus_Vulcanica_02.ab.jpg,Quercus_Vulcanica
163425.0,2415.429708123207,0.5868780636683717,0.35199747700560025,0.8806815885362892,0.6885255421942057,456.15696048437536,1.4594326809487745,0.8060783958142369,0.012207434602954214,1995,41,15,0.1896469924826467,0.008629085756356335,0.0001314695486491284,1.8963394520232893e-05,8.467190195781251e-10,1.542206567548284e-06,-4.2380965902209446e-10,Quercus_Vulcanica_03.ab.jpg,Quercus_Vulcanica
153772.0,2212.552509188652,0.6039748625270857,0.3947298361105035,0.8947333203333183,0.7381075548145417,442.48004618628335,1.7085240794226764,0.8402705705123973,0.011582082563720428,1781,26,13,0.19667291675233395,0.011179498022034341,0.00036866683560412487,6.877501707500077e-05,1.0809017057473101e-08,7.146224329155115e-06,1.7591750567774835e-09,Quercus_Vulcanica_04.ab.jpg,Quercus_Vulcanica
133900.5,2097.0550359487534,0.5989144436664747,0.3826241747543574,0.8844621908628959,0.7161431935373396,412.9012129551216,1.3522229008687277,0.8067621050437723,0.011874488892783263,1590,27,12,0.187522679007184,0.007885020642818805,0.00013801475707425365,2.018284729827574e-05,1.0636479431233958e-09,1.7920623511962153e-06,-5.771966640041108e-11,Quercus_Vulcanica_05.ab.jpg,Quercus_Vulcanica
160000.5,2212.393129825592,0.6009859895556436,0.4107774565243538,0.8700384175090875,0.7599124483365004,451.3523720746335,1.707899880994564,0.8125001858357053,0.010881215996132005,1741,26,12,0.18878058933446418,0.007725587039949825,0.0005506802747956634,8.125525043451356e-05,1.713018279378805e-08,7.0933716633605505e-06,-1.4093653174365775e-09,Quercus_Vulcanica_06.ab.jpg,Quercus_Vulcanica
145886.0,2335.2043083906174,0.5936261464692594,0.33618142536849027,0.8824061332755747,0.6910341835779713,430.98471460509353,1.6159630912513092,0.8410357849347193,0.012043650521557628,1757,36,15,0.2006311915553714,0.011599765858903748,0.0006563286596006843,0.000127826932031604,3.6811686383397444e-08,1.375688620948599e-05,3.968009925636397e-09,Quercus_Vulcanica_07.ab.jpg,Quercus_Vulcanica
128785.0,2105.5230699777603,0.5957276541389126,0.3650523409252243,0.8863935137008734,0.7233962187588386,404.93722324419366,1.7160018897566283,0.8501053838149307,0.01384478005968207,1783,33,15,0.20539183389571866,0.01350332359828446,0.0010301968645868593,0.00020730521520462197,9.473414490533863e-08,2.3695209072403222e-05,-1.4265416270210359e-08,Quercus_Vulcanica_08.ab.jpg,Quercus_Vulcanica
146560.0,2071.581946372986,0.5959201265330186,0.4291618268147449,0.8950338324688238,0.7555268824457149,431.97915190016454,1.3330738888681213,0.7802217194384119,0.012111080785943565,1775,30,14,0.1819820013224825,0.005812810264990083,0.00036676002087977956,4.750203363539596e-05,6.248540917059233e-09,3.587020744281388e-06,5.168599912874147e-10,Quercus_Vulcanica_09.ab.jpg,Quercus_Vulcanica
130284.0,2180.0428401231766,0.5928872101727325,0.34448545671307634,0.8633797216642586,0.6955290171311603,407.28704969133986,1.5456804362488559,0.8428294993428316,0.013462896441516511,1754,38,15,0.20074830210771566,0.011606427815859417,0.0006020930835491611,0.00012854555228712297,3.520470493726374e-08,1.355489098188534e-05,6.286771234571472e-09,Quercus_Vulcanica_10.ab.jpg,Quercus_Vulcanica
134301.0,2198.611383318901,0.6077573333064479,0.34913401761784535,0.8828738216326609,0.6957069667471684,413.51825122656567,1.7166903473089694,0.8295587572830252,0.012762377048474974,1714,30,14,0.19465382541959855,0.01012215074476114,0.00037486573671389675,7.365520064469308e-05,1.223137884802097e-08,7.348963103978653e-06,-4.2949651575396365e-10,Quercus_Vulcanica_11.ab.jpg,Quercus_Vulcanica
125154.5,2177.7068395614624,0.5919233625118029,0.33163281954318913,0.8676823349912113,0.6761274365315408,399.1887505949497,1.5322095944950502,0.7965961042639649,0.013159734567968713,1647,24,12,0.1865790997673925,0.006502325931949402,0.00046025663820260814,4.4702360483824614e-05,6.339656856397084e-09,3.5996849047178535e-06,-9.606829634272003e-10,Quercus_Vulcanica_12.ab.jpg,Quercus_Vulcanica
230496.0,2770.449038743973,0.5901437876352101,0.37737482558754654,0.8797271844200485,0.7234025598835456,541.734826371054,1.7694589278180204,0.8154075794136415,0.009670449812536137,2229,32,14,0.1908415504719384,0.008935754617295521,0.0002427876865973774,4.085311771570914e-05,4.067562452275997e-09,3.805119036828721e-06,-9.439209387135636e-11,Quercus_Vulcanica_13.ab.jpg,Quercus_Vulcanica
149950.0,2128.812394618988,0.6069891798436401,0.4157971936551463,0.8849949243319897,0.7330364517171521,436.9465296040668,1.0954955588425115,0.7709734502462707,0.010976992330703721,1646,27,13,0.18397672475771998,0.006493673624627491,0.00026889620447072304,2.987496266959567e-05,2.65832329178041e-09,2.38084010139962e-06,-3.211122249079007e-10,Quercus_Vulcanica_14.ab.jpg,Quercus_Vulcanica
140478.0,2498.5424003601074,0.5553697444086446,0.28277742267567874,0.8614107273109265,0.6471815238575634,422.9209675167527,1.7298100971252874,0.8382614131121561,0.01368897620970053,1923,35,15,0.20378998499256726,0.011639038803299358,0.0012728120259202986,0.00027223315233990505,1.5966672730641442e-07,2.9042969397896385e-05,1.3641118814534838e-08,Quercus_Vulcanica_15.ab.jpg,Quercus_Vulcanica
149389.5,2209.848972797394,0.6404859288957465,0.3844189163242096,0.8897289828391155,0.7174730749885361,436.1291310703902,1.6955738970277785,0.8165599355792916,0.011694262314207528,1747,30,13,0.18873695760635079,0.007967883584365133,0.0005372861942918723,6.211920516829263e-05,1.1322142733950883e-08,5.53612246851246e-06,7.742366333798617e-10,Quercus_Vulcanica_16.ab.jpg,Quercus_Vulcanica
95342.5,1560.7564836740494,0.6824216960555827,0.4918425574190727,0.9257137586262657,0.8635638688081995,348.416189770097,2.545274582973664,0.9218873115135993,0.013949707632861005,1330,28,11,0.23846902815600773,0.0310556000444876,1.0309215651585272e-05,2.388561241609258e-06,1.1339606287363493e-11,3.5482923822599146e-07,3.4496210794116787e-12,Quercus_x_Hispanica_01.ab.jpg,Quercus_x_Hispanica
85117.5,1571.5260343551636,0.6020817417833653,0.4330973867887041,0.9088700721724163,0.8580994515555788,329.20353422919874,2.7911857109913862,0.932450054033273,0.015261256498190606,1299,24,11,0.25791416998590516,0.03996689628601774,0.0002018836944905878,3.410255635828024e-05,1.7643904572561999e-09,1.4565178284169848e-06,2.21218961656383e-09,Quercus_x_Hispanica_02.ab.jpg,Quercus_x_Hispanica
92207.0,1565.685415506363,0.6560721197585377,0.47267729779131323,0.9087791055719229,0.8398272211558087,342.63916691089935,2.368829087412124,0.9078090217493895,0.014543364386494048,1341,20,11,0.22830414411698596,0.025941321030839147,0.00022938721280575273,7.475180004100198e-05,9.78231063340209e-09,1.2035948992537152e-05,-3.486338064013562e-10,Quercus_x_Hispanica_03.ab.jpg,Quercus_x_Hispanica
160344.0,2204.7880079746246,0.6435925326799754,0.41450416746504665,0.8892142346100054,0.7995022307448519,451.8366093634013,2.4672942361931685,0.9176937006859849,0.014175772089918076,2273,35,15,0.2340485957990447,0.028738468337528824,8.353438946754089e-05,2.8828416481623097e-05,1.4131338174937783e-09,4.85755910214376e-06,6.651394696085931e-11,Quercus_x_Hispanica_04.ab.jpg,Quercus_x_Hispanica
90654.5,1422.9818798303604,0.6574502494730691,0.562600988977248,0.9380299761397505,0.8920855558343602,339.74239404024013,2.2383814596136498,0.8893454153765891,0.011428004125427552,1036,14,7,0.21206488802875917,0.019022163451970407,0.00010387466358170074,1.4541085832346398e-05,4.111262790134191e-10,8.98335746550311e-07,3.877494217099477e-10,Quercus_x_Hispanica_05.ab.jpg,Quercus_x_Hispanica
78185.0,1564.9991220235825,0.626156248743634,0.4011484403700871,0.8746846559505665,0.8146824217682056,315.5126523693126,2.6016219450758755,0.9294817259602021,0.016767922235508503,1311,32,12,0.250731364395981,0.03575848565421684,0.00040164646916586346,6.152151758050516e-05,6.132885119644568e-09,3.067138147249415e-06,-7.477442796610674e-09,Quercus_x_Hispanica_06.ab.jpg,Quercus_x_Hispanica
75513.5,1410.2712020874023,0.6292162450369195,0.4771217214562505,0.917578511833218,0.873347920658533,310.07543334059653,2.568673381388428,0.9218022048422817,0.014076953127400043,1063,18,9,0.2418669369805158,0.032551667827749126,1.9312317560926524e-05,4.457535749830419e-06,4.1280153907770276e-11,7.979026094718628e-07,-2.5362239286206428e-12,Quercus_x_Hispanica_07.ab.jpg,Quercus_x_Hispanica
86625.0,1585.6265388727188,0.6529850746219434,0.43296351379847736,0.9001168982891273,0.8553390143002069,332.1059703809666,2.744033130860257,0.937297128416978,0.013922077921917207,1206,26,10,0.26034603647148646,0.041445974112767285,3.121373764728725e-05,1.0873580899313366e-05,1.9685597261227853e-10,1.9980993828477877e-06,3.7110743687802344e-11,Quercus_x_Hispanica_08.ab.jpg,Quercus_x_Hispanica
68980.0,1359.6854144334793,0.688505609447354,0.46887402751980023,0.9109096551285097,0.8530458341935618,296.357999378845,2.56411862314447,0.9261183065359418,0.015569730356399396,1074,26,11,0.24261149680152921,0.03241815563498826,0.0001387886120121461,2.5093109013137583e-05,1.2103028249735274e-09,2.486510177493948e-06,8.532638038892413e-10,Quercus_x_Hispanica_09.ab.jpg,Quercus_x_Hispanica
175726.0,2139.3220608234406,0.6622173650864402,0.48249581205005404,0.9334788856169718,0.8801869902155921,473.01299373075494,2.7657758559524313,0.9307277266264835,0.010670020372564844,1875,30,13,0.24847914604372956,0.035772265982637184,0.00010104575592561089,7.643662497396236e-06,-2.0711409727513824e-10,-1.421864655986687e-06,-4.721555598125967e-11,Quercus_x_Hispanica_10.ab.jpg,Quercus_x_Hispanica
100049.5,1764.5209803581238,0.6323961645146396,0.40380448057659096,0.8765276889438991,0.8478832233949744,356.9131264481326,2.933531594468213,0.9414984510844968,0.014262939844634278,1427,26,11,0.26858222661814335,0.0455524629297241,0.00019609969180669405,2.390213099829233e-05,1.742214544902557e-10,-1.265046387987895e-06,-1.6271140595288614e-09,Quercus_x_Hispanica_11.ab.jpg,Quercus_x_Hispanica
78397.0,1420.2295725345612,0.6428407432257832,0.4884186119895748,0.9253932186274927,0.8767444631095288,315.9401218405199,2.5972222222222223,0.9177487831316569,0.012908657218861582,1012,15,8,0.2355208459702565,0.029406763110489613,0.0001303245110809288,4.143170854722473e-05,3.0029790860650205e-09,6.5185079415177475e-06,5.009396727741335e-10,Quercus_x_Hispanica_12.ab.jpg,Quercus_x_Hispanica
122910.5,1822.319972038269,0.6511883569592727,0.4651034698826371,0.9424856798817395,0.8945988673661127,395.5938688392064,2.9899631916451503,0.9412281978979059,0.012602666167556046,1549,24,11,0.26553227360382126,0.04470830099857496,2.539689313843922e-05,1.2405029851836812e-05,2.1953223506030596e-10,2.514874164577721e-06,1.6937318819136092e-11,Quercus_x_Hispanica_13.ab.jpg,Quercus_x_Hispanica
87389.5,1556.5554708242416,0.6459325015474238,0.4532521930977342,0.9107009801017034,0.8542557729983095,333.5682346906454,2.6257861814470544,0.9331347698777976,0.012198261804768329,1066,16,9,0.2571164355708172,0.03986115855712929,0.00010644918177305632,4.2344075664374065e-05,2.8420364881594455e-09,8.410891430331985e-06,6.968235564412302e-11,Quercus_x_Hispanica_14.ab.jpg,Quercus_x_Hispanica
90251.5,1522.5554723739624,0.6745254110562442,0.489235590956333,0.9351954033611019,0.8851508703536712,338.98639909539963,2.696340449122882,0.9368314954084166,0.012609208711072845,1138,22,10,0.2576842620409182,0.04027765740176323,0.0002982834475015428,9.181154364314258e-05,1.4885051239028377e-08,1.6366780233230802e-05,3.0463981538613866e-09,Quercus_x_Hispanica_15.ab.jpg,Quercus_x_Hispanica
79375.5,1412.815357208252,0.6620141784765471,0.4997186108260721,0.9210111042674193,0.8760442527987471,317.90568645924833,2.5303785541714054,0.9162851050337377,0.013316451549743733,1057,20,9,0.2352462591534872,0.02924996800305185,0.00016955316463939426,5.314024965543988e-05,5.019365538591712e-09,8.932027715719387e-06,-4.994586848225403e-10,Quercus_x_Hispanica_16.ab.jpg,Quercus_x_Hispanica
139863.0,1801.1067686080933,0.612145483190598,0.541793495510608,0.9494725265708832,0.9006354010121257,421.99419717016735,2.271149018057611,0.905668681168675,0.007321450276289501,1024,8,5,0.2302954348697779,0.026087903828433227,0.0006445292679476417,0.00020246062343988482,7.292599779328e-08,3.185896463632956e-05,-5.5405141508869324e-09,quercus_x_turneri_01.ab.jpg,Quercus_x_Turneri
140323.0,1884.2194662094116,0.62067852087482,0.4966789479279537,0.9438301249650656,0.9139906874668201,422.68758277937644,2.8062440500168533,0.9331620033669981,0.007489862673920242,1051,8,5,0.25513595317413695,0.03868748033162013,0.0003989811997905057,0.00018538179236226993,5.027863283426493e-08,3.564329433337959e-05,3.732424674945445e-09,quercus_x_turneri_02.ab.jpg,Quercus_x_Turneri
141041.0,1960.9057581424713,0.6357780382228824,0.46093724199288344,0.9264902467562462,0.8570575636010608,423.7675997867134,2.6156377752658106,0.9308188119140385,0.010287788657126028,1451,17,9,0.2484217284435564,0.03523630986500212,0.00039166341415045096,0.00012598608100522807,2.7397143480933955e-08,2.130929356923834e-05,5.710604570748004e-09,quercus_x_turneri_03.ab.jpg,Quercus_x_Turneri
141517.5,2022.8052530288696,0.5908181924426755,0.43462216048632185,0.9014255412604293,0.8391815610736164,424.48283507352613,2.4434305272638377,0.9143561439535205,0.009574787570374159,1355,15,8,0.2423917872730854,0.03191383628554454,9.915529700509498e-05,2.9967343239107722e-05,1.6089788398106105e-09,5.2925165557917104e-06,-2.822176121317016e-10,quercus_x_turneri_04.ab.jpg,Quercus_x_Turneri
140436.0,1910.6458724737167,0.5918327784542465,0.4834236734654816,0.9233014687451624,0.9081199745043255,422.85774050433,2.5125791561656254,0.9189907453412517,0.006971146999295258,979,7,5,0.23963614022773713,0.03004210723524118,0.0006220270195742447,0.00024893108593824635,9.746010041220527e-08,4.130486156111886e-05,-9.82678820860845e-09,quercus_x_turneri_05.ab.jpg,Quercus_x_Turneri
141602.5,2043.893564581871,0.5962838193468942,0.42595550212736605,0.923340006123388,0.858278391550825,424.61029501574836,2.8479892378171625,0.935076097908866,0.00944192369478334,1337,17,9,0.26293679403201714,0.0425120701653378,0.00017757231164033336,1.4083302402243729e-05,-4.1199560465750823e-10,-2.271573817726254e-06,5.711984897498895e-10,quercus_x_turneri_06.ab.jpg,Quercus_x_Turneri
140468.5,1996.663117647171,0.5798684786264154,0.4427710500238526,0.9223750738661607,0.9161343416420826,422.9066669959593,2.988413508234458,0.9391069919121715,0.007225819311751561,1015,4,4,0.2651856489231621,0.04343004044360522,0.0006938844339064613,0.00035897790021160726,1.791197127331566e-07,7.424017056305997e-05,3.877937986470025e-09,quercus_x_turneri_07.ab.jpg,Quercus_x_Turneri
140978.5,1950.6631177663803,0.6375886428568436,0.4655841683379846,0.9291926325476006,0.8545900391535106,423.67369656074493,2.5131538199146193,0.9195694071515623,0.010505147948016859,1481,14,9,0.24130987978565635,0.032005547440988644,0.00015394572095634048,4.30872376553432e-05,3.4591748856191483e-09,6.906134123388275e-06,-5.903543328143453e-10,quercus_x_turneri_08.ab.jpg,Quercus_x_Turneri
140106.5,1822.7463772296906,0.6231830231620148,0.5299265278946264,0.9459943958614091,0.8864644883555419,422.361381135204,2.2828615657350437,0.8982662670041567,0.00813666746362134,1140,9,6,0.22178666966337723,0.02289130737926756,0.00015844749867553577,5.176228685985509e-05,4.684134925230799e-09,7.811872281008773e-06,-1.8363443210189034e-10,quercus_x_turneri_09.ab.jpg,Quercus_x_Turneri
140580.0,1885.5331735610962,0.5836464409499775,0.4968954816625791,0.9259314146772055,0.8718417063581577,423.0744794937047,2.3494228430410535,0.9027607333748757,0.009375444586645501,1318,16,9,0.22679248127148932,0.024482994297803144,0.0005315042533410902,0.00017205536958691032,5.138627147202949e-08,2.540270879843386e-05,8.160612586706948e-09,quercus_x_turneri_10.ab.jpg,Quercus_x_Turneri
141547.5,2048.11896109581,0.6167324584308588,0.42403500587145937,0.9133363660061664,0.8483029539985973,424.5278253052448,2.7455267022227834,0.9304380791611878,0.010187392924564633,1442,8,8,0.2540816952822258,0.03802416088469105,3.614665323541714e-05,1.0414855832949855e-05,1.9943856360895482e-10,1.5660793289137682e-06,-3.2539504898263186e-11,quercus_x_turneri_11.ab.jpg,Quercus_x_Turneri
140265.0,1863.567664861679,0.6833628085732356,0.507538331293319,0.942571449684885,0.8904700896066831,422.6002185781233,2.6813423016129043,0.9328578140990478,0.0075927708265954245,1065,12,6,0.25434462671018704,0.038660850003657286,0.00013903664098580728,1.052865591913287e-05,-3.704760791703724e-10,-1.9935345753038216e-06,-1.581807435536099e-10,quercus_x_turneri_12.ab.jpg,Quercus_x_Turneri
140663.0,2017.8763204813004,0.5868660950806814,0.4341108611295693,0.9098365162212135,0.908956606864562,423.19935501023883,2.971517769121351,0.9396403584867821,0.008410171829063718,1183,13,6,0.26320822867562976,0.04182251844895748,0.0012536423108472118,0.0006821254289808322,6.30542343376078e-07,0.00013868773230200842,1.7590060104870683e-08,quercus_x_turneri_13.ab.jpg,Quercus_x_Turneri
141892.0,2048.9301418066025,0.5742104666762136,0.4247305220525999,0.9112259216268693,0.8254161652312705,425.04412180567994,2.325486690910293,0.9085614500611487,0.011071801088073522,1571,11,9,0.23158061151713155,0.02694127142490502,4.881606686817344e-05,1.3776491153571254e-05,3.5196388198260666e-10,1.9859001887439005e-06,6.131091540630619e-11,quercus_x_turneri_14.ab.jpg,Quercus_x_Turneri
140300.5,1906.319971203804,0.6639495154053534,0.4851516216559995,0.9249189957055372,0.8759073888544481,422.653693638321,2.691093282104975,0.9270850471799559,0.008474666875681307,1189,7,7,0.24736210842764025,0.03500762348343024,8.94028512962682e-05,3.267220833716681e-05,1.7648745524358504e-09,6.091627380438063e-06,5.74006760707499e-11,quercus_x_turneri_15.ab.jpg,Quercus_x_Turneri
141181.0,2043.3910392522812,0.6127966734351928,0.42489649503349325,0.9076770754919431,0.8528667276091586,423.97786754175627,2.7450873658882005,0.9334978154677882,0.009115957529631352,1287,11,7,0.26141338186068697,0.04152458348727519,0.00034505015675415145,0.00011051563153131098,2.1181677930305226e-08,1.9599616462508065e-05,-4.1336485890470844e-09,quercus_x_turneri_16.ab.jpg,Quercus_x_Turneri
144267.0,1881.793058872223,0.6646533613414757,0.5119565930848416,0.9834050776509892,0.9459072941763789,428.5865716518749,3.476513717854367,0.9532668296512238,0.005573000062345699,804,0,2,0.28953947451611006,0.058152866737948186,0.00015960069094364483,2.127068104605388e-05,2.9008625064085784e-10,-6.044692345201417e-07,1.204909373645653e-09,Rhododendron_x_Russellianum_01.ab.jpg,Rhododendron_x_Russellianum
104896.5,1672.6143474578857,0.6709039276968429,0.47117173103249826,0.9788362750633015,0.9442699424704987,365.45638851210686,3.7252251304962503,0.9590073535893825,0.006911574742656699,725,0,2,0.3067765893898453,0.06853480678640479,1.3904347325388122e-05,1.2677161545210831e-06,-4.868518796617555e-12,-3.2048721880305664e-07,-2.1507149522201777e-12,Rhododendron_x_Russellianum_02.ab.jpg,Rhododendron_x_Russellianum
74671.0,1319.3178843259811,0.6931695815167171,0.5390920560188195,0.9790735180224859,0.9485948325669361,308.3408342158387,3.1819817865100113,0.9431214350274885,0.007499564757302038,560,0,2,0.2687364519749322,0.04668173909714439,7.228074800432968e-05,3.7270580206632285e-05,1.9339858814404897e-09,8.026272516133905e-06,4.298619609347407e-11,Rhododendron_x_Russellianum_03.ab.jpg,Rhododendron_x_Russellianum
114477.5,1752.271203160286,0.6705649082072742,0.46851915675083866,0.9665360812474858,0.9478725096253662,381.78171771631446,3.651117272710299,0.9616341252656087,0.00654277041334286,749,0,2,0.30901360621909335,0.06930653207772963,0.0004505202350222088,5.5906559787985324e-05,-2.3380842566526575e-10,-5.715477083647032e-06,-8.869527037320985e-09,Rhododendron_x_Russellianum_04.ab.jpg,Rhododendron_x_Russellianum
102363.0,1596.087436556816,0.7229025423677761,0.5049396925648751,0.9869024261991304,0.9509293820847707,361.01609315614377,3.5527638190954773,0.9557790258843852,0.00674071686051854,690,0,2,0.2944820569852776,0.061136040404681735,0.0001263847526157557,4.828830290771284e-05,3.6729823036328484e-09,9.826028603486218e-06,-8.600653888548241e-10,Rhododendron_x_Russellianum_05.ab.jpg,Rhododendron_x_Russellianum
113266.5,1649.3250232934952,0.6538126298738524,0.5232374839603998,0.9808109453728417,0.9459609842259163,379.75701032863805,3.1888409093931425,0.9455601457699832,0.00618011503837251,700,0,2,0.27247186173544996,0.048601463910537934,0.00011510624552937319,4.6187143605768014e-05,3.3203674500402297e-09,8.946673212296834e-06,5.625330067341961e-10,Rhododendron_x_Russellianum_06.ab.jpg,Rhododendron_x_Russellianum
80768.5,1437.3595135211945,0.6712249646748839,0.4912709293843276,0.9779215904569702,0.9450575727538205,320.68309616963285,3.5392910621441627,0.9555093423632346,0.007601973541571257,614,0,2,0.2937004578166715,0.06064431796204724,7.758101264692225e-05,3.576713845910994e-05,1.866095769227584e-09,7.799706633999672e-06,-2.598470212011266e-10,Rhododendron_x_Russellianum_07.ab.jpg,Rhododendron_x_Russellianum
113417.0,1656.3128316402435,0.7110783699014979,0.5195212147711051,0.9803484296378671,0.9475561987395126,380.0092228423252,3.344602582766965,0.9496005813664149,0.006233633405871839,707,0,2,0.28330329498374635,0.05461436987149774,7.913141898878897e-05,1.0394467308798231e-05,6.686340952619046e-11,-3.2222528754694384e-07,-2.905157207862463e-10,Rhododendron_x_Russellianum_08.ab.jpg,Rhododendron_x_Russellianum
97867.0,1626.1706957817078,0.6305213380023288,0.4650652377053944,0.9735394471040264,0.9469876453919498,352.9987741120303,3.5660136748753732,0.9535312726379237,0.0070810385522486535,693,0,2,0.29904057969879067,0.06334540155400557,0.0003526257109203312,0.0001624016208064284,3.8478404834550235e-08,3.550390643894467e-05,-5.457864040933299e-09,Rhododendron_x_Russellianum_09.ab.jpg,Rhododendron_x_Russellianum
126056.5,1671.124013185501,0.695722122874055,0.5672281152524503,0.9841590187727405,0.9450767702715445,400.62466308367493,2.951507632248563,0.9350148490449152,0.0054340712299212335,685,0,2,0.2535606023580767,0.038820930979666005,1.218977418367247e-05,5.17950612124915e-06,4.089707201494667e-11,9.393742762542728e-07,4.606948811126846e-12,Rhododendron_x_Russellianum_10.ab.jpg,Rhododendron_x_Russellianum
100753.5,1558.6042417287827,0.5001042364653905,0.5211926686177547,0.9819742112708013,0.9399472250434991,358.16663785237483,3.228932772300017,0.9451606440917057,0.005984903750182526,603,4,3,0.27338296502636894,0.04881340773789726,0.0001775317484001828,2.4774478262526398e-05,5.962088818820771e-10,-6.74009469117518e-07,-1.5310368444381138e-09,Rhododendron_x_Russellianum_11.ab.jpg,Rhododendron_x_Russellianum
77323.0,1449.8620401620865,0.6718072582198337,0.46223752667645723,0.9732468202549672,0.9479635425866939,313.76854736821053,3.8667563648914993,0.9608576786836298,0.008070043841960736,624,0,2,0.31491247707983455,0.07355385622565604,3.46309896664915e-05,1.8643423010021472e-05,4.712507612326164e-10,4.538721340772712e-06,-4.829641032360183e-11,Rhododendron_x_Russellianum_12.ab.jpg,Rhododendron_x_Russellianum
111268.0,1735.9696862697601,0.6685211999551276,0.46397637925907426,0.9672114047203825,0.9457032363221688,376.3918405911479,3.699748013451327,0.9604695169369952,0.006749469748654155,751,0,2,0.30760614841060424,0.06846445555261427,0.00042491831697326994,3.7963910096997576e-05,-4.782783759296706e-09,-9.895311873158906e-06,-6.121504095380763e-10,Rhododendron_x_Russellianum_13.ab.jpg,Rhododendron_x_Russellianum
83948.5,1438.7320989370346,0.7130110924194992,0.5096393327167132,0.9870139795070485,0.9525379011768522,326.9350851793056,3.4623258236402648,0.954349549144372,0.007504601035069065,630,3,3,0.2945126626581497,0.06100141872788745,0.0001774939199474984,2.9536219346522343e-05,1.116103787679779e-09,6.251171395297104e-07,-1.8242278333264252e-09,Rhododendron_x_Russellianum_14.ab.jpg,Rhododendron_x_Russellianum
157408.0,2006.6458735466003,0.6020807833514302,0.4912416622026861,0.9831916501603183,0.9457839632598214,447.6807905837289,3.638964412816075,0.959671242533199,0.0053999796706304636,850,3,3,0.30834827619805877,0.06946513025066424,0.000123868515283233,1.1052834665050251e-05,-4.068093983325053e-10,-2.908646332293481e-06,-4.19786666376349e-11,Rhododendron_x_Russellianum_15.ab.jpg,Rhododendron_x_Russellianum
123568.0,1784.763622879982,0.5950266771934288,0.48747738235097804,0.9798313397193767,0.9422510170523367,396.6505566160655,3.500508976025197,0.9537090158419053,0.0061180888255364,756,0,2,0.29436705787674294,0.06094798914689449,0.00012106089425934749,6.293467577977608e-05,5.49232682548362e-09,1.54075631259218e-05,-1.0580185876658913e-10,Rhododendron_x_Russellianum_16.ab.jpg,Rhododendron_x_Russellianum
143533.5,2481.3250234127045,0.5824868615929124,0.2929515690870389,0.9075151269851132,0.9287191246983009,427.49564698865004,5.272137600058424,0.9790799525113705,0.008255912382766002,1185,4,3,0.41082514509473506,0.13948026893042356,0.0056187293966833965,0.0026899085993254746,1.026359097591607e-05,0.0008148364894163231,-2.004178730944846e-06,salix_fragilis_01.ab.jpg,Salix_Fragilis
142670.0,2422.3616000413895,0.5331624263784673,0.30553754070270556,0.910178341870882,0.9360613170631563,426.2077965586337,5.277016768684243,0.9810367725504284,0.007808228779646679,1114,3,3,0.4369392238668797,0.1638696864524253,0.002816963995352077,0.0018367965401297729,4.167130977252612e-06,0.0006833442092348882,-3.030051093953354e-07,salix_fragilis_02.ab.jpg,Salix_Fragilis
142859.0,2371.366652607918,0.6119363986026715,0.31924202225234194,0.925282554480875,0.9325895508967805,426.4900094038788,5.09274826515467,0.9782242457943922,0.007377904087195221,1054,0,2,0.39604350388270393,0.1303779676312387,0.0008386092410009782,0.0006147619723504057,4.41131967879428e-07,0.00021221648707181722,1.5611291325066036e-08,salix_fragilis_03.ab.jpg,Salix_Fragilis
143507.0,2556.420476436615,0.6132358471189439,0.27594236024061836,0.8784063364537472,0.9248164099661513,427.45618178511467,5.539152139093458,0.9815318406612343,0.009156347773912377,1314,9,5,0.435954078475343,0.16129239453189861,0.0053683570079055346,0.00294650260909891,1.1603454136775586e-05,0.000997031369590297,1.6397355217042293e-06,salix_fragilis_04.ab.jpg,Salix_Fragilis
143555.5,2522.520980358124,0.5312246748180982,0.28350461054505427,0.8710257748169367,0.9229447519660214,427.5284077862296,5.54070232729699,0.9821376236913406,0.008435761778486817,1211,7,4,0.4464861757018321,0.1725951194217321,0.001394824196341466,0.0010566478369199268,1.2818975920553717e-06,0.0004144163407312156,-4.780703027882268e-08,salix_fragilis_05.ab.jpg,Salix_Fragilis
142283.0,2273.1067674160004,0.5439784370678086,0.3460375334743331,0.9495566982381413,0.9371448522979027,425.6293483108903,5.0400633297705575,0.977591114106144,0.006986077043589283,994,0,2,0.40208761200898696,0.13523402445782762,0.0010389289375933506,0.0003945880947692853,2.3877543493276203e-07,0.00010004817001788856,-8.255454499792004e-08,salix_fragilis_06.ab.jpg,Salix_Fragilis
142400.5,2289.5504199266434,0.595830456701622,0.3413665432733233,0.935961772925324,0.9327197187134101,425.80505843643937,4.3418803418803416,0.9701694113923652,0.007219075775666384,1028,7,4,0.36873130189452086,0.10695596728455176,0.003240623639366062,0.001046410232966581,1.773840967643817e-06,0.0002148420997949242,7.527085301007567e-07,salix_fragilis_07.ab.jpg,Salix_Fragilis
142243.5,2314.6387305259705,0.6319910961797469,0.33363827124680856,0.939369124541013,0.9341909187959551,425.5702635071395,4.88749945235456,0.9770398611805884,0.007873822002356003,1120,6,4,0.3949926394798292,0.1295222099386135,0.0010854994322711852,0.0007199368287219358,6.358219627231086e-07,0.0002458057995305846,2.8005167313727307e-08,salix_fragilis_08.ab.jpg,Salix_Fragilis
143742.0,2551.508787751198,0.5208043478241999,0.27745937930536363,0.9378780266539355,0.93635199011041,427.8060292227329,5.615581608118817,0.9807557652884022,0.008967455580074248,1289,10,5,0.44566995811000487,0.16966792039231846,0.00442260922053644,0.0014318221579761904,3.226885435272328e-06,0.0003348294657920527,-1.602914817608856e-06,salix_fragilis_09.ab.jpg,Salix_Fragilis
143744.5,2513.3149186372757,0.4898015163114752,0.2859613128742192,0.8852052677062594,0.9144613069400255,427.8097494660256,5.265983634614037,0.9812175126857433,0.008487281252441052,1220,6,4,0.428262296754482,0.1539283303096218,0.004929775079963649,0.001825125793612091,5.13613035950993e-06,0.00047925139300659145,1.8951148488124123e-06,salix_fragilis_10.ab.jpg,Salix_Fragilis
142072.0,2275.106768965721,0.6019260345101579,0.34491715332039047,0.9152177694116894,0.9329234658651212,425.31363556746453,4.602570003934111,0.971857388343943,0.007052761979791565,1002,0,2,0.3689475399940006,0.10834537482792195,0.0030215475823814723,0.0015888946678285166,3.4561490919318202e-06,0.00046756894117431873,-4.1877472963320947e-07,salix_fragilis_11.ab.jpg,Salix_Fragilis
142529.0,2434.6803609132767,0.6021122446798803,0.30215459070210043,0.9311360815252424,0.9380445993628388,425.9971350508804,5.186754749898327,0.9796021009384096,0.007654582576123774,1091,0,2,0.4114464578802482,0.14231955232604607,0.001587893214017301,0.0010028425288833073,1.262858586807065e-06,0.00034980277743690367,8.161389329696127e-08,salix_fragilis_12.ab.jpg,Salix_Fragilis
142684.5,2282.437721133232,0.6109612444897856,0.34418250366158665,0.9227776879487612,0.930340597523793,426.2294544265616,4.559302342153501,0.9713313597160634,0.007597181193419066,1084,4,3,0.36072350786411855,0.10306503772409663,0.0012882200928228177,0.000619679421718616,5.452412326837235e-07,0.00015885648395228628,-9.620249194473045e-08,salix_fragilis_13.ab.jpg,Salix_Fragilis
143587.0,2524.0428383350372,0.4187125464739558,0.2832249721334741,0.8517414528913383,0.9123610601348733,427.57531092181625,5.105148752848713,0.9782772624698794,0.00922785488930594,1325,11,5,0.42250369604960714,0.1495957491683154,0.005263325879514734,0.0029440462900542728,1.1483993580952835e-05,0.0009594819760021078,-1.5567608385364218e-06,salix_fragilis_14.ab.jpg,Salix_Fragilis
142680.5,2402.0945743322372,0.5323899253711478,0.31073793981561526,0.9508610233585851,0.9327626378577398,426.2234799522257,5.162982554566295,0.979650205696441,0.007464229519748919,1065,1,3,0.41350704630931234,0.1447327228584341,0.0009161114167895962,0.0007243131122534492,5.900093087163689e-07,0.00027419754021954326,-2.775442689181593e-09,salix_fragilis_15.ab.jpg,Salix_Fragilis
143129.0,2430.337214589119,0.5899988457962753,0.30451201063478556,0.9354072379646408,0.9231563291253019,426.89284697497465,4.905269902162198,0.9758051612141929,0.010850351780485783,1553,13,8,0.39909087735127585,0.13219163345904142,0.002662158030457045,0.001907459568370103,4.297573835548214e-06,0.0006815308722747655,8.071328959028641e-08,salix_fragilis_16.ab.jpg,Salix_Fragilis
89416.5,1383.9625452756882,0.794728562279626,0.5866497053098184,0.9812994880297925,0.9516193694601329,337.41461698007646,3.0628270753913722,0.9439358920099538,0.006039153847376725,540,0,2,0.2697159935650176,0.04691572021696465,0.00013610323336669136,1.605747863592506e-05,-3.700893737013658e-11,-1.357839587450239e-06,7.497592129895018e-10,Salix_Intergra_01.ab.jpg,Salix_Intergra
91839.5,1461.8204095363617,0.7453718357580339,0.5400715903529104,0.9751175902129353,0.9462862012709374,341.95567427475885,3.3638382236849567,0.9574416142402904,0.006064928489309449,557,0,2,0.30068540784441294,0.06446067023426907,0.00023251089661928132,7.529556052296339e-05,9.166996274583101e-09,1.3294326520761523e-05,-3.901404545732927e-09,Salix_Intergra_02.ab.jpg,Salix_Intergra
88526.5,1365.276252746582,0.7010001108539269,0.5968182373229167,0.9727652326688341,0.9442742955107408,335.7312028349426,2.8250216896175373,0.9445938169217934,0.005693210507523813,504,0,2,0.26323908818001907,0.04308271502787586,0.00030675555887173185,8.449973714921255e-05,1.2529517882092758e-08,1.3352290293203647e-05,5.3000722653319814e-09,Salix_Intergra_03.ab.jpg,Salix_Intergra
82405.0,1370.5483309030533,0.7426014706875622,0.5512831489238189,0.958844336867203,0.9433726832487268,323.9155826506361,3.106766439256027,0.9517028322593072,0.007463139372520319,615,3,3,0.29187197541917514,0.058573327824773466,0.0006199812278014057,0.00020743431068575332,6.990616001380615e-08,3.918587877926677e-05,-2.5434007960621856e-08,Salix_Intergra_04.ab.jpg,Salix_Intergra
70973.5,1278.707711338997,0.7234663921151102,0.5454607662027013,0.9774685130598962,0.9474535228506668,300.60982490308106,3.343911178841618,0.9565151239772185,0.0074816656920191115,531,0,2,0.29686090175191976,0.06242557318901314,7.577078956631912e-05,2.9147857856902865e-05,1.3278951032295344e-09,6.168425742054261e-06,3.362717415453002e-10,Salix_Intergra_05.ab.jpg,Salix_Intergra
78757.5,1300.423442363739,0.7842888297953148,0.5852375806656704,0.9720867944436233,0.9526345389149847,316.6656966652365,2.897956270512886,0.9410447953454877,0.005853410786200002,461,0,2,0.2676437803739928,0.04517081889069213,0.0005067278462199416,0.00019091890589562408,5.910312771438005e-08,3.975052395503845e-05,-5.7566627686227645e-09,Salix_Intergra_06.ab.jpg,Salix_Intergra
60324.0,1154.381811261177,0.7616666666570497,0.5688542992684911,0.9771917319870215,0.9460012895854338,277.14058218998525,2.9567745548792774,0.944891262047132,0.006780054372939791,409,0,2,0.2741230639218066,0.04891086038003676,0.0005440786054091062,0.00022613368544249765,7.89243706889061e-08,4.865009411646706e-05,-7.905093521200631e-09,Salix_Intergra_07.ab.jpg,Salix_Intergra
91339.0,1403.71990442276,0.7486189656524169,0.5825124343328114,0.9745477436425424,0.940738389831503,341.02261915680174,2.908778887707239,0.9362261123726634,0.006021524211935521,550,0,2,0.2601472536033546,0.04185532841105663,0.00020086841426363727,4.1615555041627284e-05,2.9794554541336045e-09,3.9238220105544614e-06,-2.366400266539921e-09,Salix_Intergra_08.ab.jpg,Salix_Intergra
102036.0,1436.5483305454254,0.76500224920704,0.6213306898965588,0.9751799145491845,0.9462851670119361,360.4389964842831,2.5726872246696035,0.9327733739023729,0.004831628052796743,493,0,2,0.25078268302251544,0.03651815296040329,0.0004975342470629011,0.00016284770143623013,4.5582404547434886e-08,2.9199508015094658e-05,-8.420527689184097e-09,Salix_Intergra_09.ab.jpg,Salix_Intergra
74323.0,1249.7543944120407,0.8198896855949268,0.5979759953369912,0.9855527929589186,0.9575401326532301,307.62149255757714,3.034704396018819,0.9467057263941709,0.00539536886286351,401,0,2,0.2764294957753277,0.050510648697691646,0.00013594758577538895,5.563290308226145e-05,4.825085769890902e-09,1.231149172190225e-05,3.5591367461761286e-10,Salix_Intergra_10.ab.jpg,Salix_Intergra
97170.0,1451.719905614853,0.8112643601321529,0.5793972147347566,0.9679106298743628,0.9535316300150893,351.73951521248756,3.0969387755102042,0.9473772144693524,0.00527940722439766,513,0,2,0.2797035799287002,0.051951950978369243,0.00020751059078344657,3.546176038832967e-05,1.5668949257796323e-09,1.032342209376642e-06,2.6074244488636956e-09,Salix_Intergra_11.ab.jpg,Salix_Intergra
87501.5,1350.1046813726425,0.7527982105153113,0.6032404784580314,0.9849834806920097,0.9562508650576628,333.78191985732815,2.9503704539220617,0.9424738934037638,0.0061484660262264255,538,0,2,0.2644498586351364,0.04400540995153997,0.00014400586280473407,2.4471587816827413e-05,8.204389044577338e-10,8.285690478056004e-07,1.1988698669326125e-09,Salix_Intergra_12.ab.jpg,Salix_Intergra
87048.5,1424.7320996522903,0.7243779645441926,0.5388957238531322,0.9619734886261725,0.9498212917954802,332.9167951754294,3.4478132951084963,0.9546836032404867,0.006731879354535324,586,0,2,0.29929501548267756,0.06359877539966277,7.895911094551728e-06,6.359325433511928e-06,4.4945533351967765e-11,1.5996023762858222e-06,-3.2481611549611563e-12,Salix_Intergra_13.ab.jpg,Salix_Intergra
83678.5,1385.0752439498901,0.7105488850711534,0.5481217259043357,0.9617499841855294,0.9475755431547858,326.40890803426504,3.1852172422800913,0.9564585904933083,0.006274013037921641,525,0,2,0.2918598886993974,0.058802520584290564,0.0003363916125892988,3.674415518677804e-05,-1.8134886785091914e-09,-5.963599580699137e-06,-3.6605295511731855e-09,Salix_Intergra_14.ab.jpg,Salix_Intergra
80010.5,1277.192992925644,0.7453098218873863,0.6163732663583817,0.9717264705942941,0.9405690866901609,319.1747681036719,2.6140976844287573,0.9379095687529425,0.005774242130648175,462,0,2,0.250086631405699,0.03635849619586481,0.00029248278781853474,9.68518070396542e-05,1.6144417762645883e-08,1.792421494144689e-05,-2.253290647130557e-09,Salix_Intergra_15.ab.jpg,Salix_Intergra
62652.5,1203.1097333431244,0.74926153146116,0.5439234571871017,0.9788458984481444,0.9518385682711399,282.43873774062894,3.3913655292095,0.9595263707998622,0.007070747376288724,443,0,2,0.30154456234940025,0.06511312972102487,8.77233979746898e-05,3.5896440276070243e-05,1.9639204414936957e-09,7.81897974839778e-06,-4.479061254901138e-10,Salix_Intergra_16.ab.jpg,Salix_Intergra
138902.5,1571.7026604413986,0.7209721789643881,0.7066089756952905,0.9708132249012198,0.8740253692331306,420.54269208081115,1.1528604488644942,0.6529392754036734,0.006486564316650264,901,21,8,0.1662254540641092,0.0021124535339573968,2.4916363612815452e-05,8.30437786280696e-07,3.3414317550766445e-12,3.0052324856735446e-08,-1.7618859698578048e-12,sorbus_aria_01.ab.jpg,Sorbus_Aria
138961.5,1600.9818781614304,0.677927114837165,0.6812892326737006,0.9617578051938115,0.8844267223328027,420.6319971135283,1.1057022734695008,0.7224530662855729,0.005929699952821971,824,25,9,0.17169412775842874,0.0036850700603296553,8.299359509939088e-05,3.437803394910443e-06,5.7900981862029356e-11,2.0854167081363585e-07,-4.413301696152867e-12,sorbus_aria_02.ab.jpg,Sorbus_Aria
139335.5,1597.5260350704193,0.6880051945196399,0.6860815731151134,0.9663728291560341,0.8886803744565928,421.1976597577986,1.1295996456572595,0.7412146060835206,0.006703245045184441,934,9,5,0.1717681275205157,0.003956547646643726,8.704522154946588e-07,1.0524764783817159e-08,-9.79354612898374e-16,6.511002395728623e-10,2.3594162409497346e-16,sorbus_aria_03.ab.jpg,Sorbus_Aria
139519.5,1604.7808665037155,0.6904718307036856,0.6807902068807766,0.9674678075807845,0.9013978873138437,421.4756750533505,1.522930424646517,0.7920691297080003,0.007690681230883921,1073,16,8,0.17851617508629664,0.006189678949769299,5.383348938270725e-05,3.6465758540309415e-06,3.351305648212351e-11,7.560700382223622e-08,-3.856530064404044e-11,sorbus_aria_04.ab.jpg,Sorbus_Aria
139130.5,1572.2955858707428,0.7011035803335881,0.7072351212321885,0.9717140252969383,0.9020112274322768,420.88769817942597,1.061155418160313,0.7498961751268725,0.006015934679987379,837,11,5,0.1738507085673344,0.0046967194182005465,7.59491098291598e-06,2.2690110581449938e-07,-8.622195642331938e-14,-1.11821371792714e-08,2.851105396332304e-13,sorbus_aria_05.ab.jpg,Sorbus_Aria
139411.0,1588.3372169733047,0.6846222597593471,0.694418819446858,0.9678227788278201,0.9030897615287425,421.3117588806106,1.0994101199494044,0.7662534237719286,0.005917753979198788,825,17,7,0.17595513366382404,0.0053217692692115615,5.2903718040104905e-06,2.27345875211456e-07,1.4533821767797248e-13,-2.3378759134364044e-09,2.0258829282514121e-13,sorbus_aria_06.ab.jpg,Sorbus_Aria
139478.5,1589.5849106311798,0.6973053368294098,0.6936648197514048,0.959323899094112,0.8800234388699688,421.4137418741152,1.0013344340322141,0.6526326538095858,0.006832594270752606,953,21,8,0.16556371791919106,0.0018750192475658688,2.3214327293213255e-05,6.580996619535713e-07,2.214521264490891e-12,1.9905977902230864e-08,1.3086015692529486e-12,sorbus_aria_07.ab.jpg,Sorbus_Aria
139447.5,1638.9818779230118,0.6936754764250888,0.6523374226658144,0.9560988820678976,0.896293485078865,421.3669083049316,1.7514792899408285,0.8147891450294587,0.007716165581973745,1076,12,7,0.18089174374838443,0.006954716023323375,7.154139750878207e-05,1.1491891303127403e-05,3.292445522933465e-10,9.583646088332083e-07,-1.3173925579660206e-11,sorbus_aria_08.ab.jpg,Sorbus_Aria
139114.0,1555.5432784557343,0.7268917662020101,0.7224644887048086,0.9716802229472846,0.8816865383971628,420.8627401259078,1.244946691289725,0.6375398233477337,0.007562143278120374,1052,12,7,0.16579013922580046,0.0018985525376363787,6.212399546998787e-05,1.399772014647437e-06,1.0906138489125714e-11,4.736848480697027e-08,7.172246497726259e-12,sorbus_aria_09.ab.jpg,Sorbus_Aria
139153.0,1605.425528883934,0.6770908347735597,0.6784566574180161,0.9496748039545635,0.884152721278027,420.92172950387356,1.164366867248231,0.6476775060931985,0.006632986712419905,923,23,9,0.16558838392963143,0.0016811122319462688,5.7881835576774307e-05,1.926540765914814e-06,1.653589398711591e-11,3.556589176821563e-08,1.1851015086642028e-11,sorbus_aria_10.ab.jpg,Sorbus_Aria
139170.0,1595.9108085632324,0.682246014468095,0.6866544819234197,0.9638011869985955,0.8751865858616723,420.94744023546764,1.0241981586996678,0.6664818849271532,0.006725587411031647,936,17,7,0.16648025376506967,0.0021458850312505136,1.0633287570511323e-05,1.3242435929999612e-07,-9.510164318799992e-14,-3.5330953729546395e-09,1.2509407040685602e-13,sorbus_aria_11.ab.jpg,Sorbus_Aria
138859.5,1540.153450846672,0.6963517376225046,0.73562668442666,0.9788695658234781,0.8892884018225355,420.47759341271956,1.0153020997554814,0.6135010195304736,0.0062653257428820835,870,18,7,0.1646520311233741,0.0014725615644828659,3.526080439499421e-05,8.640387232421622e-07,4.768826932089788e-12,3.229999340492127e-08,-5.998640040907138e-14,sorbus_aria_12.ab.jpg,Sorbus_Aria
139087.5,1576.555471777916,0.7001706536149361,0.7032009563408127,0.9722523189989147,0.8823782184529526,420.8226528816527,1.0519557130120896,0.6883345076389497,0.005888379617105143,819,24,8,0.1683198391754814,0.0027166445571663307,4.2333031479627854e-05,1.268748376168247e-06,8.025228342744941e-12,4.6408746536725174e-08,4.696152253101689e-12,sorbus_aria_13.ab.jpg,Sorbus_Aria
139123.5,1577.0996277332306,0.6957984075824925,0.702897664773981,0.9664575691830161,0.8794109153462875,420.8771100950519,1.0305067021870433,0.6298902671209272,0.006835653214540781,951,19,7,0.16539411610610408,0.0017573895153896132,2.0324127894368907e-05,2.715047243324881e-07,6.013553928872295e-13,1.0185095845434327e-08,-2.124551099108646e-13,sorbus_aria_14.ab.jpg,Sorbus_Aria
139403.5,1596.9574947357178,0.7160942508387642,0.6869052376298428,0.9686583654059462,0.8715662822145898,421.3004259130155,1.2058296537619226,0.6953350247810149,0.00873722682709733,1218,21,10,0.16816477854016001,0.00282798516483625,1.0713602353548053e-06,6.642651371864816e-08,1.7645560295024822e-14,3.527908192242292e-09,1.6297475236458616e-15,sorbus_aria_15.ab.jpg,Sorbus_Aria
139375.5,1608.0701897144318,0.6898684366798831,0.6773081480708564,0.9624748376248624,0.8800261101115052,421.25811347348036,1.0211454993101496,0.7200063635564287,0.007727326538683432,1077,19,10,0.16944198376132238,0.003153408454917771,8.385990981102501e-06,6.031323117294473e-07,1.261399451558507e-12,2.136169588703542e-08,-4.987612402780964e-13,sorbus_aria_16.ab.jpg,Sorbus_Aria
309739.5,2395.897741794586,0.6438687481797616,0.6780627717435959,0.9496157719712066,0.8721714624704269,627.9909075508156,1.0496913902609613,0.43560533163006143,0.005527225297369153,1712,41,14,0.16378314330882815,0.00029402909857000677,0.00020137260715199498,1.0588793216530198e-06,-1.5456991318507703e-11,-1.556042808740319e-08,-3.9939801161266235e-13,Tilia_Oliveri_01.ab.jpg,Tilia_Oliveri
318371.0,2499.998244524002,0.6291643446319939,0.640123775595384,0.9379232123233304,0.8559992385036538,636.6808832506898,1.118267482764124,0.5276435463104359,0.005653781280312422,1800,28,13,0.16548614956718027,0.0008157493551024888,0.0002056467660092219,1.8010665678835445e-06,-3.461809401006209e-11,-4.630605241336593e-08,1.7472029645241927e-12,Tilia_Oliveri_02.ab.jpg,Tilia_Oliveri
273565.0,2396.6357675790787,0.646817515485301,0.59850298930469,0.9168849406816957,0.8360613517055422,590.1811383426912,1.1294583242785932,0.49564162094896375,0.007548480251466567,2065,52,19,0.16543338388495255,0.0005621959262317423,0.0002249118075638804,2.2797726485533773e-06,-5.0371929182282145e-11,-4.388726188271381e-08,1.1296251450363108e-11,Tilia_Oliveri_03.ab.jpg,Tilia_Oliveri
316836.5,2494.2753776311874,0.6494986849563473,0.6399650724017972,0.9361480527204078,0.8606178372144807,635.1446772314812,1.079511531813043,0.4445781881767222,0.0046017425391184355,1458,11,6,0.1646336322962671,0.00040811542864078944,0.0002023808167821924,6.311300491991799e-07,-7.127576596004201e-12,-7.92145951193574e-09,2.741717232944287e-13,Tilia_Oliveri_04.ab.jpg,Tilia_Oliveri
258685.0,2298.0672286748886,0.6656913606916548,0.615539108908158,0.9383456301066506,0.8342068387221436,573.9058909175054,1.1560014326823052,0.47243692310132357,0.007866710477964061,2035,47,19,0.16481848979032518,0.0004951302511700267,0.00021494158415956085,2.440855064929276e-06,-5.4622475358035934e-11,-4.808706995800964e-08,1.191968626710166e-11,Tilia_Oliveri_05.ab.jpg,Tilia_Oliveri
230589.5,2131.9423360824585,0.6669853262312254,0.6375268553801592,0.9347149313892267,0.8466416572987879,541.8446917712757,1.12698425635826,0.4538618994395672,0.006405322011598944,1477,35,13,0.1634459961097065,0.0006314491230633123,0.00010513689368040106,7.508448390347091e-07,-6.407966109523192e-12,-1.8819278831971382e-08,-1.855439664639852e-12,Tilia_Oliveri_06.ab.jpg,Tilia_Oliveri
271990.5,2363.623574733734,0.6510563279124991,0.6117964793641886,0.9299901526983307,0.8332242004427894,588.480297369665,1.0627258846377747,0.4474024682473894,0.007088482869780053,1928,32,14,0.16333809668914934,0.0004345119509913435,0.00013243782106323932,6.530699362267197e-07,-3.571713014469811e-12,-3.0683351736275033e-09,-4.912369606733553e-12,Tilia_Oliveri_07.ab.jpg,Tilia_Oliveri
232876.0,2233.0134023427963,0.6511373009530368,0.5868835511236902,0.9136172024076094,0.8326919613723596,544.5245010279572,1.033113423483132,0.37340603757794777,0.007656435184357098,1783,34,15,0.164371484808222,0.00015551599671657503,0.00026989971859577076,3.670691716546591e-07,-1.61739903175535e-12,8.892318361799688e-10,-3.2761168324983415e-12,Tilia_Oliveri_08.ab.jpg,Tilia_Oliveri
356802.0,2764.66015291214,0.6368416543499953,0.5866156403342682,0.9275908640067188,0.8237573198859418,674.0136616127269,1.042174126012167,0.37660193312084067,0.0069085935616759195,2465,44,19,0.16524144522100204,0.00036125761097603997,0.0002652959084906085,3.240560639985847e-06,-8.795905895636385e-11,-4.867938285005558e-08,3.5933170206975446e-11,Tilia_Oliveri_09.ab.jpg,Tilia_Oliveri
268198.5,2354.3098672628403,0.6381424288554342,0.608049538174216,0.930038647792082,0.8344288736321246,584.3637018489885,1.0020268101388798,0.4469553854996018,0.006953804737882748,1865,31,15,0.16487498849601068,0.0004974867546309186,0.0002634882270284972,2.1248544950423038e-06,-4.4288635122423464e-11,-4.542571828040942e-08,-2.3798156788599694e-11,Tilia_Oliveri_10.ab.jpg,Tilia_Oliveri
257127.0,2233.557559132576,0.6952948811533076,0.6476841201708046,0.9403570494652657,0.8489815767037541,572.1750295312775,1.0856522676742684,0.3424810343597421,0.006615407950131198,1701,40,16,0.16237475875786644,0.00016812993760143816,0.0001567554162005397,5.056538780246315e-07,-3.787950878198929e-12,-3.7004197144107997e-09,2.432715940510732e-12,Tilia_Oliveri_11.ab.jpg,Tilia_Oliveri
279902.5,2337.1971685886383,0.6745971493146246,0.6439111396835031,0.933982788706437,0.8532049619917801,596.9781668287659,1.06838913657225,0.445333749432577,0.0061628602816832185,1725,43,16,0.1625264175982774,0.0003472283549344427,0.0001287965788835948,4.5559127257062167e-07,2.313607123230355e-12,6.123284419152895e-09,-2.61280532870201e-12,Tilia_Oliveri_12.ab.jpg,Tilia_Oliveri
307347.5,2502.677400112152,0.6645638730309104,0.6166373196648055,0.9302904551727709,0.8466351043848688,625.5613406976893,1.0306658458266447,0.36726950112899315,0.006325088051777466,1944,39,15,0.1636999898279176,0.0001525331571811154,0.0002539686103435092,3.61821768632438e-07,-3.3395731661807024e-12,-2.8853805695368947e-09,-9.365945182561903e-13,Tilia_Oliveri_13.ab.jpg,Tilia_Oliveri
285236.5,2354.250994324684,0.6857042233189278,0.6467097935117776,0.9355467180486718,0.8543139731946359,602.6395202787909,1.0128743753810872,0.34530620954039276,0.006250953156393901,1783,41,15,0.16364302992306592,0.0003936497422264872,0.00017784449718423202,1.7522831545020763e-06,-3.0921731142766823e-11,-3.415913621663482e-08,8.469452995403734e-13,Tilia_Oliveri_14.ab.jpg,Tilia_Oliveri
269504.0,2279.4398087263107,0.6779360862898506,0.6518067027571096,0.9417306271031233,0.8580430519770709,585.7842181762029,1.07190155453041,0.4276385123797951,0.00594425314649896,1602,31,12,0.16344194204404483,0.0003207632235779741,0.00016358209971821893,9.381935681972957e-07,-7.360563897547935e-12,1.0983102044702054e-09,-8.994941190534905e-12,Tilia_Oliveri_15.ab.jpg,Tilia_Oliveri
307969.0,2518.434756755829,0.6383306388081119,0.6101764727894152,0.931817666073334,0.8384237150394296,626.1935079131237,1.10358884522418,0.44852138998082597,0.008094970597663741,2493,58,23,0.16406872447565962,0.0004264486851148861,0.00015250223641507545,1.0753155788949238e-06,-1.3018168410545026e-11,-2.1169221293695152e-08,-4.488567751993828e-12,Tilia_Oliveri_16.ab.jpg,Tilia_Oliveri
200331.5,1991.8346899747849,0.6369152460445073,0.6345305307862562,0.9370064008524949,0.8616280469237919,505.04454046758315,1.0314599495760302,0.5543639357885527,0.006439326815770663,1290,22,8,0.16354748418812637,0.00034278393372719614,0.00023784082746699663,2.8196981619149682e-06,7.231830460031055e-11,5.2201185711785524e-08,-1.0105123759874577e-11,Tilia_Platyphyllos_01.ab.jpg,Tilia_Platyphyllos
296688.5,2426.5941400527954,0.6749670124654769,0.6331641076396625,0.9375747568643985,0.8462935064657701,614.6181991026285,1.0155384686845343,0.4629543395152846,0.004604155536852274,1366,14,6,0.16154223472471496,0.00018208818960562995,8.346855696576505e-05,3.6919152545238263e-07,2.031724498416142e-12,4.545842987599953e-09,2.690240738017731e-13,Tilia_Platyphyllos_02.ab.jpg,Tilia_Platyphyllos
364531.5,2680.4175111055374,0.6753760101961378,0.6375878517513189,0.9486201956644422,0.8577211799097075,681.2752168555861,1.064526733666471,0.4482967907360623,0.004575736253233052,1668,11,6,0.1633568956101595,0.00017452944508717334,0.00025461832008269675,1.1452770036630512e-06,4.884384292999265e-12,5.856075492321352e-09,1.8937630089927677e-11,Tilia_Platyphyllos_03.ab.jpg,Tilia_Platyphyllos
238854.5,2119.8001985549927,0.6892015108169872,0.6679645814491002,0.9505682010345196,0.8769866198486551,551.4698494368889,1.0448541252198091,0.6285641148193357,0.004312248670197496,1030,14,7,0.16483242294371026,0.001080712479904995,0.00011921813791804828,3.929015302009455e-06,8.465135967035633e-11,1.263971419238088e-07,8.066367054338001e-12,Tilia_Platyphyllos_04.ab.jpg,Tilia_Platyphyllos
439422.0,2901.204306960106,0.6987274383862673,0.656047120136249,0.9500708085122643,0.8615480254095004,747.9902855162055,1.0415075503318376,0.37011367915927157,0.004738042246394723,2082,32,11,0.16220587039386059,3.4496023175106246e-05,0.00019049068243898924,1.0593167030941609e-07,3.1938374451170257e-13,1.789322042062064e-10,-3.5275063161551664e-13,Tilia_Platyphyllos_05.ab.jpg,Tilia_Platyphyllos
256553.5,2260.427617788315,0.6484617095582067,0.630966930594579,0.9452495914869922,0.854885731061732,571.5365793544737,1.0748553834283285,0.5169826274026165,0.005269855994927881,1352,17,8,0.1635748530025286,0.0002481873501652002,0.0002757499007554785,2.711147362124935e-06,7.406853963986252e-11,4.267476303129609e-08,2.9900684585453322e-12,Tilia_Platyphyllos_06.ab.jpg,Tilia_Platyphyllos
318658.0,2475.121046900749,0.6852860215039026,0.6536447897734865,0.9493871519370128,0.8666831889113737,636.9677910587139,1.001920727681083,0.430448799941416,0.0053223204815026695,1696,30,11,0.1632203993447644,0.00010567535912016525,0.0002676302422303992,8.560437608885545e-07,1.0086139466350795e-11,6.348841239196157e-09,8.13382547699541e-12,Tilia_Platyphyllos_07.ab.jpg,Tilia_Platyphyllos
213233.0,2108.4204757213593,0.6606017609169524,0.6027675038508906,0.9409732181822391,0.8391043331819003,521.0534404862067,1.0846001500871132,0.548620092469235,0.007184629020802668,1532,33,12,0.1648728711595866,0.0004165458645181044,0.00035773817275215326,3.5773348641151316e-06,1.1268495426909621e-10,6.888184384693531e-08,-6.065861561285882e-11,Tilia_Platyphyllos_08.ab.jpg,Tilia_Platyphyllos
207933.5,2051.6336789131165,0.6439164498927167,0.6207756716329053,0.9436295976903468,0.8463711796803243,514.5378070416099,1.1219099493632199,0.5218435391677712,0.006492460329833853,1350,21,9,0.16386933943829587,0.00048076957895376745,0.00023418268695277796,2.4385051295212343e-06,1.0491992414397449e-11,-1.7306154217872153e-08,-5.732007200751197e-11,Tilia_Platyphyllos_09.ab.jpg,Tilia_Platyphyllos
209189.0,2029.3910374641418,0.6523497676718983,0.6382888114921244,0.9451153670604322,0.8608155160113826,516.0888558413211,1.0472979237954059,0.5536478299251268,0.005253622322372335,1099,10,6,0.16399166310998153,0.00037629648440754964,0.00026967608221424176,2.0004697543958853e-06,2.5212701532561013e-11,-2.9827503774751614e-09,-3.902882107530443e-11,Tilia_Platyphyllos_10.ab.jpg,Tilia_Platyphyllos
216659.0,2006.9057567119598,0.6661470535765179,0.6759781230132267,0.9485862645644583,0.8789010937952179,525.2226256767464,1.0212467358655146,0.5033867026751845,0.005949441287895036,1289,22,8,0.16261327655261026,0.0001862378026943436,0.0002097169027172853,1.630994076598632e-06,2.727381557319129e-11,1.851858916685018e-08,1.2885361228744308e-11,Tilia_Platyphyllos_11.ab.jpg,Tilia_Platyphyllos
203069.5,2053.207271695137,0.6797123424287225,0.6053255093179942,0.9357825856503961,0.8445389017842566,508.48413714647694,1.1469479482512075,0.5585132654767576,0.007081319449710167,1438,31,12,0.16547185529698927,0.0005131156158827171,0.00037276045356842384,1.6083912345867553e-06,-3.5718553158104555e-11,-3.5214222184732775e-08,-1.6587959888231575e-11,Tilia_Platyphyllos_12.ab.jpg,Tilia_Platyphyllos
263084.0,2261.415424823761,0.6880261523355657,0.6464628911556186,0.945192732599653,0.8699744585176215,578.7650234655732,1.0251035891152296,0.4796906225625302,0.005887853309186846,1549,33,11,0.16502163622873084,0.0002672820090763333,0.00042737676219521567,9.416348594527238e-07,-4.553976795772711e-13,-6.686246027659019e-09,1.8884391786502e-11,Tilia_Platyphyllos_13.ab.jpg,Tilia_Platyphyllos
172423.5,1759.1828886270523,0.7050903529440663,0.7001391072731863,0.9559592386580917,0.8752517033412398,468.5471359870246,1.0168996436345004,0.2436448639747589,0.005161709395731082,890,8,5,0.16172476907270777,2.2702626119321375e-05,0.00019615368697908383,1.8307964093236135e-08,2.277781911911421e-14,8.665796329645885e-11,-2.616995303059571e-14,Tilia_Platyphyllos_14.ab.jpg,Tilia_Platyphyllos
210543.5,2050.26109623909,0.6589038480776535,0.629409596424586,0.9400438447621129,0.857716263240887,517.7569990709424,1.066926360805372,0.5270258078081567,0.0063074851514945485,1328,25,9,0.164072558504818,0.00025856138450497173,0.0003106868841283824,3.4589028745544107e-06,1.1265928436933997e-10,5.552501956999678e-08,-1.2838910069965135e-11,Tilia_Platyphyllos_15.ab.jpg,Tilia_Platyphyllos
274056.0,2354.72913312912,0.6589912280685908,0.6211082025018656,0.9395148089011482,0.8491730160220633,590.710535433337,1.0698790472910686,0.47822181699009453,0.005615640598981173,1539,25,10,0.16326390436775362,0.0002232613662864062,0.0002553742700031217,1.4471062819136168e-06,1.8858305609688512e-11,9.416501310772966e-09,2.0451231398628132e-11,Tilia_Platyphyllos_16.ab.jpg,Tilia_Platyphyllos
139625.0,1642.9402486085892,0.6902594930729821,0.6500241799170824,0.9379964999315573,0.8507489089761064,421.6349978757066,1.0011227091631776,0.4206750530472877,0.008422560429662147,1176,24,10,0.16116069785838244,0.0001423079143969725,4.0238933495207556e-05,2.3278927640333578e-07,6.995041140716761e-13,2.7721722505476443e-09,1.3531473056084115e-13,tilia_tomentosa_01.ab.jpg,Tilia_Tomentosa
140083.5,1642.981878876686,0.7219310451416103,0.6521256779530633,0.9390799820277461,0.8479198734740707,422.32671211386594,1.008142434107227,0.33805138498193016,0.009465782907983696,1326,34,12,0.1615856383524205,4.914343858832597e-05,4.674578522634334e-05,3.0248689335008323e-07,-5.41171345537834e-13,1.4112447458410817e-09,1.000459230211758e-12,tilia_tomentosa_02.ab.jpg,Tilia_Tomentosa
139789.5,1650.697606921196,0.7216878852609645,0.6446876818774053,0.9455714440261805,0.8383371832767763,421.8833006161254,1.0600000690534015,0.32582449517196777,0.00947853737219549,1325,26,12,0.1612551450580923,6.072012337971339e-05,8.600287349488735e-05,1.4276820002930473e-07,-4.468314550583303e-14,8.673242806763831e-10,4.982696274847143e-13,tilia_tomentosa_03.ab.jpg,Tilia_Tomentosa
140280.0,1702.1706939935684,0.7234470488088319,0.6084142860841161,0.9428369795278903,0.818824381356367,422.6228144994643,1.0437848575025404,0.2852217635071189,0.009652124322714199,1354,38,14,0.16198780680630637,4.8473337658981276e-05,0.0001479118327066794,8.018589129127062e-08,-1.1844793631069208e-13,4.903571052832947e-10,2.4945958866450515e-13,tilia_tomentosa_04.ab.jpg,Tilia_Tomentosa
139991.5,1660.1534496545792,0.6823394942549261,0.6382856294073096,0.9423071097959289,0.8472146970368146,422.1880075591827,1.065005409153872,0.48103028674645604,0.009014833043370384,1262,34,12,0.16249130582005972,0.00019714489495571824,0.00018215104024991123,5.152329157775679e-07,2.518164201073278e-12,1.168035388985654e-09,4.3096161644528104e-12,tilia_tomentosa_05.ab.jpg,Tilia_Tomentosa
139270.5,1626.8397425413132,0.6849818020820136,0.6612709617741614,0.9542964427218332,0.8656712613405211,421.09940395949087,1.036288546935678,0.6004045688633467,0.007108468771153198,990,13,8,0.1651663901821328,0.000917027125158303,0.0002712678132936502,4.226491981498687e-06,1.3907140473884307e-10,1.2168752943328891e-07,-3.3757124367289164e-11,tilia_tomentosa_06.ab.jpg,Tilia_Tomentosa
139896.5,1641.8103028535843,0.7399112507365453,0.652184930830349,0.9496322543574574,0.8446597792197561,422.0447321908457,1.1588089570544156,0.44071092096852155,0.008699288402435376,1217,22,10,0.16135710971511227,0.00014662703764137453,6.31917961746097e-05,1.5804312289163754e-08,-5.315841719424522e-15,-1.868017323430997e-10,1.4872596415694142e-14,tilia_tomentosa_07.ab.jpg,Tilia_Tomentosa
139901.0,1661.4255291223526,0.7242377180684152,0.6368965903844906,0.9462360500443271,0.8369065929877268,422.0515200162108,1.069043985928379,0.3196373999768219,0.011801202278669907,1651,35,15,0.16135873665718486,9.035207554625578e-05,7.690279862089536e-05,6.048378434944561e-08,-5.795936631119022e-14,-4.936638727197845e-10,1.1686219263482629e-13,tilia_tomentosa_08.ab.jpg,Tilia_Tomentosa
139788.5,1682.8397427797318,0.6835289227877193,0.6202914411682365,0.9359291099175409,0.8379900612961079,421.88179161847137,1.0720076043385174,0.5295647736877314,0.009077999978474065,1269,25,11,0.1627672243866906,0.0004149627041841993,0.0001102518861718465,8.279038362163803e-07,7.298175545712334e-12,1.6316676373475923e-08,-3.049722508713264e-12,tilia_tomentosa_09.ab.jpg,Tilia_Tomentosa
139585.5,1608.0945769548416,0.7364434947729427,0.6783080885538634,0.9550478770832773,0.862554061776884,421.57535325446867,1.034602086031514,0.4754919731361878,0.0073646618022118,1028,15,8,0.1619748153802581,0.0003773912027993735,7.455961550623435e-05,2.0615536329032867e-07,7.844270359931938e-13,3.944619368340673e-09,-1.9477292254394946e-13,tilia_tomentosa_10.ab.jpg,Tilia_Tomentosa
139462.5,1632.2712008953094,0.7177208936061008,0.6577830432020381,0.9374779431719643,0.8589768795487459,421.38957035933817,1.2621727208232822,0.4761578453151593,0.009472080308258692,1321,26,13,0.16228131771466792,0.00038363524880172863,7.418835459328947e-05,3.8722802977703203e-07,1.4932019908238947e-12,6.332021703553964e-09,-1.4415113796524656e-12,tilia_tomentosa_11.ab.jpg,Tilia_Tomentosa
140000.0,1638.940245270729,0.7433720417735615,0.6549552989746348,0.9518143961862713,0.8373006497499058,422.2008245644752,1.0522415138108883,0.4318819813700349,0.010878571428493723,1523,36,15,0.16163406633593114,0.0002629108148249,2.1325169116771954e-05,3.576722451556171e-07,-9.723254810850544e-13,-4.993328562198454e-09,-1.742263826309183e-13,tilia_tomentosa_12.ab.jpg,Tilia_Tomentosa
139286.5,1587.869180560112,0.7179716494808351,0.6942077387280751,0.9596170804905364,0.8753523811009252,421.1235921291447,1.0269555867953848,0.4632605674651849,0.006282015844993721,875,14,7,0.16256467675752928,0.00022026496153154098,0.00018130157181370934,2.2385081152049588e-07,7.350952401512112e-13,2.2291932314344407e-09,-1.2220030438627738e-12,tilia_tomentosa_13.ab.jpg,Tilia_Tomentosa
140131.0,1677.6265370845795,0.6972732248559622,0.6256817832774755,0.9394991787004157,0.8355831449362109,422.39830804974,1.0168687848585614,0.3963443709621187,0.008656185997326385,1213,21,10,0.1626732255287457,0.00020715298001863607,0.00011738527634579232,5.179867886524515e-07,3.6169348413608215e-12,6.839118348564961e-09,-1.7978121785951324e-12,tilia_tomentosa_14.ab.jpg,Tilia_Tomentosa
140084.5,1620.8986179828644,0.7358306719295719,0.6700207373041039,0.9481056093931174,0.854649366073639,422.3282195217991,1.0011405147320838,0.2666872537456369,0.008123668214483945,1138,22,9,0.16151430631607872,3.345927485983956e-05,7.926949473054985e-05,3.827502732765615e-07,-1.9112923499610516e-12,7.954393752636879e-11,8.898121083193548e-13,tilia_tomentosa_15.ab.jpg,Tilia_Tomentosa
140360.0,1655.6021537780762,0.7150462314337347,0.6434891938305383,0.9496231546692987,0.8429313574012075,422.7433056820976,1.1406958943465344,0.4993284011115664,0.00889854659440796,1249,27,13,0.16265467053248084,0.000491975824838596,9.322570457855167e-05,5.23719573254895e-07,3.5411134599595486e-12,7.846034989685416e-09,9.230946844890146e-13,tilia_tomentosa_16.ab.jpg,Tilia_Tomentosa
268048.0,2456.2438497543335,0.6309981167593433,0.5583152296117081,0.9344177144995854,0.8640179044982591,584.1997205469812,1.445512692653395,0.8245635183207588,0.0054281322747962,1455,19,9,0.18498051600188947,0.008162735697615104,4.415532813520897e-05,2.065665229651123e-06,7.520004130192505e-12,-6.7078528279989e-08,1.823843931061038e-11,Ulmus_Bergmanniana_01.ab.jpg,Ulmus_Bergmanniana
220025.5,2271.9768242836,0.6206695684290116,0.53564257194222,0.9389256947738244,0.8823030833367806,529.2874147853192,2.202552717562639,0.8787719736630604,0.0052857509697499345,1163,7,5,0.20335392257147086,0.015229082945819676,5.604950420805992e-06,7.773963535166767e-06,5.0972780601039645e-11,9.591776352441576e-07,-5.9219230633805875e-12,Ulmus_Bergmanniana_02.ab.jpg,Ulmus_Bergmanniana
235201.5,2287.2905328273773,0.6508966376071651,0.5649464530386232,0.9334207748258442,0.867549954279604,547.2365583374592,1.5011397805257503,0.8210122952595023,0.005922581276029606,1393,30,10,0.1844192027430182,0.007804481403732011,5.8246894877632924e-05,9.777442283835877e-06,2.3189673403366244e-10,5.768287969980427e-07,-2.5840301886402522e-11,Ulmus_Bergmanniana_03.ab.jpg,Ulmus_Bergmanniana
255980.5,2483.0550322532654,0.610733747517248,0.52172789440423,0.9257951232886827,0.8667275670430472,570.8979727421348,1.7131071397029591,0.8631084105816106,0.0059692046854898356,1528,25,11,0.19349401118643134,0.011077208778246549,4.1108962136021326e-05,1.0414333082513016e-06,-6.3633691107315e-12,-8.322206165890616e-08,-2.437412206351449e-12,Ulmus_Bergmanniana_04.ab.jpg,Ulmus_Bergmanniana
333662.0,2787.6408203840256,0.6707960403032681,0.539564020187903,0.9441309087383958,0.8524034600075461,651.7911114578227,2.0769741824216785,0.8593283322594751,0.008115997626316105,2708,52,20,0.19402633785736642,0.01154454051939999,0.00017980286826130924,8.68652184308225e-06,-2.776400983391155e-10,-7.569308626709577e-07,2.0190906869766836e-10,Ulmus_Bergmanniana_05.ab.jpg,Ulmus_Bergmanniana
265464.5,2448.545366168022,0.6418899476973697,0.5564165077478838,0.9404163891650238,0.8779478116302262,581.3775873933804,2.1254731684112302,0.8627023322728548,0.005213503123750206,1384,19,7,0.19423814094841216,0.011699268790738881,6.752075704078239e-05,2.1848161657825257e-05,8.391501580248506e-10,2.2921095592828896e-06,2.0702103942187096e-12,Ulmus_Bergmanniana_06.ab.jpg,Ulmus_Bergmanniana
268301.5,2553.7169395685196,0.6204722315353989,0.5169963180299326,0.9349526776472117,0.8763559743965871,584.4759017374123,2.2853472577234415,0.8848737003083654,0.005523636655011158,1482,15,8,0.20532875882016755,0.015965681145107553,7.218939298349081e-05,3.780582916682189e-06,-2.896591780584382e-11,-4.0614237728723343e-07,5.533298976643697e-11,Ulmus_Bergmanniana_07.ab.jpg,Ulmus_Bergmanniana
217899.0,2298.361602663994,0.619413104099347,0.518356305778146,0.9286583403792273,0.8878743881963281,526.7234792167967,2.3778341655070805,0.888271877762641,0.006030316798121926,1314,6,5,0.20872207426358846,0.017234045974996236,2.4717056924107654e-05,4.1596589778531223e-07,-1.2452437002619583e-12,-5.1015165482684855e-08,4.778530256078489e-13,Ulmus_Bergmanniana_08.ab.jpg,Ulmus_Bergmanniana
192001.5,2036.4377208948135,0.6659434992953334,0.5817979945448927,0.9409462807137368,0.8681030713716312,494.4329099569206,1.9170304017934112,0.8307473691033934,0.006510365804399911,1250,25,9,0.18595387364022103,0.008730738619387132,2.9881242065241327e-06,3.0871038243608996e-07,1.128107272314994e-13,1.919057566195413e-08,2.7420172960400486e-13,Ulmus_Bergmanniana_09.ab.jpg,Ulmus_Bergmanniana
322710.0,2727.557557821274,0.6532353072142043,0.545097812765718,0.9388009204416655,0.855110203377041,641.0047842890756,2.002016129032258,0.8441362632169914,0.005596355861282277,1806,25,11,0.1892025431696548,0.009835316579230244,4.564074500074077e-05,2.8015840796737757e-06,9.023506820658461e-12,-9.425883136872193e-08,3.036747246047454e-11,Ulmus_Bergmanniana_10.ab.jpg,Ulmus_Bergmanniana
326914.0,2757.5331741571426,0.6773285928563907,0.5402588524808402,0.944046897106633,0.8439264179403272,645.1665153489841,2.011655488770369,0.852893992924964,0.007127256709693904,2330,33,13,0.1922042115450814,0.011142886746656823,5.13045803367009e-05,2.1907345455038032e-06,-2.308292136321979e-11,-2.2363057029985258e-07,-2.568406176901205e-12,Ulmus_Bergmanniana_11.ab.jpg,Ulmus_Bergmanniana
265487.0,2607.9007071256638,0.6091596397622688,0.4905361518647321,0.9091335584274159,0.8555869127332092,581.4022248092143,1.8456968885777394,0.8705741352501304,0.008467457916928258,2248,33,14,0.19851445982932,0.012906057179157035,0.0001004560364333289,4.025248442929947e-06,-8.073163190115128e-12,-1.5120681170972106e-08,-8.053896983509554e-11,Ulmus_Bergmanniana_12.ab.jpg,Ulmus_Bergmanniana
317317.0,2760.528121113777,0.630894060010993,0.5232615851686904,0.9382303198004239,0.8553585630164414,635.6261107103197,2.0236720600138223,0.8653376998804442,0.007062338292599947,2241,30,13,0.1983664157678745,0.013296709365139605,9.867798317514474e-05,4.448283028698748e-06,-6.76094478871576e-11,-3.460924799519765e-07,-6.414449375668542e-11,Ulmus_Bergmanniana_13.ab.jpg,Ulmus_Bergmanniana
302062.0,2641.013400554657,0.6258225183551585,0.5442077822472021,0.9222830675161259,0.862986945359928,620.159079077129,1.693387511049902,0.8342413139740118,0.005207540173854349,1573,33,12,0.18517956632907068,0.008087790390729072,2.2814595236869426e-05,1.8037708755014963e-06,1.1318808213421165e-11,2.1776299386042643e-08,-2.4035961394051122e-12,Ulmus_Bergmanniana_14.ab.jpg,Ulmus_Bergmanniana
260501.5,2405.716938495636,0.6504212108484879,0.5656281827426324,0.9397041662349113,0.8768971074752467,575.9173649603101,1.9391457101523104,0.853813406580771,0.004932793093302984,1285,14,7,0.19208738089080946,0.010985746766253175,4.4599751088935524e-05,1.6639805587325031e-06,-1.4326419584675802e-11,-1.6482795674642867e-07,-4.871425865193343e-13,Ulmus_Bergmanniana_15.ab.jpg,Ulmus_Bergmanniana
222659.0,2369.81744325161,0.5910150236221505,0.4982190561389943,0.9089550806926437,0.8681752080467832,532.445531290466,2.108174003328241,0.8748847106015506,0.006305606330728577,1404,10,6,0.20013849587429866,0.0132899409355637,0.00011076840578297419,5.0410549359337575e-05,3.757932329640686e-09,5.56807621232883e-06,-2.605239797965452e-10,Ulmus_Bergmanniana_16.ab.jpg,Ulmus_Bergmanniana
126670.0,1566.13620531559,0.6764608499648794,0.648969931902661,0.9576732177278968,0.9197767323022598,401.5983729195165,2.043046357615894,0.8555385886153821,0.004736717454766427,600,0,2,0.19645368281901698,0.01280001779472283,8.389091622301019e-05,1.3484385847160175e-05,4.5323222018810884e-10,1.5254153742640573e-06,1.6380343635084372e-11,Viburnum_Tinus_01.ab.jpg,Viburnum_Tinus
99508.5,1367.325027704239,0.6827341337860533,0.668846589946813,0.9781772069677802,0.938599379179607,355.9468460841856,2.1378687594808707,0.8733266411379103,0.005386474522222861,536,8,4,0.20283916845615807,0.015398687065055702,9.48984508052374e-05,2.2143132783310813e-05,1.0148808449038693e-09,2.727918589431644e-06,-1.8622580961106013e-11,Viburnum_Tinus_02.ab.jpg,Viburnum_Tinus
170701.0,1811.640823483467,0.6651794064441939,0.6535844821278302,0.9800432892920418,0.9400444384407364,466.2008832315068,2.17201166180758,0.8834227656826927,0.004253050655800182,726,0,2,0.20427087463087718,0.015786567325327495,0.00018531933019466624,4.595420085764887e-05,4.2280795498685705e-09,5.726570871129682e-06,3.28269451183913e-10,Viburnum_Tinus_03.ab.jpg,Viburnum_Tinus
101985.5,1425.4082878828049,0.6597587009919798,0.6307681184117228,0.9731812282818698,0.9382758212846098,360.3497906057223,2.263844953516996,0.8829465055347195,0.0056576670212367675,577,0,2,0.20637309731058343,0.016616550948347793,0.0001398446086469125,3.696695599249558e-05,2.656760826476394e-09,4.755278626178288e-06,-7.879887077176167e-11,Viburnum_Tinus_04.ab.jpg,Viburnum_Tinus
123446.5,1569.0062627792358,0.6684345895567011,0.6301432535758167,0.9752718711532136,0.9336013603611092,396.45550249573944,2.276127047579876,0.8882196642414364,0.0051520294216105605,636,0,2,0.2096143719178446,0.01810129573115114,0.0001327851726470051,2.8475082184200744e-05,1.723744701777074e-09,3.526078240746229e-06,-3.0742364102296707e-10,Viburnum_Tinus_05.ab.jpg,Viburnum_Tinus
75937.0,1198.7981112003326,0.6845796709426678,0.6640047707745026,0.973445201471975,0.9465646783360717,310.94371083614806,2.186007361727324,0.8794953868150076,0.006268354030232057,476,0,2,0.20529251975138843,0.016108009035666435,0.00017276030245368178,9.090545392290265e-06,-3.5606256816989927e-10,-1.1528016490780074e-06,5.4783592999352424e-11,Viburnum_Tinus_06.ab.jpg,Viburnum_Tinus
96522.5,1341.2661519050598,0.7115030222562914,0.6742306574632954,0.9657513344676274,0.9310457796606119,350.565634306473,2.090551181102362,0.8568624984642992,0.00525266129653446,507,3,2,0.19679109779481033,0.01309714031263202,4.383775490603706e-06,2.1338023972929935e-07,-1.8271152571831847e-13,-2.126383483197551e-08,-9.595216567656077e-14,Viburnum_Tinus_07.ab.jpg,Viburnum_Tinus
131980.0,1629.6753097772598,0.654020356987413,0.6244760922976389,0.9674073585339548,0.9316727261789871,409.92945138663407,2.146351700186824,0.8829529912401821,0.004917411729012597,649,0,2,0.20754736312121463,0.016861081853802567,0.00027495036842825485,7.532128307149739e-05,1.0832766694904296e-08,9.748247302554044e-06,-3.780640953405335e-10,Viburnum_Tinus_08.ab.jpg,Viburnum_Tinus
156540.0,1686.1017154455185,0.6902085969608149,0.6919387505498988,0.9791522020542608,0.9378229259301757,446.44475395377015,2.0,0.8453345417587618,0.0041778459179495474,654,0,2,0.19445152696427814,0.011723658144991475,0.00021659617730743197,2.9804413374601986e-05,2.275958961784947e-09,2.7012814042910174e-06,7.446279153024783e-10,Viburnum_Tinus_09.ab.jpg,Viburnum_Tinus
141434.5,1620.6042444705963,0.692763028993472,0.6767235332527167,0.9694665122046935,0.930242052430611,424.3583372455941,2.009478280453946,0.8589142383044147,0.0041574014826357255,588,4,3,0.19756128888292404,0.013206745849901341,0.00011899966121722738,6.376042579100592e-06,-1.0373091682313488e-10,-5.327837898162885e-07,1.4172484667127257e-10,Viburnum_Tinus_10.ab.jpg,Viburnum_Tinus
73602.5,1147.5016505718231,0.7301835317387879,0.7024182587601966,0.9726517073557902,0.9406577230551515,306.1267933248735,2.013452914798206,0.8511869490427693,0.005257973574195741,387,0,2,0.1947213439635008,0.012132718038847119,9.671952404261851e-05,4.695676353200471e-06,-9.793124491488303e-11,-4.973653743668814e-07,-2.057899514416475e-11,Viburnum_Tinus_11.ab.jpg,Viburnum_Tinus
138802.5,1571.7169408798218,0.6875665634640863,0.7060874360537313,0.9808428171094571,0.9373844940373441,420.3912842913164,1.8814604150146321,0.840907083260678,0.0042002125321647646,583,0,2,0.19074420348891852,0.010814687784784218,1.3821519971745769e-05,1.7296560099774552e-06,8.455784307743611e-12,1.793809502287237e-07,-1.4474196865764387e-13,Viburnum_Tinus_12.ab.jpg,Viburnum_Tinus
97001.5,1285.8103067874908,0.7187212886346083,0.7372834899557327,0.9695689982511089,0.9383772578432614,351.4344116597404,1.7745454545454546,0.8085922424380265,0.004072101977762487,395,0,2,0.18303658794844205,0.007879616167087674,3.2678532612595705e-05,1.9416443570366054e-06,3.1784925678827037e-12,-3.846643584044381e-08,1.513614639433805e-11,Viburnum_Tinus_13.ab.jpg,Viburnum_Tinus
164226.0,1758.327113866806,0.6910123706105739,0.6675017872741162,0.9688878138226432,0.9306398273862184,457.27348214572515,2.068049045420256,0.8622043936149202,0.003915336183040959,643,0,2,0.19736705917653116,0.013260158913410269,4.699957825286816e-05,5.028509011824141e-06,5.523386717123563e-11,2.886369951360337e-07,5.408543839303322e-11,Viburnum_Tinus_14.ab.jpg,Viburnum_Tinus
161643.5,1800.084470629692,0.6434878323534589,0.6268770043905899,0.9739114979139807,0.9333230235759497,453.6638583239779,2.085937941431367,0.8856538172977884,0.004460432989854461,721,0,2,0.20745849550846157,0.0169465334539428,0.0002260475342272692,6.250988903751556e-05,7.424846261057912e-09,8.089829369533391e-06,-2.919664999304058e-10,Viburnum_Tinus_15.ab.jpg,Viburnum_Tinus
151912.5,1723.7169389724731,0.6735710516834629,0.6424975501113184,0.9838350867926063,0.9361823423061149,439.7965465298476,2.255351410062876,0.884184834960167,0.004548671109984045,691,0,2,0.20643729723700727,0.016657323683868904,0.00021744523476618146,5.673700644524318e-05,6.3018253956966124e-09,7.321186096475597e-06,-3.874486302871752e-11,Viburnum_Tinus_16.ab.jpg,Viburnum_Tinus
138713.0,1556.2783428430557,0.7154432547259421,0.719701620899931,0.9884630732763128,0.9337831724451154,420.2557280619131,1.8453103043505787,0.848292846094672,0.004044321729008497,561,0,2,0.19275622817839325,0.011430545934234823,0.0001375970590592237,2.4673233888194442e-05,1.4375086922119427e-09,2.6378222836196995e-06,-1.7778005725818593e-11,viburnum_x_rhytidophylloides_01.ab.jpg,Viburnum_x_Rhytidophylloides
139023.5,1589.0651388168335,0.7191589848602834,0.6918543592435963,0.9810180399116455,0.9150779853271278,420.7258226535292,1.901727524210155,0.841474167539603,0.005646527385617204,785,10,5,0.19045307060395544,0.010655463852201915,7.181153641721773e-05,1.0841273269458711e-05,3.0198753041704995e-10,1.1046488869077924e-06,1.750659784938053e-11,viburnum_x_rhytidophylloides_02.ab.jpg,Viburnum_x_Rhytidophylloides
138864.0,1562.763624072075,0.7032655376352034,0.7145176275717704,0.9859173929179721,0.9274242736825433,420.48440653620395,1.8664872509400967,0.8360068636265932,0.00403992395434353,561,0,2,0.18909420529374957,0.009999666885818635,0.00013218260580237116,1.9874876921452106e-05,1.0052978156379762e-09,1.8918149869272372e-06,-1.6466372163757034e-10,viburnum_x_rhytidophylloides_03.ab.jpg,Viburnum_x_Rhytidophylloides
138920.5,1583.8935664892197,0.7161588823553141,0.6958637484915313,0.9818223580685773,0.9232867945986898,420.5699396941978,1.9459946943262516,0.8539552261924368,0.0042254382902147235,587,3,3,0.1946490875401334,0.01217673021449576,0.00011684038425959685,2.1494973299635963e-05,1.0767341215074651e-09,2.3690825691006666e-06,-3.213888102693126e-11,viburnum_x_rhytidophylloides_04.ab.jpg,Viburnum_x_Rhytidophylloides
138925.5,1562.094577908516,0.737513935336107,0.7154465316474288,0.9823089568790913,0.9260740236192667,420.5775081624133,1.9182729342128277,0.8415369336715085,0.003800598162297054,528,0,2,0.1908318413312457,0.010877841652723907,3.535340927020235e-05,5.386332238895611e-06,7.42644660832381e-11,5.591571970552958e-07,-3.0845918912870677e-12,viburnum_x_rhytidophylloides_05.ab.jpg,Viburnum_x_Rhytidophylloides
138812.5,1578.9230029582977,0.719138872479774,0.6997075113463198,0.9829764935331,0.9233977914717691,420.40642752406836,1.911671924290221,0.848417463541337,0.003990995047247251,554,0,2,0.1926862608257205,0.011227584649940971,0.00022387246130389936,3.6579634306092985e-05,3.3101756466516086e-09,3.875549226661996e-06,-2.0510769941315084e-11,viburnum_x_rhytidophylloides_06.ab.jpg,Viburnum_x_Rhytidophylloides
138732.5,1563.8103054761887,0.7530805558530393,0.7128857521046571,0.986900137998585,0.9356173553420576,420.2852663845962,2.0232558139534884,0.8623347312225916,0.004144666894893808,575,0,2,0.19721684290194674,0.013200427093165684,0.00013113592240601265,2.2464908096982566e-05,1.1917717886934242e-09,2.4184686819223626e-06,2.577246921771372e-10,viburnum_x_rhytidophylloides_07.ab.jpg,Viburnum_x_Rhytidophylloides
138874.5,1576.2367120981216,0.736867657822966,0.7024080747409124,0.9863420870328923,0.9307567274903146,420.5003033950432,1.9516129032258065,0.858567013358315,0.003996414028464575,555,0,2,0.19729662227644207,0.013199446958319596,0.00015605603743192996,2.5221650880313068e-05,1.539485218492968e-09,2.6721493163862665e-06,3.657782590304623e-10,viburnum_x_rhytidophylloides_08.ab.jpg,Viburnum_x_Rhytidophylloides
138953.0,1549.9351955652237,0.724657105602479,0.7268599019911064,0.9884687068662166,0.9331629523371917,420.61913230330487,1.8179012345679013,0.8424986396163997,0.00394377955133071,548,0,2,0.19168979117001103,0.011105025826754282,0.00010871472898327319,1.6326375724199006e-05,6.69291301857991e-10,1.5802311791936784e-06,1.5860133096137273e-10,viburnum_x_rhytidophylloides_09.ab.jpg,Viburnum_x_Rhytidophylloides
138487.5,1516.7219948768616,0.7456589042899682,0.7564991943667573,0.9868737507011222,0.9368170637896021,419.9139929217778,1.7982208316972628,0.8203583405998081,0.003603213286371671,499,0,2,0.18556546596722012,0.008919150357268122,4.282874742352362e-05,5.799003589922787e-06,9.011133718064043e-11,5.246446265762034e-07,-1.5232972727072693e-11,viburnum_x_rhytidophylloides_10.ab.jpg,Viburnum_x_Rhytidophylloides
138646.0,1591.8519349098206,0.717941548081371,0.6875620047623591,0.9855906961464844,0.9303557995515852,420.15422158934854,1.9841948192929943,0.8720787956725106,0.0041472527155190396,575,0,2,0.2015507614848145,0.014936671095070046,0.00011739034911874272,2.4925721557672325e-05,1.3400771933584857e-09,2.973665753925177e-06,-1.487166783243359e-10,viburnum_x_rhytidophylloides_11.ab.jpg,Viburnum_x_Rhytidophylloides
138724.5,1531.9524413347244,0.7502839434019649,0.7428009766341351,0.9863731059862602,0.9271247338347897,420.2731483495146,1.796875,0.8201386033714366,0.0036258916052779003,503,0,2,0.18485053568774987,0.008673714705181471,4.969754810568469e-05,5.626302111106822e-06,9.292067008140579e-11,5.082429719906347e-07,1.4730542908843585e-11,viburnum_x_rhytidophylloides_12.ab.jpg,Viburnum_x_Rhytidophylloides
138622.5,1560.5798577070236,0.7206522247658226,0.7152726126795386,0.9845627716626568,0.927643430994792,420.11861276316966,1.905410600792795,0.8464385104702902,0.003780050136133888,524,0,2,0.19122844190494248,0.01094806249925533,9.715489703412822e-05,1.4490788860011787e-05,5.354886525372185e-10,1.4479849626182557e-06,-9.421595755867099e-11,viburnum_x_rhytidophylloides_13.ab.jpg,Viburnum_x_Rhytidophylloides
138883.5,1597.4671609401703,0.7300743302875958,0.6839063534739555,0.9877670185949299,0.9367318385761947,420.5139287957368,2.1204930301197757,0.8867551975926845,0.004168961755686104,579,0,2,0.20851676931787058,0.01747751445578006,0.00034441529418396505,7.849384448945273e-05,1.2892612116986126e-08,1.0320593376225137e-05,-5.896227694076469e-10,viburnum_x_rhytidophylloides_14.ab.jpg,Viburnum_x_Rhytidophylloides
138921.5,1585.952439546585,0.7516827729460339,0.6940631858063582,0.9827775262388382,0.9274147216159868,420.5714533987369,2.0433333333333334,0.859134574833533,0.004196614634853521,583,0,2,0.19725435577766187,0.013245175261964793,0.00011168563676259262,1.3818551681985904e-05,4.5471375393588477e-10,1.0882202073251522e-06,-2.965444974309691e-10,viburnum_x_rhytidophylloides_15.ab.jpg,Viburnum_x_Rhytidophylloides
138899.0,1559.5331765413284,0.7180914862340607,0.7176616625664521,0.9864180127263297,0.9349038212411322,420.53739372874963,1.8004197834992506,0.8427896599571741,0.0037941237877609332,527,0,2,0.191627314798408,0.011055449343033454,9.634137903554791e-05,1.2150545068557774e-05,3.776757662651467e-10,9.681395728041223e-07,1.7373387341671468e-10,viburnum_x_rhytidophylloides_16.ab.jpg,Viburnum_x_Rhytidophylloides
156817.5,1894.9818768501282,0.6347755865326226,0.5487749367372227,0.9320062047514411,0.8748641638460265,446.8402872464684,1.9321172451409054,0.8504592520049837,0.0075629314329869884,1186,14,7,0.19166019008231686,0.010052921854147997,0.0002703737739170813,7.72943303327481e-05,1.1170342382626451e-08,7.716022540098233e-06,-2.808807076970415e-10,Zelkova_Serrata_01.ab.jpg,Zelkova_Serrata
166945.5,2029.0651384592056,0.6012154278284312,0.5095568012308676,0.9340862549324995,0.8750861388592466,461.04404606890233,2.0499496187343196,0.8797118321751176,0.007852862161556598,1311,17,7,0.2057148366731755,0.015166668798144642,0.0006223022006804169,0.0001920223953222014,6.590535241130855e-08,2.2197882953836657e-05,-7.912728025796619e-09,Zelkova_Serrata_02.ab.jpg,Zelkova_Serrata
121800.5,1671.5849092006683,0.6463142199123059,0.5477748033740079,0.936818828589495,0.890199422065356,393.8035210209721,2.2024959014657424,0.8805809944312821,0.009105052934847518,1109,10,7,0.20522638367178492,0.015329495449289694,0.00046168442778716015,0.0001550910783266503,4.146210503348436e-08,1.894598132376435e-05,-1.7836590700270263e-09,Zelkova_Serrata_03.ab.jpg,Zelkova_Serrata
149465.0,1984.3960938453674,0.6050234779768255,0.4769717346601953,0.9150544875663337,0.8743421654028706,436.23932485946415,2.433772656208883,0.9064830697424224,0.009741411032618061,1456,20,10,0.2184471426754047,0.0204022058999378,0.0007322254442871991,0.00032831889436309955,1.6097001376271589e-07,4.667780814458862e-05,-1.592113577057111e-09,Zelkova_Serrata_04.ab.jpg,Zelkova_Serrata
132485.0,1806.371705174446,0.6198708651072855,0.5102257001660753,0.9233015426044002,0.8654609279999873,410.71296678366275,2.1369325037630222,0.8692550650096258,0.009457674453640354,1253,27,10,0.19944549101236358,0.012721381729056935,0.0005281066597703597,0.0001367901770689719,3.6631564491083915e-08,1.4617891552657514e-05,-3.1380506392061187e-09,Zelkova_Serrata_05.ab.jpg,Zelkova_Serrata
80642.0,1419.1757501363754,0.594039130174185,0.5031515221962479,0.9159388026201296,0.9024170272453749,320.43187008556595,2.3823529411764706,0.9090115723094127,0.009176359713186972,740,11,5,0.2214190067577318,0.020795183543333682,0.0013726492809260106,0.0005994499679047671,5.437511129445324e-07,8.633328435751087e-05,3.509681629971732e-09,Zelkova_Serrata_06.ab.jpg,Zelkova_Serrata
85917.5,1434.364566206932,0.6185698755148162,0.5247741083551719,0.9344241791365198,0.8848640014132286,330.74697063583716,2.1478366436344385,0.8864754536851652,0.009078476445321636,780,15,6,0.20625638070118363,0.015190852075827653,0.0008186862288597669,0.0002689239173001455,1.2613795976567305e-07,3.294052339026098e-05,3.3932250926219633e-09,Zelkova_Serrata_07.ab.jpg,Zelkova_Serrata
107848.5,1613.3595134019852,0.6188799752064748,0.5206689322390334,0.9420769657367295,0.8926876365038551,370.56305136962885,2.325902022115265,0.8984128889465638,0.007937059857040784,856,9,5,0.21651179136674525,0.019777237506795185,0.0007844504066431875,0.00029804601251267677,1.4409213246201734e-07,4.182256387052566e-05,2.53975787945547e-09,Zelkova_Serrata_08.ab.jpg,Zelkova_Serrata
93743.5,1514.5899631977081,0.61036090293703,0.5135241580554729,0.9294371929454104,0.8940566917355821,345.4821721332097,2.294573643410853,0.8934983453551203,0.008533925018710269,800,6,4,0.21219446510239742,0.017418609236502,0.0009422624587064564,0.00033530300486397723,1.8816489850087514e-07,4.298968218746886e-05,-1.0718793823054684e-08,Zelkova_Serrata_09.ab.jpg,Zelkova_Serrata
88372.0,1532.4061958789825,0.6111691275589669,0.4729080963688659,0.9140244816809932,0.8833012426830607,335.43810911602725,2.53781512605042,0.9133443101080263,0.008769746073317684,775,12,5,0.22759348990794442,0.0239962770827973,0.0011382269715067596,0.0005410991650638893,4.245322780219312e-07,8.316993038952745e-05,9.94020743759134e-09,Zelkova_Serrata_10.ab.jpg,Zelkova_Serrata
110452.5,1685.8447940349579,0.6070953522084299,0.48837141468648254,0.9231685402572346,0.8854116425455946,375.009987620144,2.4386644170144747,0.9106106484662833,0.009470134220506823,1046,12,7,0.22231206137561668,0.021965889024849316,0.0008577122114213493,0.00039105675184110443,2.2643924337684116e-07,5.743667507900852e-05,4.313546243864394e-09,Zelkova_Serrata_11.ab.jpg,Zelkova_Serrata
125582.0,1807.6854164600372,0.60696661688147,0.482938190560878,0.9163124810679466,0.8829534251790208,399.86993948899334,2.4482758620689653,0.9053856085077073,0.008806994632918674,1106,11,6,0.2175356091243294,0.02015465274427007,0.0006406695614459308,0.0002768018671251994,1.165226149436734e-07,3.882077353685357e-05,-3.1669586509204522e-09,Zelkova_Serrata_12.ab.jpg,Zelkova_Serrata
163836.0,1968.0529438257217,0.6303736393938109,0.5315518638768031,0.934171888625711,0.8748166159359876,456.73019831321653,2.161849710982659,0.8755832411575089,0.007580751483144237,1242,22,8,0.20035410366492643,0.013588261997675719,0.0003254026317566487,0.00010502673759191568,1.9415971272719778e-08,1.2227798720743909e-05,4.60746860038603e-11,Zelkova_Serrata_13.ab.jpg,Zelkova_Serrata
157593.5,1999.869179725647,0.6138252706994866,0.49515935661772814,0.9294700150931309,0.8764154509880547,447.9445012423089,2.386668161702111,0.8949126819583869,0.007931799217556995,1250,15,7,0.2119524896080723,0.018171512639078152,0.00045400440995557577,0.00017459740213925662,4.9134082245786854e-08,2.3269542299031846e-05,1.505797811926684e-09,Zelkova_Serrata_14.ab.jpg,Zelkova_Serrata
127384.0,1770.5138421058655,0.6163821468634286,0.5106532416368835,0.9263852981428049,0.8587419673039848,402.7286259586522,2.073015873015873,0.8700157540859469,0.011838221440590355,1508,27,12,0.20203811064109967,0.013711591661059086,0.0005590946880975044,0.00016996988146344906,5.2298541990132076e-08,1.9376774940686144e-05,3.199221124620618e-09,Zelkova_Serrata_15.ab.jpg,Zelkova_Serrata
90795.0,1532.5483323335648,0.5987496785130753,0.4857842580497753,0.9182156509686474,0.8703762690335549,340.0055653430236,2.22717548774782,0.8940026570318554,0.01041907594019033,946,15,7,0.21097355674990811,0.016783057306563817,0.001055978150653099,0.00037285324934659093,2.339416763824417e-07,4.815108875084276e-05,-2.5974208014819455e-09,Zelkova_Serrata_16.ab.jpg,Zelkova_Serrata
